path,type,size,permissions,modification_time,user,group,device_id,hard_links,special_device_id,inode,block_size,blocks,flags,generation,access_time,change_time,birth_time,file_type,basename,relative_path,folder,size_mb,last_modified,data_status,possible_duplicate,description
/Users/cjtinant/Documents/Rprojects_not-class/FFA_regional-skew/data/processed/koppen-climate/koppen-geiger.tif,file, 25.04M,rw-r--r--,2025-06-04T18:47:39Z,cjtinant,staff,16777234,1,0,216332965,4096,51280,64,0,2025-07-20T04:30:24Z,2025-07-20T01:54:27Z,2025-06-04T18:47:38Z,tif,koppen-geiger.tif,koppen-climate/koppen-geiger.tif,koppen-climate,26.25,2025-06-04T18:47:39Z,processed,FALSE,GeoTIFF raster
/Users/cjtinant/Documents/Rprojects_not-class/FFA_regional-skew/data/processed/modis/mod13a1_ndvi_timeseries/ndvi_2015353.tif,file,204.04M,rw-r--r--,2025-06-28T19:11:20Z,cjtinant,staff,16777234,1,0,224843762,4096,417888,64,0,2025-07-20T04:30:40Z,2025-07-14T18:25:13Z,2025-06-28T19:11:18Z,tif,ndvi_2015353.tif,modis/mod13a1_ndvi_timeseries/ndvi_2015353.tif,modis,213.96,2025-06-28T19:11:20Z,processed,FALSE,GeoTIFF raster
/Users/cjtinant/Documents/Rprojects_not-class/FFA_regional-skew/data/processed/modis/mod13a1_ndvi_timeseries/ndvi_2016001.tif,file,204.12M,rw-r--r--,2025-06-28T19:13:02Z,cjtinant,staff,16777234,1,0,224844147,4096,418032,64,0,2025-07-20T04:30:21Z,2025-07-14T18:25:21Z,2025-06-28T19:13:01Z,tif,ndvi_2016001.tif,modis/mod13a1_ndvi_timeseries/ndvi_2016001.tif,modis,214.03,2025-06-28T19:13:02Z,processed,FALSE,GeoTIFF raster
/Users/cjtinant/Documents/Rprojects_not-class/FFA_regional-skew/data/processed/modis/mod13a1_ndvi_timeseries/ndvi_2016017.tif,file,203.49M,rw-r--r--,2025-06-28T19:14:44Z,cjtinant,staff,16777234,1,0,224844281,4096,416752,64,0,2025-07-20T04:30:40Z,2025-07-14T18:25:27Z,2025-06-28T19:14:42Z,tif,ndvi_2016017.tif,modis/mod13a1_ndvi_timeseries/ndvi_2016017.tif,modis,213.37,2025-06-28T19:14:44Z,processed,FALSE,GeoTIFF raster
/Users/cjtinant/Documents/Rprojects_not-class/FFA_regional-skew/data/processed/modis/mod13a1_ndvi_timeseries/ndvi_2016033.tif,file,202.26M,rw-r--r--,2025-06-28T19:16:12Z,cjtinant,staff,16777234,1,0,224844391,4096,414224,64,0,2025-07-20T04:30:21Z,2025-07-14T18:25:34Z,2025-06-28T19:16:10Z,tif,ndvi_2016033.tif,modis/mod13a1_ndvi_timeseries/ndvi_2016033.tif,modis,212.08,2025-06-28T19:16:12Z,processed,FALSE,GeoTIFF raster
/Users/cjtinant/Documents/Rprojects_not-class/FFA_regional-skew/data/processed/modis/mod13a1_ndvi_timeseries/ndvi_2016049.tif,file,198.75M,rw-r--r--,2025-06-28T19:17:53Z,cjtinant,staff,16777234,1,0,224844851,4096,407032,64,0,2025-07-20T04:30:21Z,2025-07-14T18:25:42Z,2025-06-28T19:17:51Z,tif,ndvi_2016049.tif,modis/mod13a1_ndvi_timeseries/ndvi_2016049.tif,modis,208.4,2025-06-28T19:17:53Z,processed,FALSE,GeoTIFF raster
/Users/cjtinant/Documents/Rprojects_not-class/FFA_regional-skew/data/processed/modis/mod13a1_ndvi_timeseries/ndvi_2016065.tif,file,196.55M,rw-r--r--,2025-06-28T19:19:34Z,cjtinant,staff,16777234,1,0,224845011,4096,402536,64,0,2025-07-20T04:30:21Z,2025-07-14T18:25:49Z,2025-06-28T19:19:32Z,tif,ndvi_2016065.tif,modis/mod13a1_ndvi_timeseries/ndvi_2016065.tif,modis,206.1,2025-06-28T19:19:34Z,processed,FALSE,GeoTIFF raster
/Users/cjtinant/Documents/Rprojects_not-class/FFA_regional-skew/data/processed/modis/mod13a1_ndvi_timeseries/ndvi_2016081.tif,file,196.42M,rw-r--r--,2025-06-28T19:21:15Z,cjtinant,staff,16777234,1,0,224845136,4096,402272,64,0,2025-07-20T04:30:21Z,2025-07-14T18:25:57Z,2025-06-28T19:21:13Z,tif,ndvi_2016081.tif,modis/mod13a1_ndvi_timeseries/ndvi_2016081.tif,modis,205.96,2025-06-28T19:21:15Z,processed,FALSE,GeoTIFF raster
/Users/cjtinant/Documents/Rprojects_not-class/FFA_regional-skew/data/processed/modis/mod13a1_ndvi_timeseries/ndvi_2016097.tif,file,195.73M,rw-r--r--,2025-06-28T19:22:56Z,cjtinant,staff,16777234,1,0,224845307,4096,400856,64,0,2025-07-20T04:29:16Z,2025-07-14T18:26:04Z,2025-06-28T19:22:54Z,tif,ndvi_2016097.tif,modis/mod13a1_ndvi_timeseries/ndvi_2016097.tif,modis,205.24,2025-06-28T19:22:56Z,processed,FALSE,GeoTIFF raster
/Users/cjtinant/Documents/Rprojects_not-class/FFA_regional-skew/data/processed/modis/mod13a1_ndvi_timeseries/ndvi_2016113.tif,file,194.97M,rw-r--r--,2025-06-28T19:24:37Z,cjtinant,staff,16777234,1,0,224845463,4096,399312,64,0,2025-07-20T04:29:16Z,2025-07-14T18:26:10Z,2025-06-28T19:24:35Z,tif,ndvi_2016113.tif,modis/mod13a1_ndvi_timeseries/ndvi_2016113.tif,modis,204.44,2025-06-28T19:24:37Z,processed,FALSE,GeoTIFF raster
/Users/cjtinant/Documents/Rprojects_not-class/FFA_regional-skew/data/processed/modis/mod13a1_ndvi_timeseries/ndvi_2016129.tif,file,194.83M,rw-r--r--,2025-06-28T19:26:17Z,cjtinant,staff,16777234,1,0,224845734,4096,399016,64,0,2025-07-20T07:13:41Z,2025-07-14T18:26:29Z,2025-06-28T19:26:16Z,tif,ndvi_2016129.tif,modis/mod13a1_ndvi_timeseries/ndvi_2016129.tif,modis,204.3,2025-06-28T19:26:17Z,processed,FALSE,GeoTIFF raster
/Users/cjtinant/Documents/Rprojects_not-class/FFA_regional-skew/data/processed/modis/mod13a1_ndvi_timeseries/ndvi_2016145.tif,file,195.03M,rw-r--r--,2025-06-28T19:27:44Z,cjtinant,staff,16777234,1,0,224845993,4096,399424,64,0,2025-07-20T04:30:55Z,2025-07-14T18:26:50Z,2025-06-28T19:27:42Z,tif,ndvi_2016145.tif,modis/mod13a1_ndvi_timeseries/ndvi_2016145.tif,modis,204.5,2025-06-28T19:27:44Z,processed,FALSE,GeoTIFF raster
/Users/cjtinant/Documents/Rprojects_not-class/FFA_regional-skew/data/processed/modis/mod13a1_ndvi_timeseries/ndvi_2016161.tif,file,193.72M,rw-r--r--,2025-06-28T19:29:24Z,cjtinant,staff,16777234,1,0,224846182,4096,396736,64,0,2025-07-20T04:30:55Z,2025-07-14T18:27:12Z,2025-06-28T19:29:22Z,tif,ndvi_2016161.tif,modis/mod13a1_ndvi_timeseries/ndvi_2016161.tif,modis,203.13,2025-06-28T19:29:24Z,processed,FALSE,GeoTIFF raster
/Users/cjtinant/Documents/Rprojects_not-class/FFA_regional-skew/data/processed/modis/mod13a1_ndvi_timeseries/ndvi_2016177.tif,file,193.64M,rw-r--r--,2025-06-28T19:31:05Z,cjtinant,staff,16777234,1,0,224846319,4096,396568,64,0,2025-07-20T04:30:55Z,2025-07-14T18:27:47Z,2025-06-28T19:31:03Z,tif,ndvi_2016177.tif,modis/mod13a1_ndvi_timeseries/ndvi_2016177.tif,modis,203.04,2025-06-28T19:31:05Z,processed,FALSE,GeoTIFF raster
/Users/cjtinant/Documents/Rprojects_not-class/FFA_regional-skew/data/processed/modis/mod13a1_ndvi_timeseries/ndvi_2016193.tif,file,193.14M,rw-r--r--,2025-06-28T19:32:32Z,cjtinant,staff,16777234,1,0,224846477,4096,395560,64,0,2025-07-20T04:30:55Z,2025-07-14T18:28:09Z,2025-06-28T19:32:30Z,tif,ndvi_2016193.tif,modis/mod13a1_ndvi_timeseries/ndvi_2016193.tif,modis,202.52,2025-06-28T19:32:32Z,processed,FALSE,GeoTIFF raster
/Users/cjtinant/Documents/Rprojects_not-class/FFA_regional-skew/data/processed/modis/mod13a1_ndvi_timeseries/ndvi_2016209.tif,file,193.3M,rw-r--r--,2025-06-28T19:34:12Z,cjtinant,staff,16777234,1,0,224846742,4096,395880,64,0,2025-07-20T04:30:55Z,2025-07-14T18:28:17Z,2025-06-28T19:34:11Z,tif,ndvi_2016209.tif,modis/mod13a1_ndvi_timeseries/ndvi_2016209.tif,modis,202.69,2025-06-28T19:34:12Z,processed,FALSE,GeoTIFF raster
/Users/cjtinant/Documents/Rprojects_not-class/FFA_regional-skew/data/processed/modis/mod13a1_ndvi_timeseries/ndvi_2016225.tif,file,193.34M,rw-r--r--,2025-06-28T19:35:53Z,cjtinant,staff,16777234,1,0,224846880,4096,395960,64,0,2025-07-20T04:30:55Z,2025-07-14T18:28:27Z,2025-06-28T19:35:51Z,tif,ndvi_2016225.tif,modis/mod13a1_ndvi_timeseries/ndvi_2016225.tif,modis,202.73,2025-06-28T19:35:53Z,processed,FALSE,GeoTIFF raster
/Users/cjtinant/Documents/Rprojects_not-class/FFA_regional-skew/data/processed/modis/mod13a1_ndvi_timeseries/ndvi_2016241.tif,file,193.32M,rw-r--r--,2025-06-28T19:37:19Z,cjtinant,staff,16777234,1,0,224847053,4096,395920,64,0,2025-07-20T04:30:55Z,2025-07-14T18:28:33Z,2025-06-28T19:37:18Z,tif,ndvi_2016241.tif,modis/mod13a1_ndvi_timeseries/ndvi_2016241.tif,modis,202.71,2025-06-28T19:37:19Z,processed,FALSE,GeoTIFF raster
/Users/cjtinant/Documents/Rprojects_not-class/FFA_regional-skew/data/processed/modis/mod13a1_ndvi_timeseries/ndvi_2016257.tif,file,193.53M,rw-r--r--,2025-06-28T19:39:00Z,cjtinant,staff,16777234,1,0,224847442,4096,396352,64,0,2025-07-20T04:30:55Z,2025-07-14T18:28:39Z,2025-06-28T19:38:59Z,tif,ndvi_2016257.tif,modis/mod13a1_ndvi_timeseries/ndvi_2016257.tif,modis,202.93,2025-06-28T19:39:00Z,processed,FALSE,GeoTIFF raster
/Users/cjtinant/Documents/Rprojects_not-class/FFA_regional-skew/data/processed/modis/mod13a1_ndvi_timeseries/ndvi_2016273.tif,file,193.87M,rw-r--r--,2025-06-28T19:40:41Z,cjtinant,staff,16777234,1,0,224847607,4096,397056,64,0,2025-07-20T04:30:40Z,2025-07-14T18:29:03Z,2025-06-28T19:40:39Z,tif,ndvi_2016273.tif,modis/mod13a1_ndvi_timeseries/ndvi_2016273.tif,modis,203.29,2025-06-28T19:40:41Z,processed,FALSE,GeoTIFF raster
/Users/cjtinant/Documents/Rprojects_not-class/FFA_regional-skew/data/processed/modis/mod13a1_ndvi_timeseries/ndvi_2016289.tif,file,194.01M,rw-r--r--,2025-06-28T19:42:21Z,cjtinant,staff,16777234,1,0,224847739,4096,397344,64,0,2025-07-20T04:30:40Z,2025-07-14T18:29:29Z,2025-06-28T19:42:20Z,tif,ndvi_2016289.tif,modis/mod13a1_ndvi_timeseries/ndvi_2016289.tif,modis,203.44,2025-06-28T19:42:21Z,processed,FALSE,GeoTIFF raster
/Users/cjtinant/Documents/Rprojects_not-class/FFA_regional-skew/data/processed/modis/mod13a1_ndvi_timeseries/ndvi_2016305.tif,file,193.64M,rw-r--r--,2025-06-28T19:43:48Z,cjtinant,staff,16777234,1,0,224848018,4096,396584,64,0,2025-07-20T04:30:40Z,2025-07-14T18:30:10Z,2025-06-28T19:43:47Z,tif,ndvi_2016305.tif,modis/mod13a1_ndvi_timeseries/ndvi_2016305.tif,modis,203.05,2025-06-28T19:43:48Z,processed,FALSE,GeoTIFF raster
/Users/cjtinant/Documents/Rprojects_not-class/FFA_regional-skew/data/processed/modis/mod13a1_ndvi_timeseries/ndvi_2016321.tif,file,196.95M,rw-r--r--,2025-06-28T19:45:29Z,cjtinant,staff,16777234,1,0,224848140,4096,403344,64,0,2025-07-20T04:30:40Z,2025-07-14T18:30:35Z,2025-06-28T19:45:28Z,tif,ndvi_2016321.tif,modis/mod13a1_ndvi_timeseries/ndvi_2016321.tif,modis,206.51,2025-06-28T19:45:29Z,processed,FALSE,GeoTIFF raster
/Users/cjtinant/Documents/Rprojects_not-class/FFA_regional-skew/data/processed/modis/mod13a1_ndvi_timeseries/ndvi_2016337.tif,file,202.2M,rw-r--r--,2025-06-28T19:47:11Z,cjtinant,staff,16777234,1,0,224848262,4096,414112,64,0,2025-07-20T07:13:42Z,2025-07-14T18:31:05Z,2025-06-28T19:47:09Z,tif,ndvi_2016337.tif,modis/mod13a1_ndvi_timeseries/ndvi_2016337.tif,modis,212.02,2025-06-28T19:47:11Z,processed,FALSE,GeoTIFF raster
/Users/cjtinant/Documents/Rprojects_not-class/FFA_regional-skew/data/processed/modis/mod13a1_ndvi_timeseries/ndvi_2016353.tif,file,202.17M,rw-r--r--,2025-06-28T19:48:39Z,cjtinant,staff,16777234,1,0,224848364,4096,414048,64,0,2025-07-20T07:13:43Z,2025-07-14T18:31:47Z,2025-06-28T19:48:37Z,tif,ndvi_2016353.tif,modis/mod13a1_ndvi_timeseries/ndvi_2016353.tif,modis,211.99,2025-06-28T19:48:39Z,processed,FALSE,GeoTIFF raster
/Users/cjtinant/Documents/Rprojects_not-class/FFA_regional-skew/data/processed/modis/mod13a1_ndvi_timeseries/ndvi_2016_stack.tif,file,  4.64G,rw-r--r--,2025-06-28T19:56:36Z,cjtinant,staff,16777234,1,0,224849580,4096,9739272,64,0,2025-07-20T18:30:01Z,2025-07-20T03:40:24Z,2025-06-28T19:55:42Z,tif,ndvi_2016_stack.tif,modis/mod13a1_ndvi_timeseries/ndvi_2016_stack.tif,modis,4986.51,2025-06-28T19:56:36Z,processed,FALSE,GeoTIFF raster
/Users/cjtinant/Documents/Rprojects_not-class/FFA_regional-skew/data/processed/ned/elev_30m_gp.tif,file,946.47M,rw-r--r--,2025-06-25T19:40:20Z,cjtinant,staff,16777234,1,0,223123484,4096,1938368,64,0,2025-07-20T07:14:33Z,2025-07-14T18:39:04Z,2025-06-25T19:39:34Z,tif,elev_30m_gp.tif,ned/elev_30m_gp.tif,ned,992.44,2025-06-25T19:40:20Z,processed,FALSE,GeoTIFF raster
/Users/cjtinant/Documents/Rprojects_not-class/FFA_regional-skew/data/processed/ned/slope_30m_gp.tif,file,836.55M,rw-r--r--,2025-06-25T19:44:26Z,cjtinant,staff,16777234,1,0,223124362,4096,1713264,64,0,2025-07-20T07:13:44Z,2025-07-14T18:40:05Z,2025-06-25T19:43:44Z,tif,slope_30m_gp.tif,ned/slope_30m_gp.tif,ned,877.19,2025-06-25T19:44:26Z,processed,FALSE,GeoTIFF raster
/Users/cjtinant/Documents/Rprojects_not-class/FFA_regional-skew/data/processed/nlcd/nlcd_2016_gp.tif,file,  2.15G,rw-r--r--,2025-06-24T19:08:02Z,cjtinant,staff,16777234,1,0,222895279,4096,4507104,64,0,2025-07-21T10:53:02Z,2025-07-14T18:53:06Z,2025-06-24T19:05:40Z,tif,nlcd_2016_gp.tif,nlcd/nlcd_2016_gp.tif,nlcd,2307.63,2025-06-24T19:08:02Z,processed,FALSE,GeoTIFF raster
/Users/cjtinant/Documents/Rprojects_not-class/FFA_regional-skew/data/processed/phzm/phzm.tif,file, 62.9M,rw-r--r--,2025-06-18T20:49:24Z,cjtinant,staff,16777234,1,0,221100102,4096,128832,64,0,2025-07-20T04:30:25Z,2025-07-14T18:53:17Z,2025-06-18T20:49:23Z,tif,phzm.tif,phzm/phzm.tif,phzm,65.96,2025-06-18T20:49:24Z,processed,FALSE,GeoTIFF raster
/Users/cjtinant/Documents/Rprojects_not-class/FFA_regional-skew/data/processed/prism/ppt_0101_mm.tif,file, 62.05M,rw-r--r--,2025-05-15T01:26:00Z,cjtinant,staff,16777234,1,0,209559879,4096,127080,64,0,2025-07-21T11:21:47Z,2025-07-14T18:53:26Z,2025-05-15T01:26:00Z,tif,ppt_0101_mm.tif,prism/ppt_0101_mm.tif,prism,65.06,2025-05-15T01:26:00Z,processed,FALSE,GeoTIFF raster
/Users/cjtinant/Documents/Rprojects_not-class/FFA_regional-skew/data/processed/prism/ppt_0102_mm.tif,file, 62.09M,rw-r--r--,2025-05-15T01:26:00Z,cjtinant,staff,16777234,1,0,209559880,4096,127160,64,0,2025-07-21T11:21:47Z,2025-07-14T18:53:34Z,2025-05-15T01:26:00Z,tif,ppt_0102_mm.tif,prism/ppt_0102_mm.tif,prism,65.1,2025-05-15T01:26:00Z,processed,FALSE,GeoTIFF raster
/Users/cjtinant/Documents/Rprojects_not-class/FFA_regional-skew/data/processed/prism/ppt_0103_mm.tif,file, 62.13M,rw-r--r--,2025-05-15T01:26:00Z,cjtinant,staff,16777234,1,0,209559884,4096,127248,64,0,2025-07-21T11:21:47Z,2025-07-14T18:53:43Z,2025-05-15T01:26:00Z,tif,ppt_0103_mm.tif,prism/ppt_0103_mm.tif,prism,65.15,2025-05-15T01:26:00Z,processed,FALSE,GeoTIFF raster
/Users/cjtinant/Documents/Rprojects_not-class/FFA_regional-skew/data/processed/prism/ppt_0104_mm.tif,file, 62.17M,rw-r--r--,2025-05-15T01:26:00Z,cjtinant,staff,16777234,1,0,209559885,4096,127328,64,0,2025-07-21T11:21:47Z,2025-07-14T18:53:54Z,2025-05-15T01:26:00Z,tif,ppt_0104_mm.tif,prism/ppt_0104_mm.tif,prism,65.19,2025-05-15T01:26:00Z,processed,FALSE,GeoTIFF raster
/Users/cjtinant/Documents/Rprojects_not-class/FFA_regional-skew/data/processed/prism/ppt_0105_mm.tif,file, 62.21M,rw-r--r--,2025-05-15T01:26:00Z,cjtinant,staff,16777234,1,0,209559886,4096,127400,64,0,2025-07-21T11:21:47Z,2025-07-14T18:53:59Z,2025-05-15T01:26:00Z,tif,ppt_0105_mm.tif,prism/ppt_0105_mm.tif,prism,65.23,2025-05-15T01:26:00Z,processed,FALSE,GeoTIFF raster
/Users/cjtinant/Documents/Rprojects_not-class/FFA_regional-skew/data/processed/prism/ppt_0106_mm.tif,file, 62.24M,rw-r--r--,2025-05-15T01:26:00Z,cjtinant,staff,16777234,1,0,209559887,4096,127464,64,0,2025-07-21T11:21:47Z,2025-07-14T18:54:07Z,2025-05-15T01:26:00Z,tif,ppt_0106_mm.tif,prism/ppt_0106_mm.tif,prism,65.26,2025-05-15T01:26:00Z,processed,FALSE,GeoTIFF raster
/Users/cjtinant/Documents/Rprojects_not-class/FFA_regional-skew/data/processed/prism/ppt_0107_mm.tif,file, 62.26M,rw-r--r--,2025-05-15T01:26:01Z,cjtinant,staff,16777234,1,0,209559888,4096,127520,64,0,2025-07-21T11:21:47Z,2025-07-14T18:54:15Z,2025-05-15T01:26:00Z,tif,ppt_0107_mm.tif,prism/ppt_0107_mm.tif,prism,65.29,2025-05-15T01:26:01Z,processed,FALSE,GeoTIFF raster
/Users/cjtinant/Documents/Rprojects_not-class/FFA_regional-skew/data/processed/prism/ppt_0108_mm.tif,file, 62.28M,rw-r--r--,2025-05-15T01:26:01Z,cjtinant,staff,16777234,1,0,209559889,4096,127552,64,0,2025-07-21T11:21:47Z,2025-07-14T18:54:33Z,2025-05-15T01:26:01Z,tif,ppt_0108_mm.tif,prism/ppt_0108_mm.tif,prism,65.31,2025-05-15T01:26:01Z,processed,FALSE,GeoTIFF raster
/Users/cjtinant/Documents/Rprojects_not-class/FFA_regional-skew/data/processed/prism/ppt_0109_mm.tif,file, 62.28M,rw-r--r--,2025-05-15T01:26:01Z,cjtinant,staff,16777234,1,0,209559890,4096,127560,64,0,2025-07-21T11:21:47Z,2025-07-14T18:54:48Z,2025-05-15T01:26:01Z,tif,ppt_0109_mm.tif,prism/ppt_0109_mm.tif,prism,65.31,2025-05-15T01:26:01Z,processed,FALSE,GeoTIFF raster
/Users/cjtinant/Documents/Rprojects_not-class/FFA_regional-skew/data/processed/prism/ppt_0110_mm.tif,file, 62.28M,rw-r--r--,2025-05-15T01:26:01Z,cjtinant,staff,16777234,1,0,209559892,4096,127544,64,0,2025-07-21T11:21:47Z,2025-07-14T18:55:00Z,2025-05-15T01:26:01Z,tif,ppt_0110_mm.tif,prism/ppt_0110_mm.tif,prism,65.3,2025-05-15T01:26:01Z,processed,FALSE,GeoTIFF raster
/Users/cjtinant/Documents/Rprojects_not-class/FFA_regional-skew/data/processed/prism/ppt_0111_mm.tif,file, 62.27M,rw-r--r--,2025-05-15T01:26:01Z,cjtinant,staff,16777234,1,0,209559896,4096,127544,64,0,2025-07-21T10:53:02Z,2025-07-14T18:55:12Z,2025-05-15T01:26:01Z,tif,ppt_0111_mm.tif,prism/ppt_0111_mm.tif,prism,65.3,2025-05-15T01:26:01Z,processed,FALSE,GeoTIFF raster
/Users/cjtinant/Documents/Rprojects_not-class/FFA_regional-skew/data/processed/prism/ppt_0112_mm.tif,file, 62.26M,rw-r--r--,2025-05-15T01:26:01Z,cjtinant,staff,16777234,1,0,209559908,4096,127512,64,0,2025-07-21T10:53:02Z,2025-07-14T18:55:17Z,2025-05-15T01:26:01Z,tif,ppt_0112_mm.tif,prism/ppt_0112_mm.tif,prism,65.28,2025-05-15T01:26:01Z,processed,FALSE,GeoTIFF raster
/Users/cjtinant/Documents/Rprojects_not-class/FFA_regional-skew/data/processed/prism/ppt_0113_mm.tif,file, 62.25M,rw-r--r--,2025-05-15T01:26:01Z,cjtinant,staff,16777234,1,0,209559927,4096,127488,64,0,2025-07-21T10:53:02Z,2025-07-14T18:55:34Z,2025-05-15T01:26:01Z,tif,ppt_0113_mm.tif,prism/ppt_0113_mm.tif,prism,65.27,2025-05-15T01:26:01Z,processed,FALSE,GeoTIFF raster
/Users/cjtinant/Documents/Rprojects_not-class/FFA_regional-skew/data/processed/prism/ppt_0114_mm.tif,file, 62.23M,rw-r--r--,2025-05-15T01:26:01Z,cjtinant,staff,16777234,1,0,209559928,4096,127440,64,0,2025-07-21T10:53:02Z,2025-07-14T18:55:49Z,2025-05-15T01:26:01Z,tif,ppt_0114_mm.tif,prism/ppt_0114_mm.tif,prism,65.25,2025-05-15T01:26:01Z,processed,FALSE,GeoTIFF raster
/Users/cjtinant/Documents/Rprojects_not-class/FFA_regional-skew/data/processed/prism/ppt_0115_mm.tif,file, 62.21M,rw-r--r--,2025-05-15T01:26:01Z,cjtinant,staff,16777234,1,0,209559933,4096,127408,64,0,2025-07-21T10:53:02Z,2025-07-14T18:55:59Z,2025-05-15T01:26:01Z,tif,ppt_0115_mm.tif,prism/ppt_0115_mm.tif,prism,65.23,2025-05-15T01:26:01Z,processed,FALSE,GeoTIFF raster
/Users/cjtinant/Documents/Rprojects_not-class/FFA_regional-skew/data/processed/prism/ppt_0116_mm.tif,file, 62.19M,rw-r--r--,2025-05-15T01:26:01Z,cjtinant,staff,16777234,1,0,209559934,4096,127368,64,0,2025-07-21T10:53:02Z,2025-07-14T18:56:08Z,2025-05-15T01:26:01Z,tif,ppt_0116_mm.tif,prism/ppt_0116_mm.tif,prism,65.21,2025-05-15T01:26:01Z,processed,FALSE,GeoTIFF raster
/Users/cjtinant/Documents/Rprojects_not-class/FFA_regional-skew/data/processed/prism/ppt_0117_mm.tif,file, 62.18M,rw-r--r--,2025-05-15T01:26:01Z,cjtinant,staff,16777234,1,0,209559935,4096,127352,64,0,2025-07-21T10:53:02Z,2025-07-14T18:56:17Z,2025-05-15T01:26:01Z,tif,ppt_0117_mm.tif,prism/ppt_0117_mm.tif,prism,65.2,2025-05-15T01:26:01Z,processed,FALSE,GeoTIFF raster
/Users/cjtinant/Documents/Rprojects_not-class/FFA_regional-skew/data/processed/prism/ppt_0118_mm.tif,file, 62.18M,rw-r--r--,2025-05-15T01:26:01Z,cjtinant,staff,16777234,1,0,209559936,4096,127344,64,0,2025-07-21T10:53:02Z,2025-07-14T18:56:24Z,2025-05-15T01:26:01Z,tif,ppt_0118_mm.tif,prism/ppt_0118_mm.tif,prism,65.2,2025-05-15T01:26:01Z,processed,FALSE,GeoTIFF raster
/Users/cjtinant/Documents/Rprojects_not-class/FFA_regional-skew/data/processed/prism/ppt_0119_mm.tif,file, 62.17M,rw-r--r--,2025-05-15T01:26:01Z,cjtinant,staff,16777234,1,0,209559939,4096,127328,64,0,2025-07-21T10:53:02Z,2025-07-14T18:56:36Z,2025-05-15T01:26:01Z,tif,ppt_0119_mm.tif,prism/ppt_0119_mm.tif,prism,65.19,2025-05-15T01:26:01Z,processed,FALSE,GeoTIFF raster
/Users/cjtinant/Documents/Rprojects_not-class/FFA_regional-skew/data/processed/prism/ppt_0120_mm.tif,file, 62.16M,rw-r--r--,2025-05-15T01:26:01Z,cjtinant,staff,16777234,1,0,209559940,4096,127304,64,0,2025-07-21T10:53:02Z,2025-07-14T18:56:49Z,2025-05-15T01:26:01Z,tif,ppt_0120_mm.tif,prism/ppt_0120_mm.tif,prism,65.18,2025-05-15T01:26:01Z,processed,FALSE,GeoTIFF raster
/Users/cjtinant/Documents/Rprojects_not-class/FFA_regional-skew/data/processed/prism/ppt_0121_mm.tif,file, 62.15M,rw-r--r--,2025-05-15T01:26:01Z,cjtinant,staff,16777234,1,0,209559941,4096,127288,64,0,2025-07-21T10:53:02Z,2025-07-14T18:56:55Z,2025-05-15T01:26:01Z,tif,ppt_0121_mm.tif,prism/ppt_0121_mm.tif,prism,65.17,2025-05-15T01:26:01Z,processed,FALSE,GeoTIFF raster
/Users/cjtinant/Documents/Rprojects_not-class/FFA_regional-skew/data/processed/prism/ppt_0122_mm.tif,file, 62.14M,rw-r--r--,2025-05-15T01:26:01Z,cjtinant,staff,16777234,1,0,209559942,4096,127264,64,0,2025-07-20T07:13:41Z,2025-07-14T18:57:03Z,2025-05-15T01:26:01Z,tif,ppt_0122_mm.tif,prism/ppt_0122_mm.tif,prism,65.16,2025-05-15T01:26:01Z,processed,FALSE,GeoTIFF raster
/Users/cjtinant/Documents/Rprojects_not-class/FFA_regional-skew/data/processed/prism/ppt_0123_mm.tif,file, 62.13M,rw-r--r--,2025-05-15T01:26:01Z,cjtinant,staff,16777234,1,0,209559943,4096,127240,64,0,2025-07-20T07:13:41Z,2025-07-14T18:57:09Z,2025-05-15T01:26:01Z,tif,ppt_0123_mm.tif,prism/ppt_0123_mm.tif,prism,65.14,2025-05-15T01:26:01Z,processed,FALSE,GeoTIFF raster
/Users/cjtinant/Documents/Rprojects_not-class/FFA_regional-skew/data/processed/prism/ppt_0124_mm.tif,file, 62.12M,rw-r--r--,2025-05-15T01:26:02Z,cjtinant,staff,16777234,1,0,209559944,4096,127216,64,0,2025-07-20T07:13:48Z,2025-07-14T18:57:17Z,2025-05-15T01:26:01Z,tif,ppt_0124_mm.tif,prism/ppt_0124_mm.tif,prism,65.13,2025-05-15T01:26:02Z,processed,FALSE,GeoTIFF raster
/Users/cjtinant/Documents/Rprojects_not-class/FFA_regional-skew/data/processed/prism/ppt_0125_mm.tif,file, 62.11M,rw-r--r--,2025-05-15T01:26:02Z,cjtinant,staff,16777234,1,0,209559945,4096,127208,64,0,2025-07-20T07:13:47Z,2025-07-14T18:57:25Z,2025-05-15T01:26:02Z,tif,ppt_0125_mm.tif,prism/ppt_0125_mm.tif,prism,65.13,2025-05-15T01:26:02Z,processed,FALSE,GeoTIFF raster
/Users/cjtinant/Documents/Rprojects_not-class/FFA_regional-skew/data/processed/prism/ppt_0126_mm.tif,file, 62.1M,rw-r--r--,2025-05-15T01:26:02Z,cjtinant,staff,16777234,1,0,209559946,4096,127176,64,0,2025-07-20T07:13:47Z,2025-07-14T18:57:38Z,2025-05-15T01:26:02Z,tif,ppt_0126_mm.tif,prism/ppt_0126_mm.tif,prism,65.11,2025-05-15T01:26:02Z,processed,FALSE,GeoTIFF raster
/Users/cjtinant/Documents/Rprojects_not-class/FFA_regional-skew/data/processed/prism/ppt_0127_mm.tif,file, 62.09M,rw-r--r--,2025-05-15T01:26:02Z,cjtinant,staff,16777234,1,0,209559947,4096,127160,64,0,2025-07-20T07:13:48Z,2025-07-14T18:57:47Z,2025-05-15T01:26:02Z,tif,ppt_0127_mm.tif,prism/ppt_0127_mm.tif,prism,65.1,2025-05-15T01:26:02Z,processed,FALSE,GeoTIFF raster
/Users/cjtinant/Documents/Rprojects_not-class/FFA_regional-skew/data/processed/prism/ppt_0128_mm.tif,file, 62.07M,rw-r--r--,2025-05-15T01:26:02Z,cjtinant,staff,16777234,1,0,209559953,4096,127120,64,0,2025-07-18T04:48:31Z,2025-07-14T18:58:00Z,2025-05-15T01:26:02Z,tif,ppt_0128_mm.tif,prism/ppt_0128_mm.tif,prism,65.09,2025-05-15T01:26:02Z,processed,FALSE,GeoTIFF raster
/Users/cjtinant/Documents/Rprojects_not-class/FFA_regional-skew/data/processed/prism/ppt_0129_mm.tif,file, 62.05M,rw-r--r--,2025-05-15T01:26:02Z,cjtinant,staff,16777234,1,0,209559954,4096,127088,64,0,2025-07-18T04:48:31Z,2025-07-14T18:58:04Z,2025-05-15T01:26:02Z,tif,ppt_0129_mm.tif,prism/ppt_0129_mm.tif,prism,65.07,2025-05-15T01:26:02Z,processed,FALSE,GeoTIFF raster
/Users/cjtinant/Documents/Rprojects_not-class/FFA_regional-skew/data/processed/prism/ppt_0130_mm.tif,file, 62.03M,rw-r--r--,2025-05-15T01:26:02Z,cjtinant,staff,16777234,1,0,209559955,4096,127048,64,0,2025-07-18T04:48:31Z,2025-07-14T18:58:18Z,2025-05-15T01:26:02Z,tif,ppt_0130_mm.tif,prism/ppt_0130_mm.tif,prism,65.05,2025-05-15T01:26:02Z,processed,FALSE,GeoTIFF raster
/Users/cjtinant/Documents/Rprojects_not-class/FFA_regional-skew/data/processed/prism/ppt_0131_mm.tif,file, 62.02M,rw-r--r--,2025-05-15T01:26:02Z,cjtinant,staff,16777234,1,0,209559956,4096,127016,64,0,2025-07-18T04:48:31Z,2025-07-14T18:58:24Z,2025-05-15T01:26:02Z,tif,ppt_0131_mm.tif,prism/ppt_0131_mm.tif,prism,65.03,2025-05-15T01:26:02Z,processed,FALSE,GeoTIFF raster
/Users/cjtinant/Documents/Rprojects_not-class/FFA_regional-skew/data/processed/prism/ppt_0201_mm.tif,file, 62M,rw-r--r--,2025-05-15T01:26:02Z,cjtinant,staff,16777234,1,0,209559957,4096,126976,64,0,2025-07-18T04:48:31Z,2025-07-14T18:58:34Z,2025-05-15T01:26:02Z,tif,ppt_0201_mm.tif,prism/ppt_0201_mm.tif,prism,65.01,2025-05-15T01:26:02Z,processed,FALSE,GeoTIFF raster
/Users/cjtinant/Documents/Rprojects_not-class/FFA_regional-skew/data/processed/prism/ppt_0202_mm.tif,file, 61.99M,rw-r--r--,2025-05-15T01:26:02Z,cjtinant,staff,16777234,1,0,209559958,4096,126968,64,0,2025-07-18T04:48:31Z,2025-07-14T18:58:47Z,2025-05-15T01:26:02Z,tif,ppt_0202_mm.tif,prism/ppt_0202_mm.tif,prism,65.01,2025-05-15T01:26:02Z,processed,FALSE,GeoTIFF raster
/Users/cjtinant/Documents/Rprojects_not-class/FFA_regional-skew/data/processed/prism/ppt_0203_mm.tif,file, 61.99M,rw-r--r--,2025-05-15T01:26:02Z,cjtinant,staff,16777234,1,0,209559959,4096,126960,64,0,2025-07-18T04:48:31Z,2025-07-14T18:59:06Z,2025-05-15T01:26:02Z,tif,ppt_0203_mm.tif,prism/ppt_0203_mm.tif,prism,65,2025-05-15T01:26:02Z,processed,FALSE,GeoTIFF raster
/Users/cjtinant/Documents/Rprojects_not-class/FFA_regional-skew/data/processed/prism/ppt_0204_mm.tif,file, 61.99M,rw-r--r--,2025-05-15T01:26:02Z,cjtinant,staff,16777234,1,0,209559960,4096,126952,64,0,2025-07-18T04:48:29Z,2025-07-14T18:59:13Z,2025-05-15T01:26:02Z,tif,ppt_0204_mm.tif,prism/ppt_0204_mm.tif,prism,65,2025-05-15T01:26:02Z,processed,FALSE,GeoTIFF raster
/Users/cjtinant/Documents/Rprojects_not-class/FFA_regional-skew/data/processed/prism/ppt_0205_mm.tif,file, 61.99M,rw-r--r--,2025-05-15T01:26:02Z,cjtinant,staff,16777234,1,0,209559961,4096,126960,64,0,2025-07-18T04:48:29Z,2025-07-14T18:59:33Z,2025-05-15T01:26:02Z,tif,ppt_0205_mm.tif,prism/ppt_0205_mm.tif,prism,65,2025-05-15T01:26:02Z,processed,FALSE,GeoTIFF raster
/Users/cjtinant/Documents/Rprojects_not-class/FFA_regional-skew/data/processed/prism/ppt_0206_mm.tif,file, 62M,rw-r--r--,2025-05-15T01:26:02Z,cjtinant,staff,16777234,1,0,209559962,4096,126984,64,0,2025-07-18T04:48:29Z,2025-07-14T18:59:49Z,2025-05-15T01:26:02Z,tif,ppt_0206_mm.tif,prism/ppt_0206_mm.tif,prism,65.01,2025-05-15T01:26:02Z,processed,FALSE,GeoTIFF raster
/Users/cjtinant/Documents/Rprojects_not-class/FFA_regional-skew/data/processed/prism/ppt_0207_mm.tif,file, 62.01M,rw-r--r--,2025-05-15T01:26:02Z,cjtinant,staff,16777234,1,0,209559963,4096,127008,64,0,2025-07-18T04:48:29Z,2025-07-14T19:00:04Z,2025-05-15T01:26:02Z,tif,ppt_0207_mm.tif,prism/ppt_0207_mm.tif,prism,65.03,2025-05-15T01:26:02Z,processed,FALSE,GeoTIFF raster
/Users/cjtinant/Documents/Rprojects_not-class/FFA_regional-skew/data/processed/prism/ppt_0208_mm.tif,file, 62.03M,rw-r--r--,2025-05-15T01:26:02Z,cjtinant,staff,16777234,1,0,209559964,4096,127032,64,0,2025-07-18T04:48:29Z,2025-07-14T19:00:17Z,2025-05-15T01:26:02Z,tif,ppt_0208_mm.tif,prism/ppt_0208_mm.tif,prism,65.04,2025-05-15T01:26:02Z,processed,FALSE,GeoTIFF raster
/Users/cjtinant/Documents/Rprojects_not-class/FFA_regional-skew/data/processed/prism/ppt_0209_mm.tif,file, 62.05M,rw-r--r--,2025-05-15T01:26:02Z,cjtinant,staff,16777234,1,0,209559969,4096,127072,64,0,2025-07-18T04:48:29Z,2025-07-14T19:00:30Z,2025-05-15T01:26:02Z,tif,ppt_0209_mm.tif,prism/ppt_0209_mm.tif,prism,65.06,2025-05-15T01:26:02Z,processed,FALSE,GeoTIFF raster
/Users/cjtinant/Documents/Rprojects_not-class/FFA_regional-skew/data/processed/prism/ppt_0210_mm.tif,file, 62.06M,rw-r--r--,2025-05-15T01:26:02Z,cjtinant,staff,16777234,1,0,209559970,4096,127112,64,0,2025-07-18T04:48:29Z,2025-07-14T19:00:44Z,2025-05-15T01:26:02Z,tif,ppt_0210_mm.tif,prism/ppt_0210_mm.tif,prism,65.08,2025-05-15T01:26:02Z,processed,FALSE,GeoTIFF raster
/Users/cjtinant/Documents/Rprojects_not-class/FFA_regional-skew/data/processed/prism/ppt_0211_mm.tif,file, 62.07M,rw-r--r--,2025-05-15T01:26:03Z,cjtinant,staff,16777234,1,0,209559971,4096,127136,64,0,2025-07-18T04:48:29Z,2025-07-14T19:00:59Z,2025-05-15T01:26:02Z,tif,ppt_0211_mm.tif,prism/ppt_0211_mm.tif,prism,65.09,2025-05-15T01:26:03Z,processed,FALSE,GeoTIFF raster
/Users/cjtinant/Documents/Rprojects_not-class/FFA_regional-skew/data/processed/prism/ppt_0212_mm.tif,file, 62.09M,rw-r--r--,2025-05-15T01:26:03Z,cjtinant,staff,16777234,1,0,209559972,4096,127160,64,0,2025-07-18T04:48:29Z,2025-07-14T19:01:12Z,2025-05-15T01:26:03Z,tif,ppt_0212_mm.tif,prism/ppt_0212_mm.tif,prism,65.1,2025-05-15T01:26:03Z,processed,FALSE,GeoTIFF raster
/Users/cjtinant/Documents/Rprojects_not-class/FFA_regional-skew/data/processed/prism/ppt_0213_mm.tif,file, 62.1M,rw-r--r--,2025-05-15T01:26:03Z,cjtinant,staff,16777234,1,0,209559973,4096,127184,64,0,2025-07-18T04:48:29Z,2025-07-14T19:01:22Z,2025-05-15T01:26:03Z,tif,ppt_0213_mm.tif,prism/ppt_0213_mm.tif,prism,65.12,2025-05-15T01:26:03Z,processed,FALSE,GeoTIFF raster
/Users/cjtinant/Documents/Rprojects_not-class/FFA_regional-skew/data/processed/prism/ppt_0214_mm.tif,file, 62.09M,rw-r--r--,2025-05-15T01:26:03Z,cjtinant,staff,16777234,1,0,209559974,4096,127168,64,0,2025-07-18T04:48:29Z,2025-07-14T19:01:29Z,2025-05-15T01:26:03Z,tif,ppt_0214_mm.tif,prism/ppt_0214_mm.tif,prism,65.11,2025-05-15T01:26:03Z,processed,FALSE,GeoTIFF raster
/Users/cjtinant/Documents/Rprojects_not-class/FFA_regional-skew/data/processed/prism/ppt_0215_mm.tif,file, 62.08M,rw-r--r--,2025-05-15T01:26:03Z,cjtinant,staff,16777234,1,0,209559975,4096,127144,64,0,2025-07-18T04:48:29Z,2025-07-14T19:01:38Z,2025-05-15T01:26:03Z,tif,ppt_0215_mm.tif,prism/ppt_0215_mm.tif,prism,65.09,2025-05-15T01:26:03Z,processed,FALSE,GeoTIFF raster
/Users/cjtinant/Documents/Rprojects_not-class/FFA_regional-skew/data/processed/prism/ppt_0216_mm.tif,file, 62.05M,rw-r--r--,2025-05-15T01:26:03Z,cjtinant,staff,16777234,1,0,209559976,4096,127072,64,0,2025-07-18T04:48:29Z,2025-07-14T19:01:50Z,2025-05-15T01:26:03Z,tif,ppt_0216_mm.tif,prism/ppt_0216_mm.tif,prism,65.06,2025-05-15T01:26:03Z,processed,FALSE,GeoTIFF raster
/Users/cjtinant/Documents/Rprojects_not-class/FFA_regional-skew/data/processed/prism/ppt_0217_mm.tif,file, 62.01M,rw-r--r--,2025-05-15T01:26:03Z,cjtinant,staff,16777234,1,0,209559977,4096,127008,64,0,2025-07-20T07:13:47Z,2025-07-14T19:02:01Z,2025-05-15T01:26:03Z,tif,ppt_0217_mm.tif,prism/ppt_0217_mm.tif,prism,65.02,2025-05-15T01:26:03Z,processed,FALSE,GeoTIFF raster
/Users/cjtinant/Documents/Rprojects_not-class/FFA_regional-skew/data/processed/prism/ppt_0218_mm.tif,file, 61.98M,rw-r--r--,2025-05-15T01:26:03Z,cjtinant,staff,16777234,1,0,209559978,4096,126936,64,0,2025-07-18T04:48:49Z,2025-07-14T19:02:15Z,2025-05-15T01:26:03Z,tif,ppt_0218_mm.tif,prism/ppt_0218_mm.tif,prism,64.99,2025-05-15T01:26:03Z,processed,FALSE,GeoTIFF raster
/Users/cjtinant/Documents/Rprojects_not-class/FFA_regional-skew/data/processed/prism/ppt_0219_mm.tif,file, 61.95M,rw-r--r--,2025-05-15T01:26:03Z,cjtinant,staff,16777234,1,0,209559979,4096,126880,64,0,2025-07-20T07:13:47Z,2025-07-14T19:02:28Z,2025-05-15T01:26:03Z,tif,ppt_0219_mm.tif,prism/ppt_0219_mm.tif,prism,64.96,2025-05-15T01:26:03Z,processed,FALSE,GeoTIFF raster
/Users/cjtinant/Documents/Rprojects_not-class/FFA_regional-skew/data/processed/prism/ppt_0220_mm.tif,file, 61.94M,rw-r--r--,2025-05-15T01:26:03Z,cjtinant,staff,16777234,1,0,209559980,4096,126848,64,0,2025-07-18T04:48:29Z,2025-07-14T19:02:47Z,2025-05-15T01:26:03Z,tif,ppt_0220_mm.tif,prism/ppt_0220_mm.tif,prism,64.94,2025-05-15T01:26:03Z,processed,FALSE,GeoTIFF raster
/Users/cjtinant/Documents/Rprojects_not-class/FFA_regional-skew/data/processed/prism/ppt_0221_mm.tif,file, 61.93M,rw-r--r--,2025-05-15T01:26:03Z,cjtinant,staff,16777234,1,0,209559981,4096,126832,64,0,2025-07-18T04:48:29Z,2025-07-14T19:03:00Z,2025-05-15T01:26:03Z,tif,ppt_0221_mm.tif,prism/ppt_0221_mm.tif,prism,64.93,2025-05-15T01:26:03Z,processed,FALSE,GeoTIFF raster
/Users/cjtinant/Documents/Rprojects_not-class/FFA_regional-skew/data/processed/prism/ppt_0222_mm.tif,file, 61.92M,rw-r--r--,2025-05-15T01:26:03Z,cjtinant,staff,16777234,1,0,209559982,4096,126808,64,0,2025-07-18T04:48:29Z,2025-07-14T19:03:10Z,2025-05-15T01:26:03Z,tif,ppt_0222_mm.tif,prism/ppt_0222_mm.tif,prism,64.92,2025-05-15T01:26:03Z,processed,FALSE,GeoTIFF raster
/Users/cjtinant/Documents/Rprojects_not-class/FFA_regional-skew/data/processed/prism/ppt_0223_mm.tif,file, 61.91M,rw-r--r--,2025-05-15T01:26:03Z,cjtinant,staff,16777234,1,0,209559983,4096,126784,64,0,2025-07-18T04:48:29Z,2025-07-14T19:03:23Z,2025-05-15T01:26:03Z,tif,ppt_0223_mm.tif,prism/ppt_0223_mm.tif,prism,64.91,2025-05-15T01:26:03Z,processed,FALSE,GeoTIFF raster
/Users/cjtinant/Documents/Rprojects_not-class/FFA_regional-skew/data/processed/prism/ppt_0224_mm.tif,file, 61.89M,rw-r--r--,2025-05-15T01:26:03Z,cjtinant,staff,16777234,1,0,209559987,4096,126760,64,0,2025-07-18T04:48:29Z,2025-07-14T19:03:39Z,2025-05-15T01:26:03Z,tif,ppt_0224_mm.tif,prism/ppt_0224_mm.tif,prism,64.9,2025-05-15T01:26:03Z,processed,FALSE,GeoTIFF raster
/Users/cjtinant/Documents/Rprojects_not-class/FFA_regional-skew/data/processed/prism/ppt_0225_mm.tif,file, 61.88M,rw-r--r--,2025-05-15T01:26:03Z,cjtinant,staff,16777234,1,0,209559988,4096,126728,64,0,2025-07-18T04:48:29Z,2025-07-14T19:03:49Z,2025-05-15T01:26:03Z,tif,ppt_0225_mm.tif,prism/ppt_0225_mm.tif,prism,64.88,2025-05-15T01:26:03Z,processed,FALSE,GeoTIFF raster
/Users/cjtinant/Documents/Rprojects_not-class/FFA_regional-skew/data/processed/prism/ppt_0226_mm.tif,file, 61.86M,rw-r--r--,2025-05-15T01:26:03Z,cjtinant,staff,16777234,1,0,209559989,4096,126696,64,0,2025-07-18T04:48:29Z,2025-07-14T19:04:02Z,2025-05-15T01:26:03Z,tif,ppt_0226_mm.tif,prism/ppt_0226_mm.tif,prism,64.87,2025-05-15T01:26:03Z,processed,FALSE,GeoTIFF raster
/Users/cjtinant/Documents/Rprojects_not-class/FFA_regional-skew/data/processed/prism/ppt_0227_mm.tif,file, 61.84M,rw-r--r--,2025-05-15T01:26:03Z,cjtinant,staff,16777234,1,0,209559990,4096,126656,64,0,2025-07-18T04:48:29Z,2025-07-14T19:04:15Z,2025-05-15T01:26:03Z,tif,ppt_0227_mm.tif,prism/ppt_0227_mm.tif,prism,64.85,2025-05-15T01:26:03Z,processed,FALSE,GeoTIFF raster
/Users/cjtinant/Documents/Rprojects_not-class/FFA_regional-skew/data/processed/prism/ppt_0228_mm.tif,file, 61.82M,rw-r--r--,2025-05-15T01:26:04Z,cjtinant,staff,16777234,1,0,209559991,4096,126616,64,0,2025-07-20T07:13:44Z,2025-07-14T19:04:28Z,2025-05-15T01:26:03Z,tif,ppt_0228_mm.tif,prism/ppt_0228_mm.tif,prism,64.83,2025-05-15T01:26:04Z,processed,FALSE,GeoTIFF raster
/Users/cjtinant/Documents/Rprojects_not-class/FFA_regional-skew/data/processed/prism/ppt_0229_mm.tif,file, 61.81M,rw-r--r--,2025-05-15T01:26:04Z,cjtinant,staff,16777234,1,0,209559992,4096,126600,64,0,2025-07-18T04:48:29Z,2025-07-14T19:04:38Z,2025-05-15T01:26:04Z,tif,ppt_0229_mm.tif,prism/ppt_0229_mm.tif,prism,64.82,2025-05-15T01:26:04Z,processed,FALSE,GeoTIFF raster
/Users/cjtinant/Documents/Rprojects_not-class/FFA_regional-skew/data/processed/prism/ppt_0301_mm.tif,file, 61.81M,rw-r--r--,2025-05-15T01:26:04Z,cjtinant,staff,16777234,1,0,209559993,4096,126600,64,0,2025-07-18T04:48:29Z,2025-07-14T19:04:49Z,2025-05-15T01:26:04Z,tif,ppt_0301_mm.tif,prism/ppt_0301_mm.tif,prism,64.82,2025-05-15T01:26:04Z,processed,FALSE,GeoTIFF raster
/Users/cjtinant/Documents/Rprojects_not-class/FFA_regional-skew/data/processed/prism/ppt_0302_mm.tif,file, 61.81M,rw-r--r--,2025-05-15T01:26:04Z,cjtinant,staff,16777234,1,0,209559994,4096,126584,64,0,2025-07-18T04:48:29Z,2025-07-14T19:04:56Z,2025-05-15T01:26:04Z,tif,ppt_0302_mm.tif,prism/ppt_0302_mm.tif,prism,64.81,2025-05-15T01:26:04Z,processed,FALSE,GeoTIFF raster
/Users/cjtinant/Documents/Rprojects_not-class/FFA_regional-skew/data/processed/prism/ppt_0303_mm.tif,file, 61.8M,rw-r--r--,2025-05-15T01:26:04Z,cjtinant,staff,16777234,1,0,209559995,4096,126576,64,0,2025-07-18T04:48:29Z,2025-07-14T19:05:16Z,2025-05-15T01:26:04Z,tif,ppt_0303_mm.tif,prism/ppt_0303_mm.tif,prism,64.8,2025-05-15T01:26:04Z,processed,FALSE,GeoTIFF raster
/Users/cjtinant/Documents/Rprojects_not-class/FFA_regional-skew/data/processed/prism/ppt_0304_mm.tif,file, 61.8M,rw-r--r--,2025-05-15T01:26:04Z,cjtinant,staff,16777234,1,0,209559996,4096,126560,64,0,2025-07-18T04:48:29Z,2025-07-14T19:05:25Z,2025-05-15T01:26:04Z,tif,ppt_0304_mm.tif,prism/ppt_0304_mm.tif,prism,64.8,2025-05-15T01:26:04Z,processed,FALSE,GeoTIFF raster
/Users/cjtinant/Documents/Rprojects_not-class/FFA_regional-skew/data/processed/prism/ppt_0305_mm.tif,file, 61.8M,rw-r--r--,2025-05-15T01:26:04Z,cjtinant,staff,16777234,1,0,209559997,4096,126560,64,0,2025-07-18T04:48:29Z,2025-07-14T19:05:33Z,2025-05-15T01:26:04Z,tif,ppt_0305_mm.tif,prism/ppt_0305_mm.tif,prism,64.8,2025-05-15T01:26:04Z,processed,FALSE,GeoTIFF raster
/Users/cjtinant/Documents/Rprojects_not-class/FFA_regional-skew/data/processed/prism/ppt_0306_mm.tif,file, 61.8M,rw-r--r--,2025-05-15T01:26:04Z,cjtinant,staff,16777234,1,0,209560002,4096,126568,64,0,2025-07-18T04:48:29Z,2025-07-14T19:05:44Z,2025-05-15T01:26:04Z,tif,ppt_0306_mm.tif,prism/ppt_0306_mm.tif,prism,64.8,2025-05-15T01:26:04Z,processed,FALSE,GeoTIFF raster
/Users/cjtinant/Documents/Rprojects_not-class/FFA_regional-skew/data/processed/prism/ppt_0307_mm.tif,file, 61.8M,rw-r--r--,2025-05-15T01:26:04Z,cjtinant,staff,16777234,1,0,209560003,4096,126576,64,0,2025-07-18T04:48:29Z,2025-07-14T19:05:54Z,2025-05-15T01:26:04Z,tif,ppt_0307_mm.tif,prism/ppt_0307_mm.tif,prism,64.81,2025-05-15T01:26:04Z,processed,FALSE,GeoTIFF raster
/Users/cjtinant/Documents/Rprojects_not-class/FFA_regional-skew/data/processed/prism/ppt_0308_mm.tif,file, 61.8M,rw-r--r--,2025-05-15T01:26:04Z,cjtinant,staff,16777234,1,0,209560004,4096,126568,64,0,2025-07-18T04:48:29Z,2025-07-14T19:06:02Z,2025-05-15T01:26:04Z,tif,ppt_0308_mm.tif,prism/ppt_0308_mm.tif,prism,64.8,2025-05-15T01:26:04Z,processed,FALSE,GeoTIFF raster
/Users/cjtinant/Documents/Rprojects_not-class/FFA_regional-skew/data/processed/prism/ppt_0309_mm.tif,file, 61.79M,rw-r--r--,2025-05-15T01:26:04Z,cjtinant,staff,16777234,1,0,209560005,4096,126544,64,0,2025-07-18T04:48:29Z,2025-07-14T19:06:15Z,2025-05-15T01:26:04Z,tif,ppt_0309_mm.tif,prism/ppt_0309_mm.tif,prism,64.79,2025-05-15T01:26:04Z,processed,FALSE,GeoTIFF raster
/Users/cjtinant/Documents/Rprojects_not-class/FFA_regional-skew/data/processed/prism/ppt_0310_mm.tif,file, 61.77M,rw-r--r--,2025-05-15T01:26:04Z,cjtinant,staff,16777234,1,0,209560006,4096,126512,64,0,2025-07-18T04:48:29Z,2025-07-14T19:06:29Z,2025-05-15T01:26:04Z,tif,ppt_0310_mm.tif,prism/ppt_0310_mm.tif,prism,64.77,2025-05-15T01:26:04Z,processed,FALSE,GeoTIFF raster
/Users/cjtinant/Documents/Rprojects_not-class/FFA_regional-skew/data/processed/prism/ppt_0311_mm.tif,file, 61.75M,rw-r--r--,2025-05-15T01:26:04Z,cjtinant,staff,16777234,1,0,209560007,4096,126464,64,0,2025-07-18T04:48:29Z,2025-07-14T19:06:39Z,2025-05-15T01:26:04Z,tif,ppt_0311_mm.tif,prism/ppt_0311_mm.tif,prism,64.75,2025-05-15T01:26:04Z,processed,FALSE,GeoTIFF raster
/Users/cjtinant/Documents/Rprojects_not-class/FFA_regional-skew/data/processed/prism/ppt_0312_mm.tif,file, 61.72M,rw-r--r--,2025-05-15T01:26:04Z,cjtinant,staff,16777234,1,0,209560008,4096,126400,64,0,2025-07-20T04:30:54Z,2025-07-14T19:06:53Z,2025-05-15T01:26:04Z,tif,ppt_0312_mm.tif,prism/ppt_0312_mm.tif,prism,64.72,2025-05-15T01:26:04Z,processed,FALSE,GeoTIFF raster
/Users/cjtinant/Documents/Rprojects_not-class/FFA_regional-skew/data/processed/prism/ppt_0313_mm.tif,file, 61.7M,rw-r--r--,2025-05-15T01:26:04Z,cjtinant,staff,16777234,1,0,209560009,4096,126368,64,0,2025-07-18T04:48:29Z,2025-07-14T19:07:11Z,2025-05-15T01:26:04Z,tif,ppt_0313_mm.tif,prism/ppt_0313_mm.tif,prism,64.7,2025-05-15T01:26:04Z,processed,FALSE,GeoTIFF raster
/Users/cjtinant/Documents/Rprojects_not-class/FFA_regional-skew/data/processed/prism/ppt_0314_mm.tif,file, 61.69M,rw-r--r--,2025-05-15T01:26:04Z,cjtinant,staff,16777234,1,0,209560010,4096,126344,64,0,2025-07-18T04:48:29Z,2025-07-14T19:07:24Z,2025-05-15T01:26:04Z,tif,ppt_0314_mm.tif,prism/ppt_0314_mm.tif,prism,64.69,2025-05-15T01:26:04Z,processed,FALSE,GeoTIFF raster
/Users/cjtinant/Documents/Rprojects_not-class/FFA_regional-skew/data/processed/prism/ppt_0315_mm.tif,file, 61.67M,rw-r--r--,2025-05-15T01:26:04Z,cjtinant,staff,16777234,1,0,209560011,4096,126304,64,0,2025-07-20T04:30:54Z,2025-07-14T19:07:34Z,2025-05-15T01:26:04Z,tif,ppt_0315_mm.tif,prism/ppt_0315_mm.tif,prism,64.67,2025-05-15T01:26:04Z,processed,FALSE,GeoTIFF raster
/Users/cjtinant/Documents/Rprojects_not-class/FFA_regional-skew/data/processed/prism/ppt_0316_mm.tif,file, 61.65M,rw-r--r--,2025-05-15T01:26:04Z,cjtinant,staff,16777234,1,0,209560012,4096,126272,64,0,2025-07-18T04:48:29Z,2025-07-14T19:07:45Z,2025-05-15T01:26:04Z,tif,ppt_0316_mm.tif,prism/ppt_0316_mm.tif,prism,64.65,2025-05-15T01:26:04Z,processed,FALSE,GeoTIFF raster
/Users/cjtinant/Documents/Rprojects_not-class/FFA_regional-skew/data/processed/prism/ppt_0317_mm.tif,file, 61.64M,rw-r--r--,2025-05-15T01:26:05Z,cjtinant,staff,16777234,1,0,209560013,4096,126232,64,0,2025-07-18T04:48:29Z,2025-07-14T19:07:58Z,2025-05-15T01:26:04Z,tif,ppt_0317_mm.tif,prism/ppt_0317_mm.tif,prism,64.63,2025-05-15T01:26:05Z,processed,FALSE,GeoTIFF raster
/Users/cjtinant/Documents/Rprojects_not-class/FFA_regional-skew/data/processed/prism/ppt_0318_mm.tif,file, 61.63M,rw-r--r--,2025-05-15T01:26:05Z,cjtinant,staff,16777234,1,0,209560014,4096,126232,64,0,2025-07-18T04:48:29Z,2025-07-14T19:08:09Z,2025-05-15T01:26:05Z,tif,ppt_0318_mm.tif,prism/ppt_0318_mm.tif,prism,64.63,2025-05-15T01:26:05Z,processed,FALSE,GeoTIFF raster
/Users/cjtinant/Documents/Rprojects_not-class/FFA_regional-skew/data/processed/prism/ppt_0319_mm.tif,file, 61.63M,rw-r--r--,2025-05-15T01:26:05Z,cjtinant,staff,16777234,1,0,209560018,4096,126216,64,0,2025-07-18T04:48:29Z,2025-07-14T19:08:22Z,2025-05-15T01:26:05Z,tif,ppt_0319_mm.tif,prism/ppt_0319_mm.tif,prism,64.62,2025-05-15T01:26:05Z,processed,FALSE,GeoTIFF raster
/Users/cjtinant/Documents/Rprojects_not-class/FFA_regional-skew/data/processed/prism/ppt_0320_mm.tif,file, 61.61M,rw-r--r--,2025-05-15T01:26:05Z,cjtinant,staff,16777234,1,0,209560019,4096,126192,64,0,2025-07-18T04:48:29Z,2025-07-14T19:08:34Z,2025-05-15T01:26:05Z,tif,ppt_0320_mm.tif,prism/ppt_0320_mm.tif,prism,64.61,2025-05-15T01:26:05Z,processed,FALSE,GeoTIFF raster
/Users/cjtinant/Documents/Rprojects_not-class/FFA_regional-skew/data/processed/prism/ppt_0321_mm.tif,file, 61.6M,rw-r--r--,2025-05-15T01:26:05Z,cjtinant,staff,16777234,1,0,209560020,4096,126152,64,0,2025-07-18T04:48:29Z,2025-07-14T19:08:49Z,2025-05-15T01:26:05Z,tif,ppt_0321_mm.tif,prism/ppt_0321_mm.tif,prism,64.59,2025-05-15T01:26:05Z,processed,FALSE,GeoTIFF raster
/Users/cjtinant/Documents/Rprojects_not-class/FFA_regional-skew/data/processed/prism/ppt_0322_mm.tif,file, 61.58M,rw-r--r--,2025-05-15T01:26:05Z,cjtinant,staff,16777234,1,0,209560021,4096,126128,64,0,2025-07-18T04:48:29Z,2025-07-14T19:09:00Z,2025-05-15T01:26:05Z,tif,ppt_0322_mm.tif,prism/ppt_0322_mm.tif,prism,64.58,2025-05-15T01:26:05Z,processed,FALSE,GeoTIFF raster
/Users/cjtinant/Documents/Rprojects_not-class/FFA_regional-skew/data/processed/prism/ppt_0323_mm.tif,file, 61.57M,rw-r--r--,2025-05-15T01:26:05Z,cjtinant,staff,16777234,1,0,209560022,4096,126104,64,0,2025-07-18T04:48:29Z,2025-07-14T19:09:09Z,2025-05-15T01:26:05Z,tif,ppt_0323_mm.tif,prism/ppt_0323_mm.tif,prism,64.56,2025-05-15T01:26:05Z,processed,FALSE,GeoTIFF raster
/Users/cjtinant/Documents/Rprojects_not-class/FFA_regional-skew/data/processed/prism/ppt_0324_mm.tif,file, 61.57M,rw-r--r--,2025-05-15T01:26:05Z,cjtinant,staff,16777234,1,0,209560023,4096,126088,64,0,2025-07-18T04:48:29Z,2025-07-14T19:09:20Z,2025-05-15T01:26:05Z,tif,ppt_0324_mm.tif,prism/ppt_0324_mm.tif,prism,64.56,2025-05-15T01:26:05Z,processed,FALSE,GeoTIFF raster
/Users/cjtinant/Documents/Rprojects_not-class/FFA_regional-skew/data/processed/prism/ppt_0325_mm.tif,file, 61.56M,rw-r--r--,2025-05-15T01:26:05Z,cjtinant,staff,16777234,1,0,209560024,4096,126080,64,0,2025-07-18T04:48:29Z,2025-07-14T19:09:30Z,2025-05-15T01:26:05Z,tif,ppt_0325_mm.tif,prism/ppt_0325_mm.tif,prism,64.55,2025-05-15T01:26:05Z,processed,FALSE,GeoTIFF raster
/Users/cjtinant/Documents/Rprojects_not-class/FFA_regional-skew/data/processed/prism/ppt_0326_mm.tif,file, 61.55M,rw-r--r--,2025-05-15T01:26:05Z,cjtinant,staff,16777234,1,0,209560025,4096,126056,64,0,2025-07-18T04:48:29Z,2025-07-14T19:09:39Z,2025-05-15T01:26:05Z,tif,ppt_0326_mm.tif,prism/ppt_0326_mm.tif,prism,64.54,2025-05-15T01:26:05Z,processed,FALSE,GeoTIFF raster
/Users/cjtinant/Documents/Rprojects_not-class/FFA_regional-skew/data/processed/prism/ppt_0327_mm.tif,file, 61.54M,rw-r--r--,2025-05-15T01:26:05Z,cjtinant,staff,16777234,1,0,209560026,4096,126040,64,0,2025-07-18T04:48:29Z,2025-07-14T19:09:48Z,2025-05-15T01:26:05Z,tif,ppt_0327_mm.tif,prism/ppt_0327_mm.tif,prism,64.53,2025-05-15T01:26:05Z,processed,FALSE,GeoTIFF raster
/Users/cjtinant/Documents/Rprojects_not-class/FFA_regional-skew/data/processed/prism/ppt_0328_mm.tif,file, 61.54M,rw-r--r--,2025-05-15T01:26:05Z,cjtinant,staff,16777234,1,0,209560027,4096,126040,64,0,2025-07-18T04:48:29Z,2025-07-14T19:09:57Z,2025-05-15T01:26:05Z,tif,ppt_0328_mm.tif,prism/ppt_0328_mm.tif,prism,64.53,2025-05-15T01:26:05Z,processed,FALSE,GeoTIFF raster
/Users/cjtinant/Documents/Rprojects_not-class/FFA_regional-skew/data/processed/prism/ppt_0329_mm.tif,file, 61.53M,rw-r--r--,2025-05-15T01:26:05Z,cjtinant,staff,16777234,1,0,209560029,4096,126008,64,0,2025-07-21T10:53:02Z,2025-07-14T19:10:05Z,2025-05-15T01:26:05Z,tif,ppt_0329_mm.tif,prism/ppt_0329_mm.tif,prism,64.51,2025-05-15T01:26:05Z,processed,FALSE,GeoTIFF raster
/Users/cjtinant/Documents/Rprojects_not-class/FFA_regional-skew/data/processed/prism/ppt_0330_mm.tif,file, 61.52M,rw-r--r--,2025-05-15T01:26:05Z,cjtinant,staff,16777234,1,0,209560030,4096,126008,64,0,2025-07-21T10:53:02Z,2025-07-14T19:10:12Z,2025-05-15T01:26:05Z,tif,ppt_0330_mm.tif,prism/ppt_0330_mm.tif,prism,64.51,2025-05-15T01:26:05Z,processed,FALSE,GeoTIFF raster
/Users/cjtinant/Documents/Rprojects_not-class/FFA_regional-skew/data/processed/prism/ppt_0331_mm.tif,file, 61.53M,rw-r--r--,2025-05-15T01:26:05Z,cjtinant,staff,16777234,1,0,209560031,4096,126016,64,0,2025-07-21T10:53:02Z,2025-07-14T19:10:21Z,2025-05-15T01:26:05Z,tif,ppt_0331_mm.tif,prism/ppt_0331_mm.tif,prism,64.52,2025-05-15T01:26:05Z,processed,FALSE,GeoTIFF raster
/Users/cjtinant/Documents/Rprojects_not-class/FFA_regional-skew/data/processed/prism/ppt_0401_mm.tif,file, 61.53M,rw-r--r--,2025-05-15T01:26:05Z,cjtinant,staff,16777234,1,0,209560032,4096,126016,64,0,2025-07-21T10:53:02Z,2025-07-14T19:10:36Z,2025-05-15T01:26:05Z,tif,ppt_0401_mm.tif,prism/ppt_0401_mm.tif,prism,64.52,2025-05-15T01:26:05Z,processed,FALSE,GeoTIFF raster
/Users/cjtinant/Documents/Rprojects_not-class/FFA_regional-skew/data/processed/prism/ppt_0402_mm.tif,file, 61.53M,rw-r--r--,2025-05-15T01:26:05Z,cjtinant,staff,16777234,1,0,209560035,4096,126016,64,0,2025-07-21T10:53:02Z,2025-07-14T19:10:42Z,2025-05-15T01:26:05Z,tif,ppt_0402_mm.tif,prism/ppt_0402_mm.tif,prism,64.52,2025-05-15T01:26:05Z,processed,FALSE,GeoTIFF raster
/Users/cjtinant/Documents/Rprojects_not-class/FFA_regional-skew/data/processed/prism/ppt_0403_mm.tif,file, 61.53M,rw-r--r--,2025-05-15T01:26:06Z,cjtinant,staff,16777234,1,0,209560039,4096,126016,64,0,2025-07-18T04:48:29Z,2025-07-14T19:10:48Z,2025-05-15T01:26:05Z,tif,ppt_0403_mm.tif,prism/ppt_0403_mm.tif,prism,64.52,2025-05-15T01:26:06Z,processed,FALSE,GeoTIFF raster
/Users/cjtinant/Documents/Rprojects_not-class/FFA_regional-skew/data/processed/prism/ppt_0404_mm.tif,file, 61.52M,rw-r--r--,2025-05-15T01:26:06Z,cjtinant,staff,16777234,1,0,209560040,4096,126008,64,0,2025-07-18T04:48:29Z,2025-07-14T19:10:55Z,2025-05-15T01:26:06Z,tif,ppt_0404_mm.tif,prism/ppt_0404_mm.tif,prism,64.51,2025-05-15T01:26:06Z,processed,FALSE,GeoTIFF raster
/Users/cjtinant/Documents/Rprojects_not-class/FFA_regional-skew/data/processed/prism/ppt_0405_mm.tif,file, 61.53M,rw-r--r--,2025-05-15T01:26:06Z,cjtinant,staff,16777234,1,0,209560041,4096,126016,64,0,2025-07-18T04:48:29Z,2025-07-14T19:11:09Z,2025-05-15T01:26:06Z,tif,ppt_0405_mm.tif,prism/ppt_0405_mm.tif,prism,64.52,2025-05-15T01:26:06Z,processed,FALSE,GeoTIFF raster
/Users/cjtinant/Documents/Rprojects_not-class/FFA_regional-skew/data/processed/prism/ppt_0406_mm.tif,file, 61.54M,rw-r--r--,2025-05-15T01:26:06Z,cjtinant,staff,16777234,1,0,209560042,4096,126032,64,0,2025-07-18T04:48:29Z,2025-07-14T19:11:25Z,2025-05-15T01:26:06Z,tif,ppt_0406_mm.tif,prism/ppt_0406_mm.tif,prism,64.52,2025-05-15T01:26:06Z,processed,FALSE,GeoTIFF raster
/Users/cjtinant/Documents/Rprojects_not-class/FFA_regional-skew/data/processed/prism/ppt_0407_mm.tif,file, 61.53M,rw-r--r--,2025-05-15T01:26:06Z,cjtinant,staff,16777234,1,0,209560043,4096,126024,64,0,2025-07-18T04:48:29Z,2025-07-14T19:11:47Z,2025-05-15T01:26:06Z,tif,ppt_0407_mm.tif,prism/ppt_0407_mm.tif,prism,64.52,2025-05-15T01:26:06Z,processed,FALSE,GeoTIFF raster
/Users/cjtinant/Documents/Rprojects_not-class/FFA_regional-skew/data/processed/prism/ppt_0408_mm.tif,file, 61.53M,rw-r--r--,2025-05-15T01:26:06Z,cjtinant,staff,16777234,1,0,209560044,4096,126024,64,0,2025-07-18T04:48:29Z,2025-07-14T19:12:03Z,2025-05-15T01:26:06Z,tif,ppt_0408_mm.tif,prism/ppt_0408_mm.tif,prism,64.52,2025-05-15T01:26:06Z,processed,FALSE,GeoTIFF raster
/Users/cjtinant/Documents/Rprojects_not-class/FFA_regional-skew/data/processed/prism/ppt_0409_mm.tif,file, 61.53M,rw-r--r--,2025-05-15T01:26:06Z,cjtinant,staff,16777234,1,0,209560045,4096,126008,64,0,2025-07-18T04:48:29Z,2025-07-14T19:12:16Z,2025-05-15T01:26:06Z,tif,ppt_0409_mm.tif,prism/ppt_0409_mm.tif,prism,64.51,2025-05-15T01:26:06Z,processed,FALSE,GeoTIFF raster
/Users/cjtinant/Documents/Rprojects_not-class/FFA_regional-skew/data/processed/prism/ppt_0410_mm.tif,file, 61.51M,rw-r--r--,2025-05-15T01:26:06Z,cjtinant,staff,16777234,1,0,209560046,4096,125976,64,0,2025-07-18T04:48:29Z,2025-07-14T19:12:27Z,2025-05-15T01:26:06Z,tif,ppt_0410_mm.tif,prism/ppt_0410_mm.tif,prism,64.5,2025-05-15T01:26:06Z,processed,FALSE,GeoTIFF raster
/Users/cjtinant/Documents/Rprojects_not-class/FFA_regional-skew/data/processed/prism/ppt_0411_mm.tif,file, 61.5M,rw-r--r--,2025-05-15T01:26:06Z,cjtinant,staff,16777234,1,0,209560047,4096,125952,64,0,2025-07-18T04:48:31Z,2025-07-14T19:12:32Z,2025-05-15T01:26:06Z,tif,ppt_0411_mm.tif,prism/ppt_0411_mm.tif,prism,64.49,2025-05-15T01:26:06Z,processed,FALSE,GeoTIFF raster
/Users/cjtinant/Documents/Rprojects_not-class/FFA_regional-skew/data/processed/prism/ppt_0412_mm.tif,file, 61.48M,rw-r--r--,2025-05-15T01:26:06Z,cjtinant,staff,16777234,1,0,209560048,4096,125928,64,0,2025-07-18T04:48:29Z,2025-07-14T19:12:34Z,2025-05-15T01:26:06Z,tif,ppt_0412_mm.tif,prism/ppt_0412_mm.tif,prism,64.47,2025-05-15T01:26:06Z,processed,FALSE,GeoTIFF raster
/Users/cjtinant/Documents/Rprojects_not-class/FFA_regional-skew/data/processed/prism/ppt_0413_mm.tif,file, 61.47M,rw-r--r--,2025-05-15T01:26:06Z,cjtinant,staff,16777234,1,0,209560049,4096,125904,64,0,2025-07-18T04:48:29Z,2025-07-14T19:12:39Z,2025-05-15T01:26:06Z,tif,ppt_0413_mm.tif,prism/ppt_0413_mm.tif,prism,64.46,2025-05-15T01:26:06Z,processed,FALSE,GeoTIFF raster
/Users/cjtinant/Documents/Rprojects_not-class/FFA_regional-skew/data/processed/prism/ppt_0414_mm.tif,file, 61.46M,rw-r--r--,2025-05-15T01:26:06Z,cjtinant,staff,16777234,1,0,209560053,4096,125880,64,0,2025-07-20T04:30:54Z,2025-07-14T19:12:44Z,2025-05-15T01:26:06Z,tif,ppt_0414_mm.tif,prism/ppt_0414_mm.tif,prism,64.45,2025-05-15T01:26:06Z,processed,FALSE,GeoTIFF raster
/Users/cjtinant/Documents/Rprojects_not-class/FFA_regional-skew/data/processed/prism/ppt_0415_mm.tif,file, 61.44M,rw-r--r--,2025-05-15T01:26:06Z,cjtinant,staff,16777234,1,0,209560054,4096,125832,64,0,2025-07-18T04:48:29Z,2025-07-14T19:12:49Z,2025-05-15T01:26:06Z,tif,ppt_0415_mm.tif,prism/ppt_0415_mm.tif,prism,64.42,2025-05-15T01:26:06Z,processed,FALSE,GeoTIFF raster
/Users/cjtinant/Documents/Rprojects_not-class/FFA_regional-skew/data/processed/prism/ppt_0416_mm.tif,file, 61.4M,rw-r--r--,2025-05-15T01:26:06Z,cjtinant,staff,16777234,1,0,209560055,4096,125760,64,0,2025-07-18T04:48:29Z,2025-07-14T19:12:54Z,2025-05-15T01:26:06Z,tif,ppt_0416_mm.tif,prism/ppt_0416_mm.tif,prism,64.39,2025-05-15T01:26:06Z,processed,FALSE,GeoTIFF raster
/Users/cjtinant/Documents/Rprojects_not-class/FFA_regional-skew/data/processed/prism/ppt_0417_mm.tif,file, 61.38M,rw-r--r--,2025-05-15T01:26:06Z,cjtinant,staff,16777234,1,0,209560056,4096,125720,64,0,2025-07-18T04:48:29Z,2025-07-14T19:12:58Z,2025-05-15T01:26:06Z,tif,ppt_0417_mm.tif,prism/ppt_0417_mm.tif,prism,64.37,2025-05-15T01:26:06Z,processed,FALSE,GeoTIFF raster
/Users/cjtinant/Documents/Rprojects_not-class/FFA_regional-skew/data/processed/prism/ppt_0418_mm.tif,file, 61.38M,rw-r--r--,2025-05-15T01:26:06Z,cjtinant,staff,16777234,1,0,209560057,4096,125712,64,0,2025-07-18T04:48:29Z,2025-07-14T19:13:04Z,2025-05-15T01:26:06Z,tif,ppt_0418_mm.tif,prism/ppt_0418_mm.tif,prism,64.36,2025-05-15T01:26:06Z,processed,FALSE,GeoTIFF raster
/Users/cjtinant/Documents/Rprojects_not-class/FFA_regional-skew/data/processed/prism/ppt_0419_mm.tif,file, 61.39M,rw-r--r--,2025-05-15T01:26:06Z,cjtinant,staff,16777234,1,0,209560058,4096,125728,64,0,2025-07-18T04:48:29Z,2025-07-14T19:13:10Z,2025-05-15T01:26:06Z,tif,ppt_0419_mm.tif,prism/ppt_0419_mm.tif,prism,64.37,2025-05-15T01:26:06Z,processed,FALSE,GeoTIFF raster
/Users/cjtinant/Documents/Rprojects_not-class/FFA_regional-skew/data/processed/prism/ppt_0420_mm.tif,file, 61.39M,rw-r--r--,2025-05-15T01:26:06Z,cjtinant,staff,16777234,1,0,209560059,4096,125728,64,0,2025-07-18T04:48:29Z,2025-07-14T19:13:18Z,2025-05-15T01:26:06Z,tif,ppt_0420_mm.tif,prism/ppt_0420_mm.tif,prism,64.37,2025-05-15T01:26:06Z,processed,FALSE,GeoTIFF raster
/Users/cjtinant/Documents/Rprojects_not-class/FFA_regional-skew/data/processed/prism/ppt_0421_mm.tif,file, 61.39M,rw-r--r--,2025-05-15T01:26:07Z,cjtinant,staff,16777234,1,0,209560060,4096,125728,64,0,2025-07-18T04:48:29Z,2025-07-14T19:13:23Z,2025-05-15T01:26:06Z,tif,ppt_0421_mm.tif,prism/ppt_0421_mm.tif,prism,64.37,2025-05-15T01:26:07Z,processed,FALSE,GeoTIFF raster
/Users/cjtinant/Documents/Rprojects_not-class/FFA_regional-skew/data/processed/prism/ppt_0422_mm.tif,file, 61.4M,rw-r--r--,2025-05-15T01:26:07Z,cjtinant,staff,16777234,1,0,209560061,4096,125760,64,0,2025-07-18T04:48:29Z,2025-07-14T19:13:29Z,2025-05-15T01:26:07Z,tif,ppt_0422_mm.tif,prism/ppt_0422_mm.tif,prism,64.39,2025-05-15T01:26:07Z,processed,FALSE,GeoTIFF raster
/Users/cjtinant/Documents/Rprojects_not-class/FFA_regional-skew/data/processed/prism/ppt_0423_mm.tif,file, 61.41M,rw-r--r--,2025-05-15T01:26:07Z,cjtinant,staff,16777234,1,0,209560062,4096,125784,64,0,2025-07-18T04:48:29Z,2025-07-14T19:13:33Z,2025-05-15T01:26:07Z,tif,ppt_0423_mm.tif,prism/ppt_0423_mm.tif,prism,64.4,2025-05-15T01:26:07Z,processed,FALSE,GeoTIFF raster
/Users/cjtinant/Documents/Rprojects_not-class/FFA_regional-skew/data/processed/prism/ppt_0424_mm.tif,file, 61.42M,rw-r--r--,2025-05-15T01:26:07Z,cjtinant,staff,16777234,1,0,209560063,4096,125792,64,0,2025-07-18T04:48:29Z,2025-07-14T19:13:37Z,2025-05-15T01:26:07Z,tif,ppt_0424_mm.tif,prism/ppt_0424_mm.tif,prism,64.4,2025-05-15T01:26:07Z,processed,FALSE,GeoTIFF raster
/Users/cjtinant/Documents/Rprojects_not-class/FFA_regional-skew/data/processed/prism/ppt_0425_mm.tif,file, 61.42M,rw-r--r--,2025-05-15T01:26:07Z,cjtinant,staff,16777234,1,0,209560067,4096,125792,64,0,2025-07-18T04:48:29Z,2025-07-14T19:13:43Z,2025-05-15T01:26:07Z,tif,ppt_0425_mm.tif,prism/ppt_0425_mm.tif,prism,64.4,2025-05-15T01:26:07Z,processed,FALSE,GeoTIFF raster
/Users/cjtinant/Documents/Rprojects_not-class/FFA_regional-skew/data/processed/prism/ppt_0426_mm.tif,file, 61.41M,rw-r--r--,2025-05-15T01:26:07Z,cjtinant,staff,16777234,1,0,209560068,4096,125768,64,0,2025-07-18T04:48:29Z,2025-07-14T19:13:49Z,2025-05-15T01:26:07Z,tif,ppt_0426_mm.tif,prism/ppt_0426_mm.tif,prism,64.39,2025-05-15T01:26:07Z,processed,FALSE,GeoTIFF raster
/Users/cjtinant/Documents/Rprojects_not-class/FFA_regional-skew/data/processed/prism/ppt_0427_mm.tif,file, 61.38M,rw-r--r--,2025-05-15T01:26:07Z,cjtinant,staff,16777234,1,0,209560069,4096,125712,64,0,2025-07-18T04:48:29Z,2025-07-14T19:13:54Z,2025-05-15T01:26:07Z,tif,ppt_0427_mm.tif,prism/ppt_0427_mm.tif,prism,64.36,2025-05-15T01:26:07Z,processed,FALSE,GeoTIFF raster
/Users/cjtinant/Documents/Rprojects_not-class/FFA_regional-skew/data/processed/prism/ppt_0428_mm.tif,file, 61.35M,rw-r--r--,2025-05-15T01:26:07Z,cjtinant,staff,16777234,1,0,209560070,4096,125640,64,0,2025-07-18T04:48:29Z,2025-07-14T19:13:59Z,2025-05-15T01:26:07Z,tif,ppt_0428_mm.tif,prism/ppt_0428_mm.tif,prism,64.33,2025-05-15T01:26:07Z,processed,FALSE,GeoTIFF raster
/Users/cjtinant/Documents/Rprojects_not-class/FFA_regional-skew/data/processed/prism/ppt_0429_mm.tif,file, 61.32M,rw-r--r--,2025-05-15T01:26:07Z,cjtinant,staff,16777234,1,0,209560071,4096,125584,64,0,2025-07-18T04:48:29Z,2025-07-14T19:14:05Z,2025-05-15T01:26:07Z,tif,ppt_0429_mm.tif,prism/ppt_0429_mm.tif,prism,64.3,2025-05-15T01:26:07Z,processed,FALSE,GeoTIFF raster
/Users/cjtinant/Documents/Rprojects_not-class/FFA_regional-skew/data/processed/prism/ppt_0430_mm.tif,file, 61.29M,rw-r--r--,2025-05-15T01:26:07Z,cjtinant,staff,16777234,1,0,209560072,4096,125520,64,0,2025-07-18T04:48:29Z,2025-07-14T19:14:14Z,2025-05-15T01:26:07Z,tif,ppt_0430_mm.tif,prism/ppt_0430_mm.tif,prism,64.27,2025-05-15T01:26:07Z,processed,FALSE,GeoTIFF raster
/Users/cjtinant/Documents/Rprojects_not-class/FFA_regional-skew/data/processed/prism/ppt_0501_mm.tif,file, 61.29M,rw-r--r--,2025-05-15T01:26:07Z,cjtinant,staff,16777234,1,0,209560073,4096,125520,64,0,2025-07-18T04:48:29Z,2025-07-14T19:14:21Z,2025-05-15T01:26:07Z,tif,ppt_0501_mm.tif,prism/ppt_0501_mm.tif,prism,64.26,2025-05-15T01:26:07Z,processed,FALSE,GeoTIFF raster
/Users/cjtinant/Documents/Rprojects_not-class/FFA_regional-skew/data/processed/prism/ppt_0502_mm.tif,file, 61.29M,rw-r--r--,2025-05-15T01:26:07Z,cjtinant,staff,16777234,1,0,209560074,4096,125536,64,0,2025-07-18T04:48:29Z,2025-07-14T19:14:28Z,2025-05-15T01:26:07Z,tif,ppt_0502_mm.tif,prism/ppt_0502_mm.tif,prism,64.27,2025-05-15T01:26:07Z,processed,FALSE,GeoTIFF raster
/Users/cjtinant/Documents/Rprojects_not-class/FFA_regional-skew/data/processed/prism/ppt_0503_mm.tif,file, 61.3M,rw-r--r--,2025-05-15T01:26:07Z,cjtinant,staff,16777234,1,0,209560075,4096,125552,64,0,2025-07-18T04:48:29Z,2025-07-14T19:14:33Z,2025-05-15T01:26:07Z,tif,ppt_0503_mm.tif,prism/ppt_0503_mm.tif,prism,64.28,2025-05-15T01:26:07Z,processed,FALSE,GeoTIFF raster
/Users/cjtinant/Documents/Rprojects_not-class/FFA_regional-skew/data/processed/prism/ppt_0504_mm.tif,file, 61.31M,rw-r--r--,2025-05-15T01:26:07Z,cjtinant,staff,16777234,1,0,209560076,4096,125560,64,0,2025-07-18T04:48:29Z,2025-07-14T19:14:38Z,2025-05-15T01:26:07Z,tif,ppt_0504_mm.tif,prism/ppt_0504_mm.tif,prism,64.28,2025-05-15T01:26:07Z,processed,FALSE,GeoTIFF raster
/Users/cjtinant/Documents/Rprojects_not-class/FFA_regional-skew/data/processed/prism/ppt_0505_mm.tif,file, 61.3M,rw-r--r--,2025-05-15T01:26:07Z,cjtinant,staff,16777234,1,0,209560077,4096,125544,64,0,2025-07-18T04:48:29Z,2025-07-14T19:14:43Z,2025-05-15T01:26:07Z,tif,ppt_0505_mm.tif,prism/ppt_0505_mm.tif,prism,64.28,2025-05-15T01:26:07Z,processed,FALSE,GeoTIFF raster
/Users/cjtinant/Documents/Rprojects_not-class/FFA_regional-skew/data/processed/prism/ppt_0506_mm.tif,file, 61.29M,rw-r--r--,2025-05-15T01:26:07Z,cjtinant,staff,16777234,1,0,209560078,4096,125520,64,0,2025-07-18T04:48:49Z,2025-07-14T19:14:49Z,2025-05-15T01:26:07Z,tif,ppt_0506_mm.tif,prism/ppt_0506_mm.tif,prism,64.26,2025-05-15T01:26:07Z,processed,FALSE,GeoTIFF raster
/Users/cjtinant/Documents/Rprojects_not-class/FFA_regional-skew/data/processed/prism/ppt_0507_mm.tif,file, 61.27M,rw-r--r--,2025-05-15T01:26:07Z,cjtinant,staff,16777234,1,0,209560082,4096,125480,64,0,2025-07-18T04:48:29Z,2025-07-14T19:14:56Z,2025-05-15T01:26:07Z,tif,ppt_0507_mm.tif,prism/ppt_0507_mm.tif,prism,64.24,2025-05-15T01:26:07Z,processed,FALSE,GeoTIFF raster
/Users/cjtinant/Documents/Rprojects_not-class/FFA_regional-skew/data/processed/prism/ppt_0508_mm.tif,file, 61.24M,rw-r--r--,2025-05-15T01:26:08Z,cjtinant,staff,16777234,1,0,209560083,4096,125432,64,0,2025-07-18T04:48:48Z,2025-07-14T19:15:02Z,2025-05-15T01:26:07Z,tif,ppt_0508_mm.tif,prism/ppt_0508_mm.tif,prism,64.22,2025-05-15T01:26:08Z,processed,FALSE,GeoTIFF raster
/Users/cjtinant/Documents/Rprojects_not-class/FFA_regional-skew/data/processed/prism/ppt_0509_mm.tif,file, 61.21M,rw-r--r--,2025-05-15T01:26:08Z,cjtinant,staff,16777234,1,0,209560084,4096,125360,64,0,2025-07-18T04:48:48Z,2025-07-14T19:15:09Z,2025-05-15T01:26:08Z,tif,ppt_0509_mm.tif,prism/ppt_0509_mm.tif,prism,64.18,2025-05-15T01:26:08Z,processed,FALSE,GeoTIFF raster
/Users/cjtinant/Documents/Rprojects_not-class/FFA_regional-skew/data/processed/prism/ppt_0510_mm.tif,file, 61.17M,rw-r--r--,2025-05-15T01:26:08Z,cjtinant,staff,16777234,1,0,209560085,4096,125280,64,0,2025-07-18T04:48:48Z,2025-07-14T19:15:15Z,2025-05-15T01:26:08Z,tif,ppt_0510_mm.tif,prism/ppt_0510_mm.tif,prism,64.14,2025-05-15T01:26:08Z,processed,FALSE,GeoTIFF raster
/Users/cjtinant/Documents/Rprojects_not-class/FFA_regional-skew/data/processed/prism/ppt_0511_mm.tif,file, 61.14M,rw-r--r--,2025-05-15T01:26:08Z,cjtinant,staff,16777234,1,0,209560086,4096,125216,64,0,2025-07-18T04:48:48Z,2025-07-14T19:15:22Z,2025-05-15T01:26:08Z,tif,ppt_0511_mm.tif,prism/ppt_0511_mm.tif,prism,64.11,2025-05-15T01:26:08Z,processed,FALSE,GeoTIFF raster
/Users/cjtinant/Documents/Rprojects_not-class/FFA_regional-skew/data/processed/prism/ppt_0512_mm.tif,file, 61.11M,rw-r--r--,2025-05-15T01:26:08Z,cjtinant,staff,16777234,1,0,209560088,4096,125152,64,0,2025-07-18T04:48:48Z,2025-07-14T19:15:29Z,2025-05-15T01:26:08Z,tif,ppt_0512_mm.tif,prism/ppt_0512_mm.tif,prism,64.08,2025-05-15T01:26:08Z,processed,FALSE,GeoTIFF raster
/Users/cjtinant/Documents/Rprojects_not-class/FFA_regional-skew/data/processed/prism/ppt_0513_mm.tif,file, 61.09M,rw-r--r--,2025-05-15T01:26:08Z,cjtinant,staff,16777234,1,0,209560089,4096,125112,64,0,2025-07-18T04:48:48Z,2025-07-14T19:15:37Z,2025-05-15T01:26:08Z,tif,ppt_0513_mm.tif,prism/ppt_0513_mm.tif,prism,64.06,2025-05-15T01:26:08Z,processed,FALSE,GeoTIFF raster
/Users/cjtinant/Documents/Rprojects_not-class/FFA_regional-skew/data/processed/prism/ppt_0514_mm.tif,file, 61.07M,rw-r--r--,2025-05-15T01:26:08Z,cjtinant,staff,16777234,1,0,209560094,4096,125064,64,0,2025-07-18T04:48:48Z,2025-07-14T19:15:44Z,2025-05-15T01:26:08Z,tif,ppt_0514_mm.tif,prism/ppt_0514_mm.tif,prism,64.03,2025-05-15T01:26:08Z,processed,FALSE,GeoTIFF raster
/Users/cjtinant/Documents/Rprojects_not-class/FFA_regional-skew/data/processed/prism/ppt_0515_mm.tif,file, 61.04M,rw-r--r--,2025-05-15T01:26:08Z,cjtinant,staff,16777234,1,0,209560095,4096,125016,64,0,2025-07-18T04:48:48Z,2025-07-14T19:15:51Z,2025-05-15T01:26:08Z,tif,ppt_0515_mm.tif,prism/ppt_0515_mm.tif,prism,64,2025-05-15T01:26:08Z,processed,FALSE,GeoTIFF raster
/Users/cjtinant/Documents/Rprojects_not-class/FFA_regional-skew/data/processed/prism/ppt_0516_mm.tif,file, 61M,rw-r--r--,2025-05-15T01:26:08Z,cjtinant,staff,16777234,1,0,209560096,4096,124936,64,0,2025-07-18T04:48:48Z,2025-07-14T19:15:59Z,2025-05-15T01:26:08Z,tif,ppt_0516_mm.tif,prism/ppt_0516_mm.tif,prism,63.97,2025-05-15T01:26:08Z,processed,FALSE,GeoTIFF raster
/Users/cjtinant/Documents/Rprojects_not-class/FFA_regional-skew/data/processed/prism/ppt_0517_mm.tif,file, 60.96M,rw-r--r--,2025-05-15T01:26:08Z,cjtinant,staff,16777234,1,0,209560097,4096,124856,64,0,2025-07-18T04:48:48Z,2025-07-14T19:16:05Z,2025-05-15T01:26:08Z,tif,ppt_0517_mm.tif,prism/ppt_0517_mm.tif,prism,63.92,2025-05-15T01:26:08Z,processed,FALSE,GeoTIFF raster
/Users/cjtinant/Documents/Rprojects_not-class/FFA_regional-skew/data/processed/prism/ppt_0518_mm.tif,file, 60.93M,rw-r--r--,2025-05-15T01:26:08Z,cjtinant,staff,16777234,1,0,209560101,4096,124784,64,0,2025-07-18T04:48:48Z,2025-07-14T19:16:13Z,2025-05-15T01:26:08Z,tif,ppt_0518_mm.tif,prism/ppt_0518_mm.tif,prism,63.89,2025-05-15T01:26:08Z,processed,FALSE,GeoTIFF raster
/Users/cjtinant/Documents/Rprojects_not-class/FFA_regional-skew/data/processed/prism/ppt_0519_mm.tif,file, 60.9M,rw-r--r--,2025-05-15T01:26:08Z,cjtinant,staff,16777234,1,0,209560104,4096,124728,64,0,2025-07-18T04:48:48Z,2025-07-14T19:16:20Z,2025-05-15T01:26:08Z,tif,ppt_0519_mm.tif,prism/ppt_0519_mm.tif,prism,63.86,2025-05-15T01:26:08Z,processed,FALSE,GeoTIFF raster
/Users/cjtinant/Documents/Rprojects_not-class/FFA_regional-skew/data/processed/prism/ppt_0520_mm.tif,file, 60.88M,rw-r--r--,2025-05-15T01:26:08Z,cjtinant,staff,16777234,1,0,209560106,4096,124688,64,0,2025-07-18T04:48:48Z,2025-07-14T19:16:26Z,2025-05-15T01:26:08Z,tif,ppt_0520_mm.tif,prism/ppt_0520_mm.tif,prism,63.84,2025-05-15T01:26:08Z,processed,FALSE,GeoTIFF raster
/Users/cjtinant/Documents/Rprojects_not-class/FFA_regional-skew/data/processed/prism/ppt_0521_mm.tif,file, 60.87M,rw-r--r--,2025-05-15T01:26:08Z,cjtinant,staff,16777234,1,0,209560107,4096,124672,64,0,2025-07-18T04:48:48Z,2025-07-14T19:16:32Z,2025-05-15T01:26:08Z,tif,ppt_0521_mm.tif,prism/ppt_0521_mm.tif,prism,63.83,2025-05-15T01:26:08Z,processed,FALSE,GeoTIFF raster
/Users/cjtinant/Documents/Rprojects_not-class/FFA_regional-skew/data/processed/prism/ppt_0522_mm.tif,file, 60.88M,rw-r--r--,2025-05-15T01:26:08Z,cjtinant,staff,16777234,1,0,209560108,4096,124680,64,0,2025-07-18T04:48:48Z,2025-07-14T19:16:41Z,2025-05-15T01:26:08Z,tif,ppt_0522_mm.tif,prism/ppt_0522_mm.tif,prism,63.83,2025-05-15T01:26:08Z,processed,FALSE,GeoTIFF raster
/Users/cjtinant/Documents/Rprojects_not-class/FFA_regional-skew/data/processed/prism/ppt_0523_mm.tif,file, 60.88M,rw-r--r--,2025-05-15T01:26:08Z,cjtinant,staff,16777234,1,0,209560109,4096,124688,64,0,2025-07-18T04:48:48Z,2025-07-14T19:16:49Z,2025-05-15T01:26:08Z,tif,ppt_0523_mm.tif,prism/ppt_0523_mm.tif,prism,63.84,2025-05-15T01:26:08Z,processed,FALSE,GeoTIFF raster
/Users/cjtinant/Documents/Rprojects_not-class/FFA_regional-skew/data/processed/prism/ppt_0524_mm.tif,file, 60.89M,rw-r--r--,2025-05-15T01:26:08Z,cjtinant,staff,16777234,1,0,209560111,4096,124712,64,0,2025-07-18T04:48:48Z,2025-07-14T19:17:00Z,2025-05-15T01:26:08Z,tif,ppt_0524_mm.tif,prism/ppt_0524_mm.tif,prism,63.85,2025-05-15T01:26:08Z,processed,FALSE,GeoTIFF raster
/Users/cjtinant/Documents/Rprojects_not-class/FFA_regional-skew/data/processed/prism/ppt_0525_mm.tif,file, 60.91M,rw-r--r--,2025-05-15T01:26:09Z,cjtinant,staff,16777234,1,0,209560112,4096,124752,64,0,2025-07-18T04:48:48Z,2025-07-14T19:17:11Z,2025-05-15T01:26:08Z,tif,ppt_0525_mm.tif,prism/ppt_0525_mm.tif,prism,63.87,2025-05-15T01:26:09Z,processed,FALSE,GeoTIFF raster
/Users/cjtinant/Documents/Rprojects_not-class/FFA_regional-skew/data/processed/prism/ppt_0526_mm.tif,file, 60.93M,rw-r--r--,2025-05-15T01:26:09Z,cjtinant,staff,16777234,1,0,209560113,4096,124784,64,0,2025-07-20T04:30:54Z,2025-07-14T19:17:23Z,2025-05-15T01:26:09Z,tif,ppt_0526_mm.tif,prism/ppt_0526_mm.tif,prism,63.89,2025-05-15T01:26:09Z,processed,FALSE,GeoTIFF raster
/Users/cjtinant/Documents/Rprojects_not-class/FFA_regional-skew/data/processed/prism/ppt_0527_mm.tif,file, 60.94M,rw-r--r--,2025-05-15T01:26:09Z,cjtinant,staff,16777234,1,0,209560114,4096,124816,64,0,2025-07-18T04:48:48Z,2025-07-14T19:17:31Z,2025-05-15T01:26:09Z,tif,ppt_0527_mm.tif,prism/ppt_0527_mm.tif,prism,63.9,2025-05-15T01:26:09Z,processed,FALSE,GeoTIFF raster
/Users/cjtinant/Documents/Rprojects_not-class/FFA_regional-skew/data/processed/prism/ppt_0528_mm.tif,file, 60.95M,rw-r--r--,2025-05-15T01:26:09Z,cjtinant,staff,16777234,1,0,209560115,4096,124840,64,0,2025-07-18T04:48:48Z,2025-07-14T19:17:45Z,2025-05-15T01:26:09Z,tif,ppt_0528_mm.tif,prism/ppt_0528_mm.tif,prism,63.92,2025-05-15T01:26:09Z,processed,FALSE,GeoTIFF raster
/Users/cjtinant/Documents/Rprojects_not-class/FFA_regional-skew/data/processed/prism/ppt_0529_mm.tif,file, 60.96M,rw-r--r--,2025-05-15T01:26:09Z,cjtinant,staff,16777234,1,0,209560116,4096,124848,64,0,2025-07-18T04:48:48Z,2025-07-14T19:17:52Z,2025-05-15T01:26:09Z,tif,ppt_0529_mm.tif,prism/ppt_0529_mm.tif,prism,63.92,2025-05-15T01:26:09Z,processed,FALSE,GeoTIFF raster
/Users/cjtinant/Documents/Rprojects_not-class/FFA_regional-skew/data/processed/prism/ppt_0530_mm.tif,file, 60.96M,rw-r--r--,2025-05-15T01:26:09Z,cjtinant,staff,16777234,1,0,209560117,4096,124856,64,0,2025-07-18T04:48:48Z,2025-07-14T19:17:59Z,2025-05-15T01:26:09Z,tif,ppt_0530_mm.tif,prism/ppt_0530_mm.tif,prism,63.92,2025-05-15T01:26:09Z,processed,FALSE,GeoTIFF raster
/Users/cjtinant/Documents/Rprojects_not-class/FFA_regional-skew/data/processed/prism/ppt_0531_mm.tif,file, 60.97M,rw-r--r--,2025-05-15T01:26:09Z,cjtinant,staff,16777234,1,0,209560118,4096,124880,64,0,2025-07-18T04:48:29Z,2025-07-14T19:18:06Z,2025-05-15T01:26:09Z,tif,ppt_0531_mm.tif,prism/ppt_0531_mm.tif,prism,63.94,2025-05-15T01:26:09Z,processed,FALSE,GeoTIFF raster
/Users/cjtinant/Documents/Rprojects_not-class/FFA_regional-skew/data/processed/prism/ppt_0601_mm.tif,file, 60.99M,rw-r--r--,2025-05-15T01:26:09Z,cjtinant,staff,16777234,1,0,209560119,4096,124904,64,0,2025-07-18T04:48:29Z,2025-07-14T19:18:14Z,2025-05-15T01:26:09Z,tif,ppt_0601_mm.tif,prism/ppt_0601_mm.tif,prism,63.95,2025-05-15T01:26:09Z,processed,FALSE,GeoTIFF raster
/Users/cjtinant/Documents/Rprojects_not-class/FFA_regional-skew/data/processed/prism/ppt_0602_mm.tif,file, 61.02M,rw-r--r--,2025-05-15T01:26:09Z,cjtinant,staff,16777234,1,0,209560120,4096,124976,64,0,2025-07-18T04:48:29Z,2025-07-14T19:18:23Z,2025-05-15T01:26:09Z,tif,ppt_0602_mm.tif,prism/ppt_0602_mm.tif,prism,63.98,2025-05-15T01:26:09Z,processed,FALSE,GeoTIFF raster
/Users/cjtinant/Documents/Rprojects_not-class/FFA_regional-skew/data/processed/prism/ppt_0603_mm.tif,file, 61.02M,rw-r--r--,2025-05-15T01:26:09Z,cjtinant,staff,16777234,1,0,209560121,4096,124968,64,0,2025-07-18T04:48:29Z,2025-07-14T19:18:32Z,2025-05-15T01:26:09Z,tif,ppt_0603_mm.tif,prism/ppt_0603_mm.tif,prism,63.98,2025-05-15T01:26:09Z,processed,FALSE,GeoTIFF raster
/Users/cjtinant/Documents/Rprojects_not-class/FFA_regional-skew/data/processed/prism/ppt_0604_mm.tif,file, 60.96M,rw-r--r--,2025-05-15T01:26:09Z,cjtinant,staff,16777234,1,0,209560122,4096,124856,64,0,2025-07-18T04:48:29Z,2025-07-14T19:18:44Z,2025-05-15T01:26:09Z,tif,ppt_0604_mm.tif,prism/ppt_0604_mm.tif,prism,63.93,2025-05-15T01:26:09Z,processed,FALSE,GeoTIFF raster
/Users/cjtinant/Documents/Rprojects_not-class/FFA_regional-skew/data/processed/prism/ppt_0605_mm.tif,file, 60.97M,rw-r--r--,2025-05-15T01:26:09Z,cjtinant,staff,16777234,1,0,209560123,4096,124864,64,0,2025-07-18T04:48:29Z,2025-07-14T19:18:58Z,2025-05-15T01:26:09Z,tif,ppt_0605_mm.tif,prism/ppt_0605_mm.tif,prism,63.93,2025-05-15T01:26:09Z,processed,FALSE,GeoTIFF raster
/Users/cjtinant/Documents/Rprojects_not-class/FFA_regional-skew/data/processed/prism/ppt_0606_mm.tif,file, 60.97M,rw-r--r--,2025-05-15T01:26:09Z,cjtinant,staff,16777234,1,0,209560124,4096,124864,64,0,2025-07-18T04:48:29Z,2025-07-14T19:19:10Z,2025-05-15T01:26:09Z,tif,ppt_0606_mm.tif,prism/ppt_0606_mm.tif,prism,63.93,2025-05-15T01:26:09Z,processed,FALSE,GeoTIFF raster
/Users/cjtinant/Documents/Rprojects_not-class/FFA_regional-skew/data/processed/prism/ppt_0607_mm.tif,file, 60.96M,rw-r--r--,2025-05-15T01:26:09Z,cjtinant,staff,16777234,1,0,209560125,4096,124856,64,0,2025-07-18T04:48:29Z,2025-07-14T19:19:22Z,2025-05-15T01:26:09Z,tif,ppt_0607_mm.tif,prism/ppt_0607_mm.tif,prism,63.92,2025-05-15T01:26:09Z,processed,FALSE,GeoTIFF raster
/Users/cjtinant/Documents/Rprojects_not-class/FFA_regional-skew/data/processed/prism/ppt_0608_mm.tif,file, 60.97M,rw-r--r--,2025-05-15T01:26:09Z,cjtinant,staff,16777234,1,0,209560127,4096,124872,64,0,2025-07-20T04:30:54Z,2025-07-14T19:19:33Z,2025-05-15T01:26:09Z,tif,ppt_0608_mm.tif,prism/ppt_0608_mm.tif,prism,63.93,2025-05-15T01:26:09Z,processed,FALSE,GeoTIFF raster
/Users/cjtinant/Documents/Rprojects_not-class/FFA_regional-skew/data/processed/prism/ppt_0609_mm.tif,file, 60.98M,rw-r--r--,2025-05-15T01:26:09Z,cjtinant,staff,16777234,1,0,209560128,4096,124888,64,0,2025-07-20T07:13:50Z,2025-07-14T19:19:42Z,2025-05-15T01:26:09Z,tif,ppt_0609_mm.tif,prism/ppt_0609_mm.tif,prism,63.94,2025-05-15T01:26:09Z,processed,FALSE,GeoTIFF raster
/Users/cjtinant/Documents/Rprojects_not-class/FFA_regional-skew/data/processed/prism/ppt_0610_mm.tif,file, 60.99M,rw-r--r--,2025-05-15T01:26:09Z,cjtinant,staff,16777234,1,0,209560129,4096,124912,64,0,2025-07-18T04:48:29Z,2025-07-14T19:19:50Z,2025-05-15T01:26:09Z,tif,ppt_0610_mm.tif,prism/ppt_0610_mm.tif,prism,63.95,2025-05-15T01:26:09Z,processed,FALSE,GeoTIFF raster
/Users/cjtinant/Documents/Rprojects_not-class/FFA_regional-skew/data/processed/prism/ppt_0611_mm.tif,file, 61M,rw-r--r--,2025-05-15T01:26:10Z,cjtinant,staff,16777234,1,0,209560130,4096,124936,64,0,2025-07-18T04:48:29Z,2025-07-14T19:20:00Z,2025-05-15T01:26:09Z,tif,ppt_0611_mm.tif,prism/ppt_0611_mm.tif,prism,63.96,2025-05-15T01:26:10Z,processed,FALSE,GeoTIFF raster
/Users/cjtinant/Documents/Rprojects_not-class/FFA_regional-skew/data/processed/prism/ppt_0612_mm.tif,file, 61.01M,rw-r--r--,2025-05-15T01:26:10Z,cjtinant,staff,16777234,1,0,209560131,4096,124960,64,0,2025-07-18T04:48:29Z,2025-07-14T19:20:13Z,2025-05-15T01:26:10Z,tif,ppt_0612_mm.tif,prism/ppt_0612_mm.tif,prism,63.98,2025-05-15T01:26:10Z,processed,FALSE,GeoTIFF raster
/Users/cjtinant/Documents/Rprojects_not-class/FFA_regional-skew/data/processed/prism/ppt_0613_mm.tif,file, 61.03M,rw-r--r--,2025-05-15T01:26:10Z,cjtinant,staff,16777234,1,0,209560132,4096,125000,64,0,2025-07-18T04:48:29Z,2025-07-14T19:20:25Z,2025-05-15T01:26:10Z,tif,ppt_0613_mm.tif,prism/ppt_0613_mm.tif,prism,64,2025-05-15T01:26:10Z,processed,FALSE,GeoTIFF raster
/Users/cjtinant/Documents/Rprojects_not-class/FFA_regional-skew/data/processed/prism/ppt_0614_mm.tif,file, 61.05M,rw-r--r--,2025-05-15T01:26:10Z,cjtinant,staff,16777234,1,0,209560133,4096,125032,64,0,2025-07-18T04:48:29Z,2025-07-14T19:20:40Z,2025-05-15T01:26:10Z,tif,ppt_0614_mm.tif,prism/ppt_0614_mm.tif,prism,64.02,2025-05-15T01:26:10Z,processed,FALSE,GeoTIFF raster
/Users/cjtinant/Documents/Rprojects_not-class/FFA_regional-skew/data/processed/prism/ppt_0615_mm.tif,file, 61.07M,rw-r--r--,2025-05-15T01:26:10Z,cjtinant,staff,16777234,1,0,209560134,4096,125080,64,0,2025-07-18T04:48:29Z,2025-07-14T19:20:51Z,2025-05-15T01:26:10Z,tif,ppt_0615_mm.tif,prism/ppt_0615_mm.tif,prism,64.04,2025-05-15T01:26:10Z,processed,FALSE,GeoTIFF raster
/Users/cjtinant/Documents/Rprojects_not-class/FFA_regional-skew/data/processed/prism/ppt_0616_mm.tif,file, 61.07M,rw-r--r--,2025-05-15T01:26:10Z,cjtinant,staff,16777234,1,0,209560135,4096,125080,64,0,2025-07-18T04:48:29Z,2025-07-14T19:21:02Z,2025-05-15T01:26:10Z,tif,ppt_0616_mm.tif,prism/ppt_0616_mm.tif,prism,64.04,2025-05-15T01:26:10Z,processed,FALSE,GeoTIFF raster
/Users/cjtinant/Documents/Rprojects_not-class/FFA_regional-skew/data/processed/prism/ppt_0617_mm.tif,file, 61.09M,rw-r--r--,2025-05-15T01:26:10Z,cjtinant,staff,16777234,1,0,209560136,4096,125104,64,0,2025-07-18T04:48:29Z,2025-07-14T19:21:09Z,2025-05-15T01:26:10Z,tif,ppt_0617_mm.tif,prism/ppt_0617_mm.tif,prism,64.05,2025-05-15T01:26:10Z,processed,FALSE,GeoTIFF raster
/Users/cjtinant/Documents/Rprojects_not-class/FFA_regional-skew/data/processed/prism/ppt_0618_mm.tif,file, 61.1M,rw-r--r--,2025-05-15T01:26:10Z,cjtinant,staff,16777234,1,0,209560137,4096,125136,64,0,2025-07-18T04:48:29Z,2025-07-14T19:21:16Z,2025-05-15T01:26:10Z,tif,ppt_0618_mm.tif,prism/ppt_0618_mm.tif,prism,64.07,2025-05-15T01:26:10Z,processed,FALSE,GeoTIFF raster
/Users/cjtinant/Documents/Rprojects_not-class/FFA_regional-skew/data/processed/prism/ppt_0619_mm.tif,file, 61.12M,rw-r--r--,2025-05-15T01:26:10Z,cjtinant,staff,16777234,1,0,209560138,4096,125168,64,0,2025-07-18T04:48:29Z,2025-07-14T19:21:22Z,2025-05-15T01:26:10Z,tif,ppt_0619_mm.tif,prism/ppt_0619_mm.tif,prism,64.08,2025-05-15T01:26:10Z,processed,FALSE,GeoTIFF raster
/Users/cjtinant/Documents/Rprojects_not-class/FFA_regional-skew/data/processed/prism/ppt_0620_mm.tif,file, 61.14M,rw-r--r--,2025-05-15T01:26:10Z,cjtinant,staff,16777234,1,0,209560139,4096,125208,64,0,2025-07-18T04:48:29Z,2025-07-14T19:21:28Z,2025-05-15T01:26:10Z,tif,ppt_0620_mm.tif,prism/ppt_0620_mm.tif,prism,64.11,2025-05-15T01:26:10Z,processed,FALSE,GeoTIFF raster
/Users/cjtinant/Documents/Rprojects_not-class/FFA_regional-skew/data/processed/prism/ppt_0621_mm.tif,file, 61.15M,rw-r--r--,2025-05-15T01:26:10Z,cjtinant,staff,16777234,1,0,209560140,4096,125232,64,0,2025-07-18T04:48:29Z,2025-07-14T19:21:37Z,2025-05-15T01:26:10Z,tif,ppt_0621_mm.tif,prism/ppt_0621_mm.tif,prism,64.12,2025-05-15T01:26:10Z,processed,FALSE,GeoTIFF raster
/Users/cjtinant/Documents/Rprojects_not-class/FFA_regional-skew/data/processed/prism/ppt_0622_mm.tif,file, 61.16M,rw-r--r--,2025-05-15T01:26:10Z,cjtinant,staff,16777234,1,0,209560141,4096,125256,64,0,2025-07-18T04:48:29Z,2025-07-14T19:21:45Z,2025-05-15T01:26:10Z,tif,ppt_0622_mm.tif,prism/ppt_0622_mm.tif,prism,64.13,2025-05-15T01:26:10Z,processed,FALSE,GeoTIFF raster
/Users/cjtinant/Documents/Rprojects_not-class/FFA_regional-skew/data/processed/prism/ppt_0623_mm.tif,file, 61.18M,rw-r--r--,2025-05-15T01:26:10Z,cjtinant,staff,16777234,1,0,209560142,4096,125296,64,0,2025-07-18T04:48:29Z,2025-07-14T19:21:50Z,2025-05-15T01:26:10Z,tif,ppt_0623_mm.tif,prism/ppt_0623_mm.tif,prism,64.15,2025-05-15T01:26:10Z,processed,FALSE,GeoTIFF raster
/Users/cjtinant/Documents/Rprojects_not-class/FFA_regional-skew/data/processed/prism/ppt_0624_mm.tif,file, 61.2M,rw-r--r--,2025-05-15T01:26:10Z,cjtinant,staff,16777234,1,0,209560143,4096,125352,64,0,2025-07-18T04:48:29Z,2025-07-14T19:21:55Z,2025-05-15T01:26:10Z,tif,ppt_0624_mm.tif,prism/ppt_0624_mm.tif,prism,64.18,2025-05-15T01:26:10Z,processed,FALSE,GeoTIFF raster
/Users/cjtinant/Documents/Rprojects_not-class/FFA_regional-skew/data/processed/prism/ppt_0625_mm.tif,file, 61.23M,rw-r--r--,2025-05-15T01:26:10Z,cjtinant,staff,16777234,1,0,209560144,4096,125408,64,0,2025-07-18T04:48:29Z,2025-07-14T19:22:00Z,2025-05-15T01:26:10Z,tif,ppt_0625_mm.tif,prism/ppt_0625_mm.tif,prism,64.21,2025-05-15T01:26:10Z,processed,FALSE,GeoTIFF raster
/Users/cjtinant/Documents/Rprojects_not-class/FFA_regional-skew/data/processed/prism/ppt_0626_mm.tif,file, 61.27M,rw-r--r--,2025-05-15T01:26:10Z,cjtinant,staff,16777234,1,0,209560145,4096,125488,64,0,2025-07-18T04:48:29Z,2025-07-14T19:22:07Z,2025-05-15T01:26:10Z,tif,ppt_0626_mm.tif,prism/ppt_0626_mm.tif,prism,64.25,2025-05-15T01:26:10Z,processed,FALSE,GeoTIFF raster
/Users/cjtinant/Documents/Rprojects_not-class/FFA_regional-skew/data/processed/prism/ppt_0627_mm.tif,file, 61.31M,rw-r--r--,2025-05-15T01:26:10Z,cjtinant,staff,16777234,1,0,209560146,4096,125576,64,0,2025-07-18T04:48:29Z,2025-07-14T19:22:14Z,2025-05-15T01:26:10Z,tif,ppt_0627_mm.tif,prism/ppt_0627_mm.tif,prism,64.29,2025-05-15T01:26:10Z,processed,FALSE,GeoTIFF raster
/Users/cjtinant/Documents/Rprojects_not-class/FFA_regional-skew/data/processed/prism/ppt_0628_mm.tif,file, 61.41M,rw-r--r--,2025-05-15T01:26:10Z,cjtinant,staff,16777234,1,0,209560147,4096,125776,64,0,2025-07-18T04:48:29Z,2025-07-14T19:22:21Z,2025-05-15T01:26:10Z,tif,ppt_0628_mm.tif,prism/ppt_0628_mm.tif,prism,64.39,2025-05-15T01:26:10Z,processed,FALSE,GeoTIFF raster
/Users/cjtinant/Documents/Rprojects_not-class/FFA_regional-skew/data/processed/prism/ppt_0629_mm.tif,file, 61.41M,rw-r--r--,2025-05-15T01:26:11Z,cjtinant,staff,16777234,1,0,209560148,4096,125776,64,0,2025-07-18T04:48:29Z,2025-07-14T19:22:30Z,2025-05-15T01:26:10Z,tif,ppt_0629_mm.tif,prism/ppt_0629_mm.tif,prism,64.4,2025-05-15T01:26:11Z,processed,FALSE,GeoTIFF raster
/Users/cjtinant/Documents/Rprojects_not-class/FFA_regional-skew/data/processed/prism/ppt_0630_mm.tif,file, 61.42M,rw-r--r--,2025-05-15T01:26:11Z,cjtinant,staff,16777234,1,0,209560149,4096,125800,64,0,2025-07-18T04:48:29Z,2025-07-14T19:22:38Z,2025-05-15T01:26:11Z,tif,ppt_0630_mm.tif,prism/ppt_0630_mm.tif,prism,64.41,2025-05-15T01:26:11Z,processed,FALSE,GeoTIFF raster
/Users/cjtinant/Documents/Rprojects_not-class/FFA_regional-skew/data/processed/prism/ppt_0701_mm.tif,file, 61.42M,rw-r--r--,2025-05-15T01:26:11Z,cjtinant,staff,16777234,1,0,209560150,4096,125800,64,0,2025-07-18T04:48:29Z,2025-07-14T19:32:18Z,2025-05-15T01:26:11Z,tif,ppt_0701_mm.tif,prism/ppt_0701_mm.tif,prism,64.41,2025-05-15T01:26:11Z,processed,FALSE,GeoTIFF raster
/Users/cjtinant/Documents/Rprojects_not-class/FFA_regional-skew/data/processed/prism/ppt_0702_mm.tif,file, 61.43M,rw-r--r--,2025-05-15T01:26:11Z,cjtinant,staff,16777234,1,0,209560151,4096,125816,64,0,2025-07-18T04:48:29Z,2025-07-14T19:36:36Z,2025-05-15T01:26:11Z,tif,ppt_0702_mm.tif,prism/ppt_0702_mm.tif,prism,64.42,2025-05-15T01:26:11Z,processed,FALSE,GeoTIFF raster
/Users/cjtinant/Documents/Rprojects_not-class/FFA_regional-skew/data/processed/prism/ppt_0703_mm.tif,file, 61.43M,rw-r--r--,2025-05-15T01:26:11Z,cjtinant,staff,16777234,1,0,209560152,4096,125816,64,0,2025-07-18T04:48:29Z,2025-07-14T19:38:59Z,2025-05-15T01:26:11Z,tif,ppt_0703_mm.tif,prism/ppt_0703_mm.tif,prism,64.42,2025-05-15T01:26:11Z,processed,FALSE,GeoTIFF raster
/Users/cjtinant/Documents/Rprojects_not-class/FFA_regional-skew/data/processed/prism/ppt_0704_mm.tif,file, 61.23M,rw-r--r--,2025-05-15T01:26:11Z,cjtinant,staff,16777234,1,0,209560153,4096,125392,64,0,2025-07-18T04:48:29Z,2025-07-14T19:39:12Z,2025-05-15T01:26:11Z,tif,ppt_0704_mm.tif,prism/ppt_0704_mm.tif,prism,64.2,2025-05-15T01:26:11Z,processed,FALSE,GeoTIFF raster
/Users/cjtinant/Documents/Rprojects_not-class/FFA_regional-skew/data/processed/prism/ppt_0705_mm.tif,file, 61.21M,rw-r--r--,2025-05-15T01:26:11Z,cjtinant,staff,16777234,1,0,209560154,4096,125352,64,0,2025-07-18T04:48:29Z,2025-07-14T19:54:24Z,2025-05-15T01:26:11Z,tif,ppt_0705_mm.tif,prism/ppt_0705_mm.tif,prism,64.18,2025-05-15T01:26:11Z,processed,FALSE,GeoTIFF raster
/Users/cjtinant/Documents/Rprojects_not-class/FFA_regional-skew/data/processed/prism/ppt_0706_mm.tif,file, 61.2M,rw-r--r--,2025-05-15T01:26:11Z,cjtinant,staff,16777234,1,0,209560155,4096,125344,64,0,2025-07-18T04:48:29Z,2025-07-14T19:54:33Z,2025-05-15T01:26:11Z,tif,ppt_0706_mm.tif,prism/ppt_0706_mm.tif,prism,64.17,2025-05-15T01:26:11Z,processed,FALSE,GeoTIFF raster
/Users/cjtinant/Documents/Rprojects_not-class/FFA_regional-skew/data/processed/prism/ppt_0707_mm.tif,file, 61.21M,rw-r--r--,2025-05-15T01:26:11Z,cjtinant,staff,16777234,1,0,209560156,4096,125352,64,0,2025-07-18T04:48:49Z,2025-07-14T19:54:40Z,2025-05-15T01:26:11Z,tif,ppt_0707_mm.tif,prism/ppt_0707_mm.tif,prism,64.18,2025-05-15T01:26:11Z,processed,FALSE,GeoTIFF raster
/Users/cjtinant/Documents/Rprojects_not-class/FFA_regional-skew/data/processed/prism/ppt_0708_mm.tif,file, 61.2M,rw-r--r--,2025-05-15T01:26:11Z,cjtinant,staff,16777234,1,0,209560157,4096,125344,64,0,2025-07-18T04:48:29Z,2025-07-14T19:54:48Z,2025-05-15T01:26:11Z,tif,ppt_0708_mm.tif,prism/ppt_0708_mm.tif,prism,64.18,2025-05-15T01:26:11Z,processed,FALSE,GeoTIFF raster
/Users/cjtinant/Documents/Rprojects_not-class/FFA_regional-skew/data/processed/prism/ppt_0709_mm.tif,file, 61.2M,rw-r--r--,2025-05-15T01:26:11Z,cjtinant,staff,16777234,1,0,209560158,4096,125344,64,0,2025-07-20T04:30:54Z,2025-07-14T19:54:57Z,2025-05-15T01:26:11Z,tif,ppt_0709_mm.tif,prism/ppt_0709_mm.tif,prism,64.17,2025-05-15T01:26:11Z,processed,FALSE,GeoTIFF raster
/Users/cjtinant/Documents/Rprojects_not-class/FFA_regional-skew/data/processed/prism/ppt_0710_mm.tif,file, 61.19M,rw-r--r--,2025-05-15T01:26:11Z,cjtinant,staff,16777234,1,0,209560159,4096,125328,64,0,2025-07-18T04:48:29Z,2025-07-14T19:55:12Z,2025-05-15T01:26:11Z,tif,ppt_0710_mm.tif,prism/ppt_0710_mm.tif,prism,64.16,2025-05-15T01:26:11Z,processed,FALSE,GeoTIFF raster
/Users/cjtinant/Documents/Rprojects_not-class/FFA_regional-skew/data/processed/prism/ppt_0711_mm.tif,file, 61.18M,rw-r--r--,2025-05-15T01:26:11Z,cjtinant,staff,16777234,1,0,209560160,4096,125304,64,0,2025-07-18T04:48:29Z,2025-07-14T19:55:20Z,2025-05-15T01:26:11Z,tif,ppt_0711_mm.tif,prism/ppt_0711_mm.tif,prism,64.15,2025-05-15T01:26:11Z,processed,FALSE,GeoTIFF raster
/Users/cjtinant/Documents/Rprojects_not-class/FFA_regional-skew/data/processed/prism/ppt_0712_mm.tif,file, 61.18M,rw-r--r--,2025-05-15T01:26:11Z,cjtinant,staff,16777234,1,0,209560161,4096,125296,64,0,2025-07-18T04:48:29Z,2025-07-14T19:55:27Z,2025-05-15T01:26:11Z,tif,ppt_0712_mm.tif,prism/ppt_0712_mm.tif,prism,64.15,2025-05-15T01:26:11Z,processed,FALSE,GeoTIFF raster
/Users/cjtinant/Documents/Rprojects_not-class/FFA_regional-skew/data/processed/prism/ppt_0713_mm.tif,file, 61.18M,rw-r--r--,2025-05-15T01:26:11Z,cjtinant,staff,16777234,1,0,209560162,4096,125304,64,0,2025-07-18T04:48:29Z,2025-07-14T19:55:33Z,2025-05-15T01:26:11Z,tif,ppt_0713_mm.tif,prism/ppt_0713_mm.tif,prism,64.15,2025-05-15T01:26:11Z,processed,FALSE,GeoTIFF raster
/Users/cjtinant/Documents/Rprojects_not-class/FFA_regional-skew/data/processed/prism/ppt_0714_mm.tif,file, 61.18M,rw-r--r--,2025-05-15T01:26:11Z,cjtinant,staff,16777234,1,0,209560165,4096,125296,64,0,2025-07-18T04:48:29Z,2025-07-14T19:55:40Z,2025-05-15T01:26:11Z,tif,ppt_0714_mm.tif,prism/ppt_0714_mm.tif,prism,64.15,2025-05-15T01:26:11Z,processed,FALSE,GeoTIFF raster
/Users/cjtinant/Documents/Rprojects_not-class/FFA_regional-skew/data/processed/prism/ppt_0715_mm.tif,file, 61.18M,rw-r--r--,2025-05-15T01:26:12Z,cjtinant,staff,16777234,1,0,209560167,4096,125296,64,0,2025-07-18T04:48:29Z,2025-07-14T19:55:46Z,2025-05-15T01:26:11Z,tif,ppt_0715_mm.tif,prism/ppt_0715_mm.tif,prism,64.15,2025-05-15T01:26:12Z,processed,FALSE,GeoTIFF raster
/Users/cjtinant/Documents/Rprojects_not-class/FFA_regional-skew/data/processed/prism/ppt_0716_mm.tif,file, 61.18M,rw-r--r--,2025-05-15T01:26:12Z,cjtinant,staff,16777234,1,0,209560168,4096,125296,64,0,2025-07-18T04:48:29Z,2025-07-14T19:55:53Z,2025-05-15T01:26:12Z,tif,ppt_0716_mm.tif,prism/ppt_0716_mm.tif,prism,64.15,2025-05-15T01:26:12Z,processed,FALSE,GeoTIFF raster
/Users/cjtinant/Documents/Rprojects_not-class/FFA_regional-skew/data/processed/prism/ppt_0717_mm.tif,file, 61.17M,rw-r--r--,2025-05-15T01:26:12Z,cjtinant,staff,16777234,1,0,209560169,4096,125280,64,0,2025-07-18T04:48:29Z,2025-07-14T19:56:01Z,2025-05-15T01:26:12Z,tif,ppt_0717_mm.tif,prism/ppt_0717_mm.tif,prism,64.14,2025-05-15T01:26:12Z,processed,FALSE,GeoTIFF raster
/Users/cjtinant/Documents/Rprojects_not-class/FFA_regional-skew/data/processed/prism/ppt_0718_mm.tif,file, 61.17M,rw-r--r--,2025-05-15T01:26:12Z,cjtinant,staff,16777234,1,0,209560170,4096,125280,64,0,2025-07-20T04:30:55Z,2025-07-14T19:56:08Z,2025-05-15T01:26:12Z,tif,ppt_0718_mm.tif,prism/ppt_0718_mm.tif,prism,64.14,2025-05-15T01:26:12Z,processed,FALSE,GeoTIFF raster
/Users/cjtinant/Documents/Rprojects_not-class/FFA_regional-skew/data/processed/prism/ppt_0719_mm.tif,file, 61.18M,rw-r--r--,2025-05-15T01:26:12Z,cjtinant,staff,16777234,1,0,209560171,4096,125296,64,0,2025-07-20T04:30:54Z,2025-07-14T19:56:13Z,2025-05-15T01:26:12Z,tif,ppt_0719_mm.tif,prism/ppt_0719_mm.tif,prism,64.15,2025-05-15T01:26:12Z,processed,FALSE,GeoTIFF raster
/Users/cjtinant/Documents/Rprojects_not-class/FFA_regional-skew/data/processed/prism/ppt_0720_mm.tif,file, 61.18M,rw-r--r--,2025-05-15T01:26:12Z,cjtinant,staff,16777234,1,0,209560172,4096,125312,64,0,2025-07-20T04:30:54Z,2025-07-14T19:56:23Z,2025-05-15T01:26:12Z,tif,ppt_0720_mm.tif,prism/ppt_0720_mm.tif,prism,64.16,2025-05-15T01:26:12Z,processed,FALSE,GeoTIFF raster
/Users/cjtinant/Documents/Rprojects_not-class/FFA_regional-skew/data/processed/prism/ppt_0721_mm.tif,file, 61.19M,rw-r--r--,2025-05-15T01:26:12Z,cjtinant,staff,16777234,1,0,209560173,4096,125320,64,0,2025-07-20T04:30:54Z,2025-07-14T19:56:33Z,2025-05-15T01:26:12Z,tif,ppt_0721_mm.tif,prism/ppt_0721_mm.tif,prism,64.16,2025-05-15T01:26:12Z,processed,FALSE,GeoTIFF raster
/Users/cjtinant/Documents/Rprojects_not-class/FFA_regional-skew/data/processed/prism/ppt_0722_mm.tif,file, 61.19M,rw-r--r--,2025-05-15T01:26:12Z,cjtinant,staff,16777234,1,0,209560174,4096,125320,64,0,2025-07-18T04:48:29Z,2025-07-14T19:56:46Z,2025-05-15T01:26:12Z,tif,ppt_0722_mm.tif,prism/ppt_0722_mm.tif,prism,64.16,2025-05-15T01:26:12Z,processed,FALSE,GeoTIFF raster
/Users/cjtinant/Documents/Rprojects_not-class/FFA_regional-skew/data/processed/prism/ppt_0723_mm.tif,file, 61.19M,rw-r--r--,2025-05-15T01:26:12Z,cjtinant,staff,16777234,1,0,209560175,4096,125328,64,0,2025-07-18T04:48:29Z,2025-07-14T19:56:57Z,2025-05-15T01:26:12Z,tif,ppt_0723_mm.tif,prism/ppt_0723_mm.tif,prism,64.16,2025-05-15T01:26:12Z,processed,FALSE,GeoTIFF raster
/Users/cjtinant/Documents/Rprojects_not-class/FFA_regional-skew/data/processed/prism/ppt_0724_mm.tif,file, 61.2M,rw-r--r--,2025-05-15T01:26:12Z,cjtinant,staff,16777234,1,0,209560176,4096,125344,64,0,2025-07-18T04:48:29Z,2025-07-14T19:57:11Z,2025-05-15T01:26:12Z,tif,ppt_0724_mm.tif,prism/ppt_0724_mm.tif,prism,64.17,2025-05-15T01:26:12Z,processed,FALSE,GeoTIFF raster
/Users/cjtinant/Documents/Rprojects_not-class/FFA_regional-skew/data/processed/prism/ppt_0725_mm.tif,file, 61.21M,rw-r--r--,2025-05-15T01:26:12Z,cjtinant,staff,16777234,1,0,209560177,4096,125368,64,0,2025-07-18T04:48:29Z,2025-07-14T19:57:21Z,2025-05-15T01:26:12Z,tif,ppt_0725_mm.tif,prism/ppt_0725_mm.tif,prism,64.19,2025-05-15T01:26:12Z,processed,FALSE,GeoTIFF raster
/Users/cjtinant/Documents/Rprojects_not-class/FFA_regional-skew/data/processed/prism/ppt_0726_mm.tif,file, 61.23M,rw-r--r--,2025-05-15T01:26:12Z,cjtinant,staff,16777234,1,0,209560178,4096,125400,64,0,2025-07-18T04:48:29Z,2025-07-14T19:57:33Z,2025-05-15T01:26:12Z,tif,ppt_0726_mm.tif,prism/ppt_0726_mm.tif,prism,64.2,2025-05-15T01:26:12Z,processed,FALSE,GeoTIFF raster
/Users/cjtinant/Documents/Rprojects_not-class/FFA_regional-skew/data/processed/prism/ppt_0727_mm.tif,file, 61.24M,rw-r--r--,2025-05-15T01:26:12Z,cjtinant,staff,16777234,1,0,209560179,4096,125424,64,0,2025-07-18T04:48:29Z,2025-07-14T19:58:00Z,2025-05-15T01:26:12Z,tif,ppt_0727_mm.tif,prism/ppt_0727_mm.tif,prism,64.22,2025-05-15T01:26:12Z,processed,FALSE,GeoTIFF raster
/Users/cjtinant/Documents/Rprojects_not-class/FFA_regional-skew/data/processed/prism/ppt_0728_mm.tif,file, 61.25M,rw-r--r--,2025-05-15T01:26:12Z,cjtinant,staff,16777234,1,0,209560180,4096,125440,64,0,2025-07-18T04:48:29Z,2025-07-14T19:58:15Z,2025-05-15T01:26:12Z,tif,ppt_0728_mm.tif,prism/ppt_0728_mm.tif,prism,64.22,2025-05-15T01:26:12Z,processed,FALSE,GeoTIFF raster
/Users/cjtinant/Documents/Rprojects_not-class/FFA_regional-skew/data/processed/prism/ppt_0729_mm.tif,file, 61.26M,rw-r--r--,2025-05-15T01:26:12Z,cjtinant,staff,16777234,1,0,209560181,4096,125472,64,0,2025-07-18T04:48:29Z,2025-07-14T19:58:25Z,2025-05-15T01:26:12Z,tif,ppt_0729_mm.tif,prism/ppt_0729_mm.tif,prism,64.24,2025-05-15T01:26:12Z,processed,FALSE,GeoTIFF raster
/Users/cjtinant/Documents/Rprojects_not-class/FFA_regional-skew/data/processed/prism/ppt_0730_mm.tif,file, 61.29M,rw-r--r--,2025-05-15T01:26:12Z,cjtinant,staff,16777234,1,0,209560182,4096,125528,64,0,2025-07-18T04:48:29Z,2025-07-14T19:58:36Z,2025-05-15T01:26:12Z,tif,ppt_0730_mm.tif,prism/ppt_0730_mm.tif,prism,64.27,2025-05-15T01:26:12Z,processed,FALSE,GeoTIFF raster
/Users/cjtinant/Documents/Rprojects_not-class/FFA_regional-skew/data/processed/prism/ppt_0731_mm.tif,file, 61.32M,rw-r--r--,2025-05-15T01:26:12Z,cjtinant,staff,16777234,1,0,209560183,4096,125592,64,0,2025-07-18T04:48:29Z,2025-07-14T19:58:46Z,2025-05-15T01:26:12Z,tif,ppt_0731_mm.tif,prism/ppt_0731_mm.tif,prism,64.3,2025-05-15T01:26:12Z,processed,FALSE,GeoTIFF raster
/Users/cjtinant/Documents/Rprojects_not-class/FFA_regional-skew/data/processed/prism/ppt_0801_mm.tif,file, 61.34M,rw-r--r--,2025-05-15T01:26:12Z,cjtinant,staff,16777234,1,0,209560184,4096,125624,64,0,2025-07-18T04:48:49Z,2025-07-14T19:58:57Z,2025-05-15T01:26:12Z,tif,ppt_0801_mm.tif,prism/ppt_0801_mm.tif,prism,64.32,2025-05-15T01:26:12Z,processed,FALSE,GeoTIFF raster
/Users/cjtinant/Documents/Rprojects_not-class/FFA_regional-skew/data/processed/prism/ppt_0802_mm.tif,file, 61.32M,rw-r--r--,2025-05-15T01:26:13Z,cjtinant,staff,16777234,1,0,209560185,4096,125592,64,0,2025-07-18T04:48:29Z,2025-07-14T19:59:06Z,2025-05-15T01:26:12Z,tif,ppt_0802_mm.tif,prism/ppt_0802_mm.tif,prism,64.3,2025-05-15T01:26:13Z,processed,FALSE,GeoTIFF raster
/Users/cjtinant/Documents/Rprojects_not-class/FFA_regional-skew/data/processed/prism/ppt_0803_mm.tif,file, 61.31M,rw-r--r--,2025-05-15T01:26:13Z,cjtinant,staff,16777234,1,0,209560186,4096,125560,64,0,2025-07-18T04:48:49Z,2025-07-14T19:59:17Z,2025-05-15T01:26:13Z,tif,ppt_0803_mm.tif,prism/ppt_0803_mm.tif,prism,64.28,2025-05-15T01:26:13Z,processed,FALSE,GeoTIFF raster
/Users/cjtinant/Documents/Rprojects_not-class/FFA_regional-skew/data/processed/prism/ppt_0804_mm.tif,file, 61.28M,rw-r--r--,2025-05-15T01:26:13Z,cjtinant,staff,16777234,1,0,209560190,4096,125504,64,0,2025-07-18T04:48:29Z,2025-07-14T19:59:30Z,2025-05-15T01:26:13Z,tif,ppt_0804_mm.tif,prism/ppt_0804_mm.tif,prism,64.26,2025-05-15T01:26:13Z,processed,FALSE,GeoTIFF raster
/Users/cjtinant/Documents/Rprojects_not-class/FFA_regional-skew/data/processed/prism/ppt_0805_mm.tif,file, 61.27M,rw-r--r--,2025-05-15T01:26:13Z,cjtinant,staff,16777234,1,0,209560191,4096,125480,64,0,2025-07-18T04:48:29Z,2025-07-14T19:59:40Z,2025-05-15T01:26:13Z,tif,ppt_0805_mm.tif,prism/ppt_0805_mm.tif,prism,64.24,2025-05-15T01:26:13Z,processed,FALSE,GeoTIFF raster
/Users/cjtinant/Documents/Rprojects_not-class/FFA_regional-skew/data/processed/prism/ppt_0806_mm.tif,file, 61.26M,rw-r--r--,2025-05-15T01:26:13Z,cjtinant,staff,16777234,1,0,209560192,4096,125464,64,0,2025-07-18T04:48:29Z,2025-07-14T20:00:00Z,2025-05-15T01:26:13Z,tif,ppt_0806_mm.tif,prism/ppt_0806_mm.tif,prism,64.23,2025-05-15T01:26:13Z,processed,FALSE,GeoTIFF raster
/Users/cjtinant/Documents/Rprojects_not-class/FFA_regional-skew/data/processed/prism/ppt_0807_mm.tif,file, 61.25M,rw-r--r--,2025-05-15T01:26:13Z,cjtinant,staff,16777234,1,0,209560193,4096,125432,64,0,2025-07-20T07:13:50Z,2025-07-14T20:00:20Z,2025-05-15T01:26:13Z,tif,ppt_0807_mm.tif,prism/ppt_0807_mm.tif,prism,64.22,2025-05-15T01:26:13Z,processed,FALSE,GeoTIFF raster
/Users/cjtinant/Documents/Rprojects_not-class/FFA_regional-skew/data/processed/prism/ppt_0808_mm.tif,file, 61.22M,rw-r--r--,2025-05-15T01:26:13Z,cjtinant,staff,16777234,1,0,209560194,4096,125384,64,0,2025-07-18T04:48:29Z,2025-07-14T20:00:27Z,2025-05-15T01:26:13Z,tif,ppt_0808_mm.tif,prism/ppt_0808_mm.tif,prism,64.2,2025-05-15T01:26:13Z,processed,FALSE,GeoTIFF raster
/Users/cjtinant/Documents/Rprojects_not-class/FFA_regional-skew/data/processed/prism/ppt_0809_mm.tif,file, 61.21M,rw-r--r--,2025-05-15T01:26:13Z,cjtinant,staff,16777234,1,0,209560195,4096,125352,64,0,2025-07-18T04:48:29Z,2025-07-14T20:00:38Z,2025-05-15T01:26:13Z,tif,ppt_0809_mm.tif,prism/ppt_0809_mm.tif,prism,64.18,2025-05-15T01:26:13Z,processed,FALSE,GeoTIFF raster
/Users/cjtinant/Documents/Rprojects_not-class/FFA_regional-skew/data/processed/prism/ppt_0810_mm.tif,file, 61.18M,rw-r--r--,2025-05-15T01:26:13Z,cjtinant,staff,16777234,1,0,209560196,4096,125304,64,0,2025-07-18T04:48:31Z,2025-07-14T20:00:51Z,2025-05-15T01:26:13Z,tif,ppt_0810_mm.tif,prism/ppt_0810_mm.tif,prism,64.15,2025-05-15T01:26:13Z,processed,FALSE,GeoTIFF raster
/Users/cjtinant/Documents/Rprojects_not-class/FFA_regional-skew/data/processed/prism/ppt_0811_mm.tif,file, 61.16M,rw-r--r--,2025-05-15T01:26:13Z,cjtinant,staff,16777234,1,0,209560197,4096,125256,64,0,2025-07-18T04:48:31Z,2025-07-14T20:00:58Z,2025-05-15T01:26:13Z,tif,ppt_0811_mm.tif,prism/ppt_0811_mm.tif,prism,64.13,2025-05-15T01:26:13Z,processed,FALSE,GeoTIFF raster
/Users/cjtinant/Documents/Rprojects_not-class/FFA_regional-skew/data/processed/prism/ppt_0812_mm.tif,file, 61.14M,rw-r--r--,2025-05-15T01:26:13Z,cjtinant,staff,16777234,1,0,209560198,4096,125216,64,0,2025-07-18T04:48:31Z,2025-07-14T20:01:04Z,2025-05-15T01:26:13Z,tif,ppt_0812_mm.tif,prism/ppt_0812_mm.tif,prism,64.11,2025-05-15T01:26:13Z,processed,FALSE,GeoTIFF raster
/Users/cjtinant/Documents/Rprojects_not-class/FFA_regional-skew/data/processed/prism/ppt_0813_mm.tif,file, 61.12M,rw-r--r--,2025-05-15T01:26:13Z,cjtinant,staff,16777234,1,0,209560199,4096,125184,64,0,2025-07-18T04:48:31Z,2025-07-14T20:01:14Z,2025-05-15T01:26:13Z,tif,ppt_0813_mm.tif,prism/ppt_0813_mm.tif,prism,64.09,2025-05-15T01:26:13Z,processed,FALSE,GeoTIFF raster
/Users/cjtinant/Documents/Rprojects_not-class/FFA_regional-skew/data/processed/prism/ppt_0814_mm.tif,file, 61.11M,rw-r--r--,2025-05-15T01:26:13Z,cjtinant,staff,16777234,1,0,209560200,4096,125168,64,0,2025-07-18T04:48:31Z,2025-07-14T20:01:25Z,2025-05-15T01:26:13Z,tif,ppt_0814_mm.tif,prism/ppt_0814_mm.tif,prism,64.08,2025-05-15T01:26:13Z,processed,FALSE,GeoTIFF raster
/Users/cjtinant/Documents/Rprojects_not-class/FFA_regional-skew/data/processed/prism/ppt_0815_mm.tif,file, 61.1M,rw-r--r--,2025-05-15T01:26:13Z,cjtinant,staff,16777234,1,0,209560204,4096,125144,64,0,2025-07-18T04:48:31Z,2025-07-14T20:01:35Z,2025-05-15T01:26:13Z,tif,ppt_0815_mm.tif,prism/ppt_0815_mm.tif,prism,64.07,2025-05-15T01:26:13Z,processed,FALSE,GeoTIFF raster
/Users/cjtinant/Documents/Rprojects_not-class/FFA_regional-skew/data/processed/prism/ppt_0816_mm.tif,file, 61.1M,rw-r--r--,2025-05-15T01:26:13Z,cjtinant,staff,16777234,1,0,209560205,4096,125128,64,0,2025-07-18T04:48:31Z,2025-07-14T20:01:43Z,2025-05-15T01:26:13Z,tif,ppt_0816_mm.tif,prism/ppt_0816_mm.tif,prism,64.06,2025-05-15T01:26:13Z,processed,FALSE,GeoTIFF raster
/Users/cjtinant/Documents/Rprojects_not-class/FFA_regional-skew/data/processed/prism/ppt_0817_mm.tif,file, 61.1M,rw-r--r--,2025-05-15T01:26:13Z,cjtinant,staff,16777234,1,0,209560206,4096,125136,64,0,2025-07-18T04:48:31Z,2025-07-14T20:01:51Z,2025-05-15T01:26:13Z,tif,ppt_0817_mm.tif,prism/ppt_0817_mm.tif,prism,64.07,2025-05-15T01:26:13Z,processed,FALSE,GeoTIFF raster
/Users/cjtinant/Documents/Rprojects_not-class/FFA_regional-skew/data/processed/prism/ppt_0818_mm.tif,file, 61.11M,rw-r--r--,2025-05-15T01:26:13Z,cjtinant,staff,16777234,1,0,209560207,4096,125152,64,0,2025-07-18T04:48:31Z,2025-07-14T20:02:04Z,2025-05-15T01:26:13Z,tif,ppt_0818_mm.tif,prism/ppt_0818_mm.tif,prism,64.07,2025-05-15T01:26:13Z,processed,FALSE,GeoTIFF raster
/Users/cjtinant/Documents/Rprojects_not-class/FFA_regional-skew/data/processed/prism/ppt_0819_mm.tif,file, 61.13M,rw-r--r--,2025-05-15T01:26:14Z,cjtinant,staff,16777234,1,0,209560208,4096,125192,64,0,2025-07-18T04:48:29Z,2025-07-14T20:02:14Z,2025-05-15T01:26:13Z,tif,ppt_0819_mm.tif,prism/ppt_0819_mm.tif,prism,64.1,2025-05-15T01:26:14Z,processed,FALSE,GeoTIFF raster
/Users/cjtinant/Documents/Rprojects_not-class/FFA_regional-skew/data/processed/prism/ppt_0820_mm.tif,file, 61.15M,rw-r--r--,2025-05-15T01:26:14Z,cjtinant,staff,16777234,1,0,209560209,4096,125232,64,0,2025-07-18T04:48:29Z,2025-07-14T20:02:23Z,2025-05-15T01:26:14Z,tif,ppt_0820_mm.tif,prism/ppt_0820_mm.tif,prism,64.12,2025-05-15T01:26:14Z,processed,FALSE,GeoTIFF raster
/Users/cjtinant/Documents/Rprojects_not-class/FFA_regional-skew/data/processed/prism/ppt_0821_mm.tif,file, 61.18M,rw-r--r--,2025-05-15T01:26:14Z,cjtinant,staff,16777234,1,0,209560210,4096,125296,64,0,2025-07-18T04:48:29Z,2025-07-14T20:02:31Z,2025-05-15T01:26:14Z,tif,ppt_0821_mm.tif,prism/ppt_0821_mm.tif,prism,64.15,2025-05-15T01:26:14Z,processed,FALSE,GeoTIFF raster
/Users/cjtinant/Documents/Rprojects_not-class/FFA_regional-skew/data/processed/prism/ppt_0822_mm.tif,file, 61.21M,rw-r--r--,2025-05-15T01:26:14Z,cjtinant,staff,16777234,1,0,209560211,4096,125368,64,0,2025-07-18T04:48:29Z,2025-07-14T20:02:38Z,2025-05-15T01:26:14Z,tif,ppt_0822_mm.tif,prism/ppt_0822_mm.tif,prism,64.19,2025-05-15T01:26:14Z,processed,FALSE,GeoTIFF raster
/Users/cjtinant/Documents/Rprojects_not-class/FFA_regional-skew/data/processed/prism/ppt_0823_mm.tif,file, 61.26M,rw-r--r--,2025-05-15T01:26:14Z,cjtinant,staff,16777234,1,0,209560212,4096,125472,64,0,2025-07-18T04:48:29Z,2025-07-14T20:02:48Z,2025-05-15T01:26:14Z,tif,ppt_0823_mm.tif,prism/ppt_0823_mm.tif,prism,64.24,2025-05-15T01:26:14Z,processed,FALSE,GeoTIFF raster
/Users/cjtinant/Documents/Rprojects_not-class/FFA_regional-skew/data/processed/prism/ppt_0824_mm.tif,file, 61.31M,rw-r--r--,2025-05-15T01:26:14Z,cjtinant,staff,16777234,1,0,209560213,4096,125568,64,0,2025-07-18T04:48:29Z,2025-07-14T20:02:54Z,2025-05-15T01:26:14Z,tif,ppt_0824_mm.tif,prism/ppt_0824_mm.tif,prism,64.29,2025-05-15T01:26:14Z,processed,FALSE,GeoTIFF raster
/Users/cjtinant/Documents/Rprojects_not-class/FFA_regional-skew/data/processed/prism/ppt_0825_mm.tif,file, 61.33M,rw-r--r--,2025-05-15T01:26:14Z,cjtinant,staff,16777234,1,0,209560214,4096,125616,64,0,2025-07-18T04:48:29Z,2025-07-14T20:03:00Z,2025-05-15T01:26:14Z,tif,ppt_0825_mm.tif,prism/ppt_0825_mm.tif,prism,64.31,2025-05-15T01:26:14Z,processed,FALSE,GeoTIFF raster
/Users/cjtinant/Documents/Rprojects_not-class/FFA_regional-skew/data/processed/prism/ppt_0826_mm.tif,file, 61.4M,rw-r--r--,2025-05-15T01:26:14Z,cjtinant,staff,16777234,1,0,209560218,4096,125744,64,0,2025-07-18T04:48:29Z,2025-07-14T20:03:10Z,2025-05-15T01:26:14Z,tif,ppt_0826_mm.tif,prism/ppt_0826_mm.tif,prism,64.38,2025-05-15T01:26:14Z,processed,FALSE,GeoTIFF raster
/Users/cjtinant/Documents/Rprojects_not-class/FFA_regional-skew/data/processed/prism/ppt_0827_mm.tif,file, 61.42M,rw-r--r--,2025-05-15T01:26:14Z,cjtinant,staff,16777234,1,0,209560219,4096,125784,64,0,2025-07-18T04:48:29Z,2025-07-14T20:03:19Z,2025-05-15T01:26:14Z,tif,ppt_0827_mm.tif,prism/ppt_0827_mm.tif,prism,64.4,2025-05-15T01:26:14Z,processed,FALSE,GeoTIFF raster
/Users/cjtinant/Documents/Rprojects_not-class/FFA_regional-skew/data/processed/prism/ppt_0828_mm.tif,file, 61.41M,rw-r--r--,2025-05-15T01:26:14Z,cjtinant,staff,16777234,1,0,209560220,4096,125760,64,0,2025-07-18T04:48:29Z,2025-07-14T20:03:26Z,2025-05-15T01:26:14Z,tif,ppt_0828_mm.tif,prism/ppt_0828_mm.tif,prism,64.39,2025-05-15T01:26:14Z,processed,FALSE,GeoTIFF raster
/Users/cjtinant/Documents/Rprojects_not-class/FFA_regional-skew/data/processed/prism/ppt_0829_mm.tif,file, 61.44M,rw-r--r--,2025-05-15T01:26:14Z,cjtinant,staff,16777234,1,0,209560221,4096,125824,64,0,2025-07-18T04:48:29Z,2025-07-14T20:03:33Z,2025-05-15T01:26:14Z,tif,ppt_0829_mm.tif,prism/ppt_0829_mm.tif,prism,64.42,2025-05-15T01:26:14Z,processed,FALSE,GeoTIFF raster
/Users/cjtinant/Documents/Rprojects_not-class/FFA_regional-skew/data/processed/prism/ppt_0830_mm.tif,file, 61.42M,rw-r--r--,2025-05-15T01:26:14Z,cjtinant,staff,16777234,1,0,209560222,4096,125800,64,0,2025-07-18T04:48:29Z,2025-07-14T20:03:42Z,2025-05-15T01:26:14Z,tif,ppt_0830_mm.tif,prism/ppt_0830_mm.tif,prism,64.41,2025-05-15T01:26:14Z,processed,FALSE,GeoTIFF raster
/Users/cjtinant/Documents/Rprojects_not-class/FFA_regional-skew/data/processed/prism/ppt_0831_mm.tif,file, 61.41M,rw-r--r--,2025-05-15T01:26:14Z,cjtinant,staff,16777234,1,0,209560223,4096,125776,64,0,2025-07-18T04:48:29Z,2025-07-14T20:03:49Z,2025-05-15T01:26:14Z,tif,ppt_0831_mm.tif,prism/ppt_0831_mm.tif,prism,64.39,2025-05-15T01:26:14Z,processed,FALSE,GeoTIFF raster
/Users/cjtinant/Documents/Rprojects_not-class/FFA_regional-skew/data/processed/prism/ppt_0901_mm.tif,file, 61.41M,rw-r--r--,2025-05-15T01:26:14Z,cjtinant,staff,16777234,1,0,209560224,4096,125760,64,0,2025-07-18T04:48:29Z,2025-07-14T20:03:54Z,2025-05-15T01:26:14Z,tif,ppt_0901_mm.tif,prism/ppt_0901_mm.tif,prism,64.39,2025-05-15T01:26:14Z,processed,FALSE,GeoTIFF raster
/Users/cjtinant/Documents/Rprojects_not-class/FFA_regional-skew/data/processed/prism/ppt_0902_mm.tif,file, 61.41M,rw-r--r--,2025-05-15T01:26:14Z,cjtinant,staff,16777234,1,0,209560225,4096,125768,64,0,2025-07-18T04:48:29Z,2025-07-14T20:04:01Z,2025-05-15T01:26:14Z,tif,ppt_0902_mm.tif,prism/ppt_0902_mm.tif,prism,64.39,2025-05-15T01:26:14Z,processed,FALSE,GeoTIFF raster
/Users/cjtinant/Documents/Rprojects_not-class/FFA_regional-skew/data/processed/prism/ppt_0903_mm.tif,file, 61.41M,rw-r--r--,2025-05-15T01:26:14Z,cjtinant,staff,16777234,1,0,209560226,4096,125760,64,0,2025-07-18T04:48:29Z,2025-07-14T20:04:14Z,2025-05-15T01:26:14Z,tif,ppt_0903_mm.tif,prism/ppt_0903_mm.tif,prism,64.39,2025-05-15T01:26:14Z,processed,FALSE,GeoTIFF raster
/Users/cjtinant/Documents/Rprojects_not-class/FFA_regional-skew/data/processed/prism/ppt_0904_mm.tif,file, 61.4M,rw-r--r--,2025-05-15T01:26:14Z,cjtinant,staff,16777234,1,0,209560227,4096,125760,64,0,2025-07-18T04:48:29Z,2025-07-14T20:04:26Z,2025-05-15T01:26:14Z,tif,ppt_0904_mm.tif,prism/ppt_0904_mm.tif,prism,64.39,2025-05-15T01:26:14Z,processed,FALSE,GeoTIFF raster
/Users/cjtinant/Documents/Rprojects_not-class/FFA_regional-skew/data/processed/prism/ppt_0905_mm.tif,file, 61.4M,rw-r--r--,2025-05-15T01:26:14Z,cjtinant,staff,16777234,1,0,209560228,4096,125752,64,0,2025-07-18T04:48:29Z,2025-07-14T20:04:39Z,2025-05-15T01:26:14Z,tif,ppt_0905_mm.tif,prism/ppt_0905_mm.tif,prism,64.38,2025-05-15T01:26:14Z,processed,FALSE,GeoTIFF raster
/Users/cjtinant/Documents/Rprojects_not-class/FFA_regional-skew/data/processed/prism/ppt_0906_mm.tif,file, 61.4M,rw-r--r--,2025-05-15T01:26:15Z,cjtinant,staff,16777234,1,0,209560229,4096,125744,64,0,2025-07-18T04:48:29Z,2025-07-14T20:04:49Z,2025-05-15T01:26:14Z,tif,ppt_0906_mm.tif,prism/ppt_0906_mm.tif,prism,64.38,2025-05-15T01:26:15Z,processed,FALSE,GeoTIFF raster
/Users/cjtinant/Documents/Rprojects_not-class/FFA_regional-skew/data/processed/prism/ppt_0907_mm.tif,file, 61.39M,rw-r--r--,2025-05-15T01:26:15Z,cjtinant,staff,16777234,1,0,209560233,4096,125736,64,0,2025-07-18T04:48:29Z,2025-07-14T20:04:58Z,2025-05-15T01:26:15Z,tif,ppt_0907_mm.tif,prism/ppt_0907_mm.tif,prism,64.37,2025-05-15T01:26:15Z,processed,FALSE,GeoTIFF raster
/Users/cjtinant/Documents/Rprojects_not-class/FFA_regional-skew/data/processed/prism/ppt_0908_mm.tif,file, 61.39M,rw-r--r--,2025-05-15T01:26:15Z,cjtinant,staff,16777234,1,0,209560234,4096,125736,64,0,2025-07-18T04:48:29Z,2025-07-14T20:05:08Z,2025-05-15T01:26:15Z,tif,ppt_0908_mm.tif,prism/ppt_0908_mm.tif,prism,64.37,2025-05-15T01:26:15Z,processed,FALSE,GeoTIFF raster
/Users/cjtinant/Documents/Rprojects_not-class/FFA_regional-skew/data/processed/prism/ppt_0909_mm.tif,file, 61.39M,rw-r--r--,2025-05-15T01:26:15Z,cjtinant,staff,16777234,1,0,209560235,4096,125728,64,0,2025-07-18T04:48:29Z,2025-07-14T20:05:26Z,2025-05-15T01:26:15Z,tif,ppt_0909_mm.tif,prism/ppt_0909_mm.tif,prism,64.37,2025-05-15T01:26:15Z,processed,FALSE,GeoTIFF raster
/Users/cjtinant/Documents/Rprojects_not-class/FFA_regional-skew/data/processed/prism/ppt_0910_mm.tif,file, 61.39M,rw-r--r--,2025-05-15T01:26:15Z,cjtinant,staff,16777234,1,0,209560236,4096,125728,64,0,2025-07-18T04:48:29Z,2025-07-14T20:05:33Z,2025-05-15T01:26:15Z,tif,ppt_0910_mm.tif,prism/ppt_0910_mm.tif,prism,64.37,2025-05-15T01:26:15Z,processed,FALSE,GeoTIFF raster
/Users/cjtinant/Documents/Rprojects_not-class/FFA_regional-skew/data/processed/prism/ppt_0911_mm.tif,file, 61.39M,rw-r--r--,2025-05-15T01:26:15Z,cjtinant,staff,16777234,1,0,209560237,4096,125720,64,0,2025-07-18T04:48:29Z,2025-07-14T20:05:46Z,2025-05-15T01:26:15Z,tif,ppt_0911_mm.tif,prism/ppt_0911_mm.tif,prism,64.37,2025-05-15T01:26:15Z,processed,FALSE,GeoTIFF raster
/Users/cjtinant/Documents/Rprojects_not-class/FFA_regional-skew/data/processed/prism/ppt_0912_mm.tif,file, 61.38M,rw-r--r--,2025-05-15T01:26:15Z,cjtinant,staff,16777234,1,0,209560238,4096,125712,64,0,2025-07-18T04:48:29Z,2025-07-14T20:05:55Z,2025-05-15T01:26:15Z,tif,ppt_0912_mm.tif,prism/ppt_0912_mm.tif,prism,64.36,2025-05-15T01:26:15Z,processed,FALSE,GeoTIFF raster
/Users/cjtinant/Documents/Rprojects_not-class/FFA_regional-skew/data/processed/prism/ppt_0913_mm.tif,file, 61.37M,rw-r--r--,2025-05-15T01:26:15Z,cjtinant,staff,16777234,1,0,209560239,4096,125680,64,0,2025-07-18T04:48:29Z,2025-07-14T20:06:03Z,2025-05-15T01:26:15Z,tif,ppt_0913_mm.tif,prism/ppt_0913_mm.tif,prism,64.35,2025-05-15T01:26:15Z,processed,FALSE,GeoTIFF raster
/Users/cjtinant/Documents/Rprojects_not-class/FFA_regional-skew/data/processed/prism/ppt_0914_mm.tif,file, 61.34M,rw-r--r--,2025-05-15T01:26:15Z,cjtinant,staff,16777234,1,0,209560240,4096,125632,64,0,2025-07-18T04:48:49Z,2025-07-14T20:06:19Z,2025-05-15T01:26:15Z,tif,ppt_0914_mm.tif,prism/ppt_0914_mm.tif,prism,64.32,2025-05-15T01:26:15Z,processed,FALSE,GeoTIFF raster
/Users/cjtinant/Documents/Rprojects_not-class/FFA_regional-skew/data/processed/prism/ppt_0915_mm.tif,file, 61.32M,rw-r--r--,2025-05-15T01:26:15Z,cjtinant,staff,16777234,1,0,209560241,4096,125584,64,0,2025-07-18T04:48:29Z,2025-07-14T20:06:28Z,2025-05-15T01:26:15Z,tif,ppt_0915_mm.tif,prism/ppt_0915_mm.tif,prism,64.3,2025-05-15T01:26:15Z,processed,FALSE,GeoTIFF raster
/Users/cjtinant/Documents/Rprojects_not-class/FFA_regional-skew/data/processed/prism/ppt_0916_mm.tif,file, 61.3M,rw-r--r--,2025-05-15T01:26:15Z,cjtinant,staff,16777234,1,0,209560243,4096,125544,64,0,2025-07-18T04:48:29Z,2025-07-14T20:06:42Z,2025-05-15T01:26:15Z,tif,ppt_0916_mm.tif,prism/ppt_0916_mm.tif,prism,64.28,2025-05-15T01:26:15Z,processed,FALSE,GeoTIFF raster
/Users/cjtinant/Documents/Rprojects_not-class/FFA_regional-skew/data/processed/prism/ppt_0917_mm.tif,file, 61.27M,rw-r--r--,2025-05-15T01:26:15Z,cjtinant,staff,16777234,1,0,209560244,4096,125488,64,0,2025-07-18T04:48:29Z,2025-07-14T20:06:53Z,2025-05-15T01:26:15Z,tif,ppt_0917_mm.tif,prism/ppt_0917_mm.tif,prism,64.25,2025-05-15T01:26:15Z,processed,FALSE,GeoTIFF raster
/Users/cjtinant/Documents/Rprojects_not-class/FFA_regional-skew/data/processed/prism/ppt_0918_mm.tif,file, 61.26M,rw-r--r--,2025-05-15T01:26:15Z,cjtinant,staff,16777234,1,0,209560245,4096,125456,64,0,2025-07-18T04:48:29Z,2025-07-14T20:07:04Z,2025-05-15T01:26:15Z,tif,ppt_0918_mm.tif,prism/ppt_0918_mm.tif,prism,64.23,2025-05-15T01:26:15Z,processed,FALSE,GeoTIFF raster
/Users/cjtinant/Documents/Rprojects_not-class/FFA_regional-skew/data/processed/prism/ppt_0919_mm.tif,file, 61.25M,rw-r--r--,2025-05-15T01:26:15Z,cjtinant,staff,16777234,1,0,209560249,4096,125440,64,0,2025-07-18T04:48:29Z,2025-07-14T20:07:18Z,2025-05-15T01:26:15Z,tif,ppt_0919_mm.tif,prism/ppt_0919_mm.tif,prism,64.22,2025-05-15T01:26:15Z,processed,FALSE,GeoTIFF raster
/Users/cjtinant/Documents/Rprojects_not-class/FFA_regional-skew/data/processed/prism/ppt_0920_mm.tif,file, 61.24M,rw-r--r--,2025-05-15T01:26:15Z,cjtinant,staff,16777234,1,0,209560250,4096,125432,64,0,2025-07-18T04:48:29Z,2025-07-14T20:07:27Z,2025-05-15T01:26:15Z,tif,ppt_0920_mm.tif,prism/ppt_0920_mm.tif,prism,64.22,2025-05-15T01:26:15Z,processed,FALSE,GeoTIFF raster
/Users/cjtinant/Documents/Rprojects_not-class/FFA_regional-skew/data/processed/prism/ppt_0921_mm.tif,file, 61.26M,rw-r--r--,2025-05-15T01:26:15Z,cjtinant,staff,16777234,1,0,209560251,4096,125464,64,0,2025-07-18T04:48:29Z,2025-07-14T20:07:35Z,2025-05-15T01:26:15Z,tif,ppt_0921_mm.tif,prism/ppt_0921_mm.tif,prism,64.24,2025-05-15T01:26:15Z,processed,FALSE,GeoTIFF raster
/Users/cjtinant/Documents/Rprojects_not-class/FFA_regional-skew/data/processed/prism/ppt_0922_mm.tif,file, 61.28M,rw-r--r--,2025-05-15T01:26:15Z,cjtinant,staff,16777234,1,0,209560252,4096,125504,64,0,2025-07-18T04:48:29Z,2025-07-14T20:07:46Z,2025-05-15T01:26:15Z,tif,ppt_0922_mm.tif,prism/ppt_0922_mm.tif,prism,64.26,2025-05-15T01:26:15Z,processed,FALSE,GeoTIFF raster
/Users/cjtinant/Documents/Rprojects_not-class/FFA_regional-skew/data/processed/prism/ppt_0923_mm.tif,file, 61.29M,rw-r--r--,2025-05-15T01:26:16Z,cjtinant,staff,16777234,1,0,209560253,4096,125520,64,0,2025-07-18T04:48:29Z,2025-07-14T20:08:00Z,2025-05-15T01:26:15Z,tif,ppt_0923_mm.tif,prism/ppt_0923_mm.tif,prism,64.26,2025-05-15T01:26:16Z,processed,FALSE,GeoTIFF raster
/Users/cjtinant/Documents/Rprojects_not-class/FFA_regional-skew/data/processed/prism/ppt_0924_mm.tif,file, 61.28M,rw-r--r--,2025-05-15T01:26:16Z,cjtinant,staff,16777234,1,0,209560254,4096,125512,64,0,2025-07-18T04:48:29Z,2025-07-14T20:08:12Z,2025-05-15T01:26:16Z,tif,ppt_0924_mm.tif,prism/ppt_0924_mm.tif,prism,64.26,2025-05-15T01:26:16Z,processed,FALSE,GeoTIFF raster
/Users/cjtinant/Documents/Rprojects_not-class/FFA_regional-skew/data/processed/prism/ppt_0925_mm.tif,file, 61.27M,rw-r--r--,2025-05-15T01:26:16Z,cjtinant,staff,16777234,1,0,209560255,4096,125480,64,0,2025-07-18T04:48:29Z,2025-07-14T20:08:22Z,2025-05-15T01:26:16Z,tif,ppt_0925_mm.tif,prism/ppt_0925_mm.tif,prism,64.25,2025-05-15T01:26:16Z,processed,FALSE,GeoTIFF raster
/Users/cjtinant/Documents/Rprojects_not-class/FFA_regional-skew/data/processed/prism/ppt_0926_mm.tif,file, 61.24M,rw-r--r--,2025-05-15T01:26:16Z,cjtinant,staff,16777234,1,0,209560256,4096,125424,64,0,2025-07-18T04:48:29Z,2025-07-14T20:08:33Z,2025-05-15T01:26:16Z,tif,ppt_0926_mm.tif,prism/ppt_0926_mm.tif,prism,64.21,2025-05-15T01:26:16Z,processed,FALSE,GeoTIFF raster
/Users/cjtinant/Documents/Rprojects_not-class/FFA_regional-skew/data/processed/prism/ppt_0927_mm.tif,file, 61.21M,rw-r--r--,2025-05-15T01:26:16Z,cjtinant,staff,16777234,1,0,209560257,4096,125368,64,0,2025-07-18T04:48:29Z,2025-07-14T20:08:40Z,2025-05-15T01:26:16Z,tif,ppt_0927_mm.tif,prism/ppt_0927_mm.tif,prism,64.19,2025-05-15T01:26:16Z,processed,FALSE,GeoTIFF raster
/Users/cjtinant/Documents/Rprojects_not-class/FFA_regional-skew/data/processed/prism/ppt_0928_mm.tif,file, 61.18M,rw-r--r--,2025-05-15T01:26:16Z,cjtinant,staff,16777234,1,0,209560258,4096,125304,64,0,2025-07-18T04:48:29Z,2025-07-14T20:08:48Z,2025-05-15T01:26:16Z,tif,ppt_0928_mm.tif,prism/ppt_0928_mm.tif,prism,64.15,2025-05-15T01:26:16Z,processed,FALSE,GeoTIFF raster
/Users/cjtinant/Documents/Rprojects_not-class/FFA_regional-skew/data/processed/prism/ppt_0929_mm.tif,file, 61.15M,rw-r--r--,2025-05-15T01:26:16Z,cjtinant,staff,16777234,1,0,209560259,4096,125248,64,0,2025-07-18T04:48:29Z,2025-07-14T20:08:56Z,2025-05-15T01:26:16Z,tif,ppt_0929_mm.tif,prism/ppt_0929_mm.tif,prism,64.12,2025-05-15T01:26:16Z,processed,FALSE,GeoTIFF raster
/Users/cjtinant/Documents/Rprojects_not-class/FFA_regional-skew/data/processed/prism/ppt_0930_mm.tif,file, 61.13M,rw-r--r--,2025-05-15T01:26:16Z,cjtinant,staff,16777234,1,0,209560260,4096,125192,64,0,2025-07-18T04:48:29Z,2025-07-14T20:08:59Z,2025-05-15T01:26:16Z,tif,ppt_0930_mm.tif,prism/ppt_0930_mm.tif,prism,64.1,2025-05-15T01:26:16Z,processed,FALSE,GeoTIFF raster
/Users/cjtinant/Documents/Rprojects_not-class/FFA_regional-skew/data/processed/prism/ppt_1001_mm.tif,file, 61.11M,rw-r--r--,2025-05-15T01:26:16Z,cjtinant,staff,16777234,1,0,209560261,4096,125144,64,0,2025-07-18T04:48:29Z,2025-07-14T20:09:12Z,2025-05-15T01:26:16Z,tif,ppt_1001_mm.tif,prism/ppt_1001_mm.tif,prism,64.07,2025-05-15T01:26:16Z,processed,FALSE,GeoTIFF raster
/Users/cjtinant/Documents/Rprojects_not-class/FFA_regional-skew/data/processed/prism/ppt_1002_mm.tif,file, 61.1M,rw-r--r--,2025-05-15T01:26:16Z,cjtinant,staff,16777234,1,0,209560265,4096,125136,64,0,2025-07-18T04:48:29Z,2025-07-14T20:09:14Z,2025-05-15T01:26:16Z,tif,ppt_1002_mm.tif,prism/ppt_1002_mm.tif,prism,64.07,2025-05-15T01:26:16Z,processed,FALSE,GeoTIFF raster
/Users/cjtinant/Documents/Rprojects_not-class/FFA_regional-skew/data/processed/prism/ppt_1003_mm.tif,file, 61.11M,rw-r--r--,2025-05-15T01:26:16Z,cjtinant,staff,16777234,1,0,209560266,4096,125152,64,0,2025-07-18T04:48:29Z,2025-07-14T20:09:29Z,2025-05-15T01:26:16Z,tif,ppt_1003_mm.tif,prism/ppt_1003_mm.tif,prism,64.08,2025-05-15T01:26:16Z,processed,FALSE,GeoTIFF raster
/Users/cjtinant/Documents/Rprojects_not-class/FFA_regional-skew/data/processed/prism/ppt_1004_mm.tif,file, 61.13M,rw-r--r--,2025-05-15T01:26:16Z,cjtinant,staff,16777234,1,0,209560267,4096,125200,64,0,2025-07-18T04:48:29Z,2025-07-14T20:09:41Z,2025-05-15T01:26:16Z,tif,ppt_1004_mm.tif,prism/ppt_1004_mm.tif,prism,64.1,2025-05-15T01:26:16Z,processed,FALSE,GeoTIFF raster
/Users/cjtinant/Documents/Rprojects_not-class/FFA_regional-skew/data/processed/prism/ppt_1005_mm.tif,file, 61.15M,rw-r--r--,2025-05-15T01:26:16Z,cjtinant,staff,16777234,1,0,209560268,4096,125240,64,0,2025-07-18T04:48:29Z,2025-07-14T20:09:53Z,2025-05-15T01:26:16Z,tif,ppt_1005_mm.tif,prism/ppt_1005_mm.tif,prism,64.12,2025-05-15T01:26:16Z,processed,FALSE,GeoTIFF raster
/Users/cjtinant/Documents/Rprojects_not-class/FFA_regional-skew/data/processed/prism/ppt_1006_mm.tif,file, 61.16M,rw-r--r--,2025-05-15T01:26:16Z,cjtinant,staff,16777234,1,0,209560269,4096,125264,64,0,2025-07-18T04:48:29Z,2025-07-14T20:10:03Z,2025-05-15T01:26:16Z,tif,ppt_1006_mm.tif,prism/ppt_1006_mm.tif,prism,64.13,2025-05-15T01:26:16Z,processed,FALSE,GeoTIFF raster
/Users/cjtinant/Documents/Rprojects_not-class/FFA_regional-skew/data/processed/prism/ppt_1007_mm.tif,file, 61.17M,rw-r--r--,2025-05-15T01:26:16Z,cjtinant,staff,16777234,1,0,209560270,4096,125272,64,0,2025-07-18T04:48:29Z,2025-07-14T20:10:11Z,2025-05-15T01:26:16Z,tif,ppt_1007_mm.tif,prism/ppt_1007_mm.tif,prism,64.14,2025-05-15T01:26:16Z,processed,FALSE,GeoTIFF raster
/Users/cjtinant/Documents/Rprojects_not-class/FFA_regional-skew/data/processed/prism/ppt_1008_mm.tif,file, 61.17M,rw-r--r--,2025-05-15T01:26:16Z,cjtinant,staff,16777234,1,0,209560271,4096,125288,64,0,2025-07-18T04:48:29Z,2025-07-14T20:10:24Z,2025-05-15T01:26:16Z,tif,ppt_1008_mm.tif,prism/ppt_1008_mm.tif,prism,64.14,2025-05-15T01:26:16Z,processed,FALSE,GeoTIFF raster
/Users/cjtinant/Documents/Rprojects_not-class/FFA_regional-skew/data/processed/prism/ppt_1009_mm.tif,file, 61.19M,rw-r--r--,2025-05-15T01:26:16Z,cjtinant,staff,16777234,1,0,209560272,4096,125320,64,0,2025-07-18T04:48:29Z,2025-07-14T20:10:34Z,2025-05-15T01:26:16Z,tif,ppt_1009_mm.tif,prism/ppt_1009_mm.tif,prism,64.16,2025-05-15T01:26:16Z,processed,FALSE,GeoTIFF raster
/Users/cjtinant/Documents/Rprojects_not-class/FFA_regional-skew/data/processed/prism/ppt_1010_mm.tif,file, 61.2M,rw-r--r--,2025-05-15T01:26:16Z,cjtinant,staff,16777234,1,0,209560273,4096,125344,64,0,2025-07-18T04:48:29Z,2025-07-14T20:10:46Z,2025-05-15T01:26:16Z,tif,ppt_1010_mm.tif,prism/ppt_1010_mm.tif,prism,64.17,2025-05-15T01:26:16Z,processed,FALSE,GeoTIFF raster
/Users/cjtinant/Documents/Rprojects_not-class/FFA_regional-skew/data/processed/prism/ppt_1011_mm.tif,file, 61.21M,rw-r--r--,2025-05-15T01:26:17Z,cjtinant,staff,16777234,1,0,209560274,4096,125368,64,0,2025-07-18T04:48:29Z,2025-07-14T20:10:56Z,2025-05-15T01:26:17Z,tif,ppt_1011_mm.tif,prism/ppt_1011_mm.tif,prism,64.19,2025-05-15T01:26:17Z,processed,FALSE,GeoTIFF raster
/Users/cjtinant/Documents/Rprojects_not-class/FFA_regional-skew/data/processed/prism/ppt_1012_mm.tif,file, 61.22M,rw-r--r--,2025-05-15T01:26:17Z,cjtinant,staff,16777234,1,0,209560275,4096,125384,64,0,2025-07-18T04:48:29Z,2025-07-14T20:11:07Z,2025-05-15T01:26:17Z,tif,ppt_1012_mm.tif,prism/ppt_1012_mm.tif,prism,64.19,2025-05-15T01:26:17Z,processed,FALSE,GeoTIFF raster
/Users/cjtinant/Documents/Rprojects_not-class/FFA_regional-skew/data/processed/prism/ppt_1013_mm.tif,file, 61.24M,rw-r--r--,2025-05-15T01:26:17Z,cjtinant,staff,16777234,1,0,209560279,4096,125424,64,0,2025-07-18T04:48:29Z,2025-07-14T20:11:17Z,2025-05-15T01:26:17Z,tif,ppt_1013_mm.tif,prism/ppt_1013_mm.tif,prism,64.21,2025-05-15T01:26:17Z,processed,FALSE,GeoTIFF raster
/Users/cjtinant/Documents/Rprojects_not-class/FFA_regional-skew/data/processed/prism/ppt_1014_mm.tif,file, 61.26M,rw-r--r--,2025-05-15T01:26:17Z,cjtinant,staff,16777234,1,0,209560280,4096,125464,64,0,2025-07-18T04:48:29Z,2025-07-14T20:11:27Z,2025-05-15T01:26:17Z,tif,ppt_1014_mm.tif,prism/ppt_1014_mm.tif,prism,64.23,2025-05-15T01:26:17Z,processed,FALSE,GeoTIFF raster
/Users/cjtinant/Documents/Rprojects_not-class/FFA_regional-skew/data/processed/prism/ppt_1015_mm.tif,file, 61.27M,rw-r--r--,2025-05-15T01:26:17Z,cjtinant,staff,16777234,1,0,209560281,4096,125488,64,0,2025-07-18T04:48:29Z,2025-07-14T20:11:37Z,2025-05-15T01:26:17Z,tif,ppt_1015_mm.tif,prism/ppt_1015_mm.tif,prism,64.25,2025-05-15T01:26:17Z,processed,FALSE,GeoTIFF raster
/Users/cjtinant/Documents/Rprojects_not-class/FFA_regional-skew/data/processed/prism/ppt_1016_mm.tif,file, 61.27M,rw-r--r--,2025-05-15T01:26:17Z,cjtinant,staff,16777234,1,0,209560282,4096,125496,64,0,2025-07-18T04:48:29Z,2025-07-14T20:11:48Z,2025-05-15T01:26:17Z,tif,ppt_1016_mm.tif,prism/ppt_1016_mm.tif,prism,64.25,2025-05-15T01:26:17Z,processed,FALSE,GeoTIFF raster
/Users/cjtinant/Documents/Rprojects_not-class/FFA_regional-skew/data/processed/prism/ppt_1017_mm.tif,file, 61.3M,rw-r--r--,2025-05-15T01:26:17Z,cjtinant,staff,16777234,1,0,209560283,4096,125544,64,0,2025-07-18T04:48:29Z,2025-07-14T20:12:04Z,2025-05-15T01:26:17Z,tif,ppt_1017_mm.tif,prism/ppt_1017_mm.tif,prism,64.28,2025-05-15T01:26:17Z,processed,FALSE,GeoTIFF raster
/Users/cjtinant/Documents/Rprojects_not-class/FFA_regional-skew/data/processed/prism/ppt_1018_mm.tif,file, 61.33M,rw-r--r--,2025-05-15T01:26:17Z,cjtinant,staff,16777234,1,0,209560284,4096,125608,64,0,2025-07-18T04:48:29Z,2025-07-14T20:12:25Z,2025-05-15T01:26:17Z,tif,ppt_1018_mm.tif,prism/ppt_1018_mm.tif,prism,64.31,2025-05-15T01:26:17Z,processed,FALSE,GeoTIFF raster
/Users/cjtinant/Documents/Rprojects_not-class/FFA_regional-skew/data/processed/prism/ppt_1019_mm.tif,file, 61.37M,rw-r--r--,2025-05-15T01:26:17Z,cjtinant,staff,16777234,1,0,209560285,4096,125688,64,0,2025-07-18T04:48:29Z,2025-07-14T20:12:35Z,2025-05-15T01:26:17Z,tif,ppt_1019_mm.tif,prism/ppt_1019_mm.tif,prism,64.35,2025-05-15T01:26:17Z,processed,FALSE,GeoTIFF raster
/Users/cjtinant/Documents/Rprojects_not-class/FFA_regional-skew/data/processed/prism/ppt_1020_mm.tif,file, 61.4M,rw-r--r--,2025-05-15T01:26:17Z,cjtinant,staff,16777234,1,0,209560286,4096,125744,64,0,2025-07-18T04:48:29Z,2025-07-14T20:12:48Z,2025-05-15T01:26:17Z,tif,ppt_1020_mm.tif,prism/ppt_1020_mm.tif,prism,64.38,2025-05-15T01:26:17Z,processed,FALSE,GeoTIFF raster
/Users/cjtinant/Documents/Rprojects_not-class/FFA_regional-skew/data/processed/prism/ppt_1021_mm.tif,file, 61.42M,rw-r--r--,2025-05-15T01:26:17Z,cjtinant,staff,16777234,1,0,209560287,4096,125784,64,0,2025-07-18T04:48:29Z,2025-07-14T20:12:56Z,2025-05-15T01:26:17Z,tif,ppt_1021_mm.tif,prism/ppt_1021_mm.tif,prism,64.4,2025-05-15T01:26:17Z,processed,FALSE,GeoTIFF raster
/Users/cjtinant/Documents/Rprojects_not-class/FFA_regional-skew/data/processed/prism/ppt_1022_mm.tif,file, 61.43M,rw-r--r--,2025-05-15T01:26:17Z,cjtinant,staff,16777234,1,0,209560288,4096,125816,64,0,2025-07-18T04:48:29Z,2025-07-14T20:13:06Z,2025-05-15T01:26:17Z,tif,ppt_1022_mm.tif,prism/ppt_1022_mm.tif,prism,64.41,2025-05-15T01:26:17Z,processed,FALSE,GeoTIFF raster
/Users/cjtinant/Documents/Rprojects_not-class/FFA_regional-skew/data/processed/prism/ppt_1023_mm.tif,file, 61.44M,rw-r--r--,2025-05-15T01:26:17Z,cjtinant,staff,16777234,1,0,209560289,4096,125832,64,0,2025-07-18T04:48:29Z,2025-07-14T20:13:10Z,2025-05-15T01:26:17Z,tif,ppt_1023_mm.tif,prism/ppt_1023_mm.tif,prism,64.43,2025-05-15T01:26:17Z,processed,FALSE,GeoTIFF raster
/Users/cjtinant/Documents/Rprojects_not-class/FFA_regional-skew/data/processed/prism/ppt_1024_mm.tif,file, 61.45M,rw-r--r--,2025-05-15T01:26:17Z,cjtinant,staff,16777234,1,0,209560293,4096,125848,64,0,2025-07-18T04:48:29Z,2025-07-14T20:13:12Z,2025-05-15T01:26:17Z,tif,ppt_1024_mm.tif,prism/ppt_1024_mm.tif,prism,64.43,2025-05-15T01:26:17Z,processed,FALSE,GeoTIFF raster
/Users/cjtinant/Documents/Rprojects_not-class/FFA_regional-skew/data/processed/prism/ppt_1025_mm.tif,file, 61.46M,rw-r--r--,2025-05-15T01:26:17Z,cjtinant,staff,16777234,1,0,209560294,4096,125872,64,0,2025-07-18T04:48:49Z,2025-07-14T20:13:14Z,2025-05-15T01:26:17Z,tif,ppt_1025_mm.tif,prism/ppt_1025_mm.tif,prism,64.44,2025-05-15T01:26:17Z,processed,FALSE,GeoTIFF raster
/Users/cjtinant/Documents/Rprojects_not-class/FFA_regional-skew/data/processed/prism/ppt_1026_mm.tif,file, 61.47M,rw-r--r--,2025-05-15T01:26:17Z,cjtinant,staff,16777234,1,0,209560295,4096,125896,64,0,2025-07-18T04:48:29Z,2025-07-14T20:13:16Z,2025-05-15T01:26:17Z,tif,ppt_1026_mm.tif,prism/ppt_1026_mm.tif,prism,64.46,2025-05-15T01:26:17Z,processed,FALSE,GeoTIFF raster
/Users/cjtinant/Documents/Rprojects_not-class/FFA_regional-skew/data/processed/prism/ppt_1027_mm.tif,file, 61.48M,rw-r--r--,2025-05-15T01:26:17Z,cjtinant,staff,16777234,1,0,209560296,4096,125912,64,0,2025-07-18T04:48:29Z,2025-07-14T20:13:18Z,2025-05-15T01:26:17Z,tif,ppt_1027_mm.tif,prism/ppt_1027_mm.tif,prism,64.47,2025-05-15T01:26:17Z,processed,FALSE,GeoTIFF raster
/Users/cjtinant/Documents/Rprojects_not-class/FFA_regional-skew/data/processed/prism/ppt_1028_mm.tif,file, 61.5M,rw-r--r--,2025-05-15T01:26:18Z,cjtinant,staff,16777234,1,0,209560297,4096,125960,64,0,2025-07-18T04:48:29Z,2025-07-14T20:13:27Z,2025-05-15T01:26:17Z,tif,ppt_1028_mm.tif,prism/ppt_1028_mm.tif,prism,64.49,2025-05-15T01:26:18Z,processed,FALSE,GeoTIFF raster
/Users/cjtinant/Documents/Rprojects_not-class/FFA_regional-skew/data/processed/prism/ppt_1029_mm.tif,file, 61.53M,rw-r--r--,2025-05-15T01:26:18Z,cjtinant,staff,16777234,1,0,209560298,4096,126024,64,0,2025-07-18T04:48:29Z,2025-07-14T20:13:39Z,2025-05-15T01:26:18Z,tif,ppt_1029_mm.tif,prism/ppt_1029_mm.tif,prism,64.52,2025-05-15T01:26:18Z,processed,FALSE,GeoTIFF raster
/Users/cjtinant/Documents/Rprojects_not-class/FFA_regional-skew/data/processed/prism/ppt_1030_mm.tif,file, 61.57M,rw-r--r--,2025-05-15T01:26:18Z,cjtinant,staff,16777234,1,0,209560299,4096,126104,64,0,2025-07-18T04:48:29Z,2025-07-14T20:13:45Z,2025-05-15T01:26:18Z,tif,ppt_1030_mm.tif,prism/ppt_1030_mm.tif,prism,64.56,2025-05-15T01:26:18Z,processed,FALSE,GeoTIFF raster
/Users/cjtinant/Documents/Rprojects_not-class/FFA_regional-skew/data/processed/prism/ppt_1031_mm.tif,file, 61.61M,rw-r--r--,2025-05-15T01:26:18Z,cjtinant,staff,16777234,1,0,209560300,4096,126184,64,0,2025-07-18T04:48:29Z,2025-07-14T20:13:51Z,2025-05-15T01:26:18Z,tif,ppt_1031_mm.tif,prism/ppt_1031_mm.tif,prism,64.6,2025-05-15T01:26:18Z,processed,FALSE,GeoTIFF raster
/Users/cjtinant/Documents/Rprojects_not-class/FFA_regional-skew/data/processed/prism/ppt_1101_mm.tif,file, 61.65M,rw-r--r--,2025-05-15T01:26:18Z,cjtinant,staff,16777234,1,0,209560301,4096,126272,64,0,2025-07-18T04:48:29Z,2025-07-14T20:13:59Z,2025-05-15T01:26:18Z,tif,ppt_1101_mm.tif,prism/ppt_1101_mm.tif,prism,64.65,2025-05-15T01:26:18Z,processed,FALSE,GeoTIFF raster
/Users/cjtinant/Documents/Rprojects_not-class/FFA_regional-skew/data/processed/prism/ppt_1102_mm.tif,file, 61.68M,rw-r--r--,2025-05-15T01:26:18Z,cjtinant,staff,16777234,1,0,209560302,4096,126320,64,0,2025-07-18T04:48:29Z,2025-07-14T20:14:16Z,2025-05-15T01:26:18Z,tif,ppt_1102_mm.tif,prism/ppt_1102_mm.tif,prism,64.67,2025-05-15T01:26:18Z,processed,FALSE,GeoTIFF raster
/Users/cjtinant/Documents/Rprojects_not-class/FFA_regional-skew/data/processed/prism/ppt_1103_mm.tif,file, 61.68M,rw-r--r--,2025-05-15T01:26:18Z,cjtinant,staff,16777234,1,0,209560303,4096,126328,64,0,2025-07-18T04:48:29Z,2025-07-14T20:14:24Z,2025-05-15T01:26:18Z,tif,ppt_1103_mm.tif,prism/ppt_1103_mm.tif,prism,64.68,2025-05-15T01:26:18Z,processed,FALSE,GeoTIFF raster
/Users/cjtinant/Documents/Rprojects_not-class/FFA_regional-skew/data/processed/prism/ppt_1104_mm.tif,file, 61.7M,rw-r--r--,2025-05-15T01:26:18Z,cjtinant,staff,16777234,1,0,209560304,4096,126360,64,0,2025-07-18T04:48:29Z,2025-07-14T20:14:36Z,2025-05-15T01:26:18Z,tif,ppt_1104_mm.tif,prism/ppt_1104_mm.tif,prism,64.7,2025-05-15T01:26:18Z,processed,FALSE,GeoTIFF raster
/Users/cjtinant/Documents/Rprojects_not-class/FFA_regional-skew/data/processed/prism/ppt_1105_mm.tif,file, 61.72M,rw-r--r--,2025-05-15T01:26:18Z,cjtinant,staff,16777234,1,0,209560308,4096,126400,64,0,2025-07-18T04:48:49Z,2025-07-14T20:14:43Z,2025-05-15T01:26:18Z,tif,ppt_1105_mm.tif,prism/ppt_1105_mm.tif,prism,64.71,2025-05-15T01:26:18Z,processed,FALSE,GeoTIFF raster
/Users/cjtinant/Documents/Rprojects_not-class/FFA_regional-skew/data/processed/prism/ppt_1106_mm.tif,file, 61.73M,rw-r--r--,2025-05-15T01:26:18Z,cjtinant,staff,16777234,1,0,209560324,4096,126424,64,0,2025-07-18T04:48:29Z,2025-07-14T20:14:48Z,2025-05-15T01:26:18Z,tif,ppt_1106_mm.tif,prism/ppt_1106_mm.tif,prism,64.73,2025-05-15T01:26:18Z,processed,FALSE,GeoTIFF raster
/Users/cjtinant/Documents/Rprojects_not-class/FFA_regional-skew/data/processed/prism/ppt_1107_mm.tif,file, 61.76M,rw-r--r--,2025-05-15T01:26:18Z,cjtinant,staff,16777234,1,0,209560325,4096,126480,64,0,2025-07-18T04:48:29Z,2025-07-14T20:14:56Z,2025-05-15T01:26:18Z,tif,ppt_1107_mm.tif,prism/ppt_1107_mm.tif,prism,64.76,2025-05-15T01:26:18Z,processed,FALSE,GeoTIFF raster
/Users/cjtinant/Documents/Rprojects_not-class/FFA_regional-skew/data/processed/prism/ppt_1108_mm.tif,file, 61.8M,rw-r--r--,2025-05-15T01:26:18Z,cjtinant,staff,16777234,1,0,209560326,4096,126568,64,0,2025-07-18T04:48:29Z,2025-07-14T20:15:06Z,2025-05-15T01:26:18Z,tif,ppt_1108_mm.tif,prism/ppt_1108_mm.tif,prism,64.8,2025-05-15T01:26:18Z,processed,FALSE,GeoTIFF raster
/Users/cjtinant/Documents/Rprojects_not-class/FFA_regional-skew/data/processed/prism/ppt_1109_mm.tif,file, 61.85M,rw-r--r--,2025-05-15T01:26:18Z,cjtinant,staff,16777234,1,0,209560327,4096,126664,64,0,2025-07-15T00:08:36Z,2025-07-14T20:15:14Z,2025-05-15T01:26:18Z,tif,ppt_1109_mm.tif,prism/ppt_1109_mm.tif,prism,64.85,2025-05-15T01:26:18Z,processed,FALSE,GeoTIFF raster
/Users/cjtinant/Documents/Rprojects_not-class/FFA_regional-skew/data/processed/prism/ppt_1110_mm.tif,file, 61.89M,rw-r--r--,2025-05-15T01:26:18Z,cjtinant,staff,16777234,1,0,209560328,4096,126760,64,0,2025-07-15T00:08:36Z,2025-07-14T20:15:29Z,2025-05-15T01:26:18Z,tif,ppt_1110_mm.tif,prism/ppt_1110_mm.tif,prism,64.9,2025-05-15T01:26:18Z,processed,FALSE,GeoTIFF raster
/Users/cjtinant/Documents/Rprojects_not-class/FFA_regional-skew/data/processed/prism/ppt_1111_mm.tif,file, 61.94M,rw-r--r--,2025-05-15T01:26:18Z,cjtinant,staff,16777234,1,0,209560329,4096,126848,64,0,2025-07-15T00:08:36Z,2025-07-14T20:15:41Z,2025-05-15T01:26:18Z,tif,ppt_1111_mm.tif,prism/ppt_1111_mm.tif,prism,64.95,2025-05-15T01:26:18Z,processed,FALSE,GeoTIFF raster
/Users/cjtinant/Documents/Rprojects_not-class/FFA_regional-skew/data/processed/prism/ppt_1112_mm.tif,file, 61.97M,rw-r--r--,2025-05-15T01:26:18Z,cjtinant,staff,16777234,1,0,209560330,4096,126928,64,0,2025-07-15T00:08:36Z,2025-07-14T20:15:48Z,2025-05-15T01:26:18Z,tif,ppt_1112_mm.tif,prism/ppt_1112_mm.tif,prism,64.98,2025-05-15T01:26:18Z,processed,FALSE,GeoTIFF raster
/Users/cjtinant/Documents/Rprojects_not-class/FFA_regional-skew/data/processed/prism/ppt_1113_mm.tif,file, 61.99M,rw-r--r--,2025-05-15T01:26:18Z,cjtinant,staff,16777234,1,0,209560331,4096,126968,64,0,2025-07-15T04:37:17Z,2025-07-14T20:16:01Z,2025-05-15T01:26:18Z,tif,ppt_1113_mm.tif,prism/ppt_1113_mm.tif,prism,65,2025-05-15T01:26:18Z,processed,FALSE,GeoTIFF raster
/Users/cjtinant/Documents/Rprojects_not-class/FFA_regional-skew/data/processed/prism/ppt_1114_mm.tif,file, 62.01M,rw-r--r--,2025-05-15T01:26:19Z,cjtinant,staff,16777234,1,0,209560332,4096,127000,64,0,2025-07-15T00:08:36Z,2025-07-14T20:16:12Z,2025-05-15T01:26:18Z,tif,ppt_1114_mm.tif,prism/ppt_1114_mm.tif,prism,65.02,2025-05-15T01:26:19Z,processed,FALSE,GeoTIFF raster
/Users/cjtinant/Documents/Rprojects_not-class/FFA_regional-skew/data/processed/prism/ppt_1115_mm.tif,file, 62.03M,rw-r--r--,2025-05-15T01:26:19Z,cjtinant,staff,16777234,1,0,209560333,4096,127032,64,0,2025-07-14T22:56:48Z,2025-07-14T20:16:17Z,2025-05-15T01:26:19Z,tif,ppt_1115_mm.tif,prism/ppt_1115_mm.tif,prism,65.04,2025-05-15T01:26:19Z,processed,FALSE,GeoTIFF raster
/Users/cjtinant/Documents/Rprojects_not-class/FFA_regional-skew/data/processed/prism/ppt_1116_mm.tif,file, 62.05M,rw-r--r--,2025-05-15T01:26:19Z,cjtinant,staff,16777234,1,0,209560338,4096,127080,64,0,2025-07-15T00:08:36Z,2025-07-14T20:16:32Z,2025-05-15T01:26:19Z,tif,ppt_1116_mm.tif,prism/ppt_1116_mm.tif,prism,65.06,2025-05-15T01:26:19Z,processed,FALSE,GeoTIFF raster
/Users/cjtinant/Documents/Rprojects_not-class/FFA_regional-skew/data/processed/prism/ppt_1117_mm.tif,file, 62.07M,rw-r--r--,2025-05-15T01:26:19Z,cjtinant,staff,16777234,1,0,209560339,4096,127128,64,0,2025-07-15T05:51:33Z,2025-07-14T20:16:41Z,2025-05-15T01:26:19Z,tif,ppt_1117_mm.tif,prism/ppt_1117_mm.tif,prism,65.09,2025-05-15T01:26:19Z,processed,FALSE,GeoTIFF raster
/Users/cjtinant/Documents/Rprojects_not-class/FFA_regional-skew/data/processed/prism/ppt_1118_mm.tif,file, 62.09M,rw-r--r--,2025-05-15T01:26:19Z,cjtinant,staff,16777234,1,0,209560340,4096,127160,64,0,2025-07-15T00:08:36Z,2025-07-14T20:17:03Z,2025-05-15T01:26:19Z,tif,ppt_1118_mm.tif,prism/ppt_1118_mm.tif,prism,65.1,2025-05-15T01:26:19Z,processed,FALSE,GeoTIFF raster
/Users/cjtinant/Documents/Rprojects_not-class/FFA_regional-skew/data/processed/prism/ppt_1119_mm.tif,file, 62.1M,rw-r--r--,2025-05-15T01:26:19Z,cjtinant,staff,16777234,1,0,209560341,4096,127192,64,0,2025-07-15T00:08:36Z,2025-07-14T20:17:20Z,2025-05-15T01:26:19Z,tif,ppt_1119_mm.tif,prism/ppt_1119_mm.tif,prism,65.12,2025-05-15T01:26:19Z,processed,FALSE,GeoTIFF raster
/Users/cjtinant/Documents/Rprojects_not-class/FFA_regional-skew/data/processed/prism/ppt_1120_mm.tif,file, 62.12M,rw-r--r--,2025-05-15T01:26:19Z,cjtinant,staff,16777234,1,0,209560342,4096,127232,64,0,2025-07-15T00:08:36Z,2025-07-14T20:17:30Z,2025-05-15T01:26:19Z,tif,ppt_1120_mm.tif,prism/ppt_1120_mm.tif,prism,65.14,2025-05-15T01:26:19Z,processed,FALSE,GeoTIFF raster
/Users/cjtinant/Documents/Rprojects_not-class/FFA_regional-skew/data/processed/prism/ppt_1121_mm.tif,file, 62.15M,rw-r--r--,2025-05-15T01:26:19Z,cjtinant,staff,16777234,1,0,209560343,4096,127280,64,0,2025-07-20T04:30:54Z,2025-07-14T20:17:36Z,2025-05-15T01:26:19Z,tif,ppt_1121_mm.tif,prism/ppt_1121_mm.tif,prism,65.16,2025-05-15T01:26:19Z,processed,FALSE,GeoTIFF raster
/Users/cjtinant/Documents/Rprojects_not-class/FFA_regional-skew/data/processed/prism/ppt_1122_mm.tif,file, 62.17M,rw-r--r--,2025-05-15T01:26:19Z,cjtinant,staff,16777234,1,0,209560344,4096,127328,64,0,2025-07-20T04:30:53Z,2025-07-14T20:17:44Z,2025-05-15T01:26:19Z,tif,ppt_1122_mm.tif,prism/ppt_1122_mm.tif,prism,65.19,2025-05-15T01:26:19Z,processed,FALSE,GeoTIFF raster
/Users/cjtinant/Documents/Rprojects_not-class/FFA_regional-skew/data/processed/prism/ppt_1123_mm.tif,file, 62.19M,rw-r--r--,2025-05-15T01:26:19Z,cjtinant,staff,16777234,1,0,209560345,4096,127368,64,0,2025-07-20T07:13:45Z,2025-07-14T20:17:50Z,2025-05-15T01:26:19Z,tif,ppt_1123_mm.tif,prism/ppt_1123_mm.tif,prism,65.21,2025-05-15T01:26:19Z,processed,FALSE,GeoTIFF raster
/Users/cjtinant/Documents/Rprojects_not-class/FFA_regional-skew/data/processed/prism/ppt_1124_mm.tif,file, 62.21M,rw-r--r--,2025-05-15T01:26:19Z,cjtinant,staff,16777234,1,0,209560346,4096,127408,64,0,2025-07-20T07:13:45Z,2025-07-14T20:17:59Z,2025-05-15T01:26:19Z,tif,ppt_1124_mm.tif,prism/ppt_1124_mm.tif,prism,65.23,2025-05-15T01:26:19Z,processed,FALSE,GeoTIFF raster
/Users/cjtinant/Documents/Rprojects_not-class/FFA_regional-skew/data/processed/prism/ppt_1125_mm.tif,file, 62.22M,rw-r--r--,2025-05-15T01:26:19Z,cjtinant,staff,16777234,1,0,209560347,4096,127424,64,0,2025-07-20T07:13:45Z,2025-07-14T20:18:10Z,2025-05-15T01:26:19Z,tif,ppt_1125_mm.tif,prism/ppt_1125_mm.tif,prism,65.24,2025-05-15T01:26:19Z,processed,FALSE,GeoTIFF raster
/Users/cjtinant/Documents/Rprojects_not-class/FFA_regional-skew/data/processed/prism/ppt_1126_mm.tif,file, 62.22M,rw-r--r--,2025-05-15T01:26:19Z,cjtinant,staff,16777234,1,0,209560348,4096,127432,64,0,2025-07-15T04:37:17Z,2025-07-14T20:18:18Z,2025-05-15T01:26:19Z,tif,ppt_1126_mm.tif,prism/ppt_1126_mm.tif,prism,65.24,2025-05-15T01:26:19Z,processed,FALSE,GeoTIFF raster
/Users/cjtinant/Documents/Rprojects_not-class/FFA_regional-skew/data/processed/prism/ppt_1127_mm.tif,file, 62.21M,rw-r--r--,2025-05-15T01:26:19Z,cjtinant,staff,16777234,1,0,209560349,4096,127416,64,0,2025-07-15T00:08:36Z,2025-07-14T20:18:23Z,2025-05-15T01:26:19Z,tif,ppt_1127_mm.tif,prism/ppt_1127_mm.tif,prism,65.24,2025-05-15T01:26:19Z,processed,FALSE,GeoTIFF raster
/Users/cjtinant/Documents/Rprojects_not-class/FFA_regional-skew/data/processed/prism/ppt_1128_mm.tif,file, 62.21M,rw-r--r--,2025-05-15T01:26:19Z,cjtinant,staff,16777234,1,0,209560353,4096,127408,64,0,2025-07-15T00:08:36Z,2025-07-14T20:18:27Z,2025-05-15T01:26:19Z,tif,ppt_1128_mm.tif,prism/ppt_1128_mm.tif,prism,65.23,2025-05-15T01:26:19Z,processed,FALSE,GeoTIFF raster
/Users/cjtinant/Documents/Rprojects_not-class/FFA_regional-skew/data/processed/prism/ppt_1129_mm.tif,file, 62.21M,rw-r--r--,2025-05-15T01:26:19Z,cjtinant,staff,16777234,1,0,209560354,4096,127400,64,0,2025-07-15T00:08:36Z,2025-07-14T20:18:41Z,2025-05-15T01:26:19Z,tif,ppt_1129_mm.tif,prism/ppt_1129_mm.tif,prism,65.23,2025-05-15T01:26:19Z,processed,FALSE,GeoTIFF raster
/Users/cjtinant/Documents/Rprojects_not-class/FFA_regional-skew/data/processed/prism/ppt_1130_mm.tif,file, 62.2M,rw-r--r--,2025-05-15T01:26:20Z,cjtinant,staff,16777234,1,0,209560355,4096,127392,64,0,2025-07-14T22:56:59Z,2025-07-14T20:18:54Z,2025-05-15T01:26:19Z,tif,ppt_1130_mm.tif,prism/ppt_1130_mm.tif,prism,65.22,2025-05-15T01:26:20Z,processed,FALSE,GeoTIFF raster
/Users/cjtinant/Documents/Rprojects_not-class/FFA_regional-skew/data/processed/prism/ppt_1201_mm.tif,file, 62.21M,rw-r--r--,2025-05-15T01:26:20Z,cjtinant,staff,16777234,1,0,209560356,4096,127416,64,0,2025-07-15T00:08:36Z,2025-07-14T20:19:10Z,2025-05-15T01:26:20Z,tif,ppt_1201_mm.tif,prism/ppt_1201_mm.tif,prism,65.23,2025-05-15T01:26:20Z,processed,FALSE,GeoTIFF raster
/Users/cjtinant/Documents/Rprojects_not-class/FFA_regional-skew/data/processed/prism/ppt_1202_mm.tif,file, 62.22M,rw-r--r--,2025-05-15T01:26:20Z,cjtinant,staff,16777234,1,0,209560357,4096,127440,64,0,2025-07-15T00:08:36Z,2025-07-14T20:19:38Z,2025-05-15T01:26:20Z,tif,ppt_1202_mm.tif,prism/ppt_1202_mm.tif,prism,65.25,2025-05-15T01:26:20Z,processed,FALSE,GeoTIFF raster
/Users/cjtinant/Documents/Rprojects_not-class/FFA_regional-skew/data/processed/prism/ppt_1203_mm.tif,file, 62.24M,rw-r--r--,2025-05-15T01:26:20Z,cjtinant,staff,16777234,1,0,209560358,4096,127480,64,0,2025-07-15T00:08:35Z,2025-07-14T20:19:48Z,2025-05-15T01:26:20Z,tif,ppt_1203_mm.tif,prism/ppt_1203_mm.tif,prism,65.27,2025-05-15T01:26:20Z,processed,FALSE,GeoTIFF raster
/Users/cjtinant/Documents/Rprojects_not-class/FFA_regional-skew/data/processed/prism/ppt_1204_mm.tif,file, 62.27M,rw-r--r--,2025-05-15T01:26:20Z,cjtinant,staff,16777234,1,0,209560359,4096,127528,64,0,2025-07-14T22:56:48Z,2025-07-14T20:19:58Z,2025-05-15T01:26:20Z,tif,ppt_1204_mm.tif,prism/ppt_1204_mm.tif,prism,65.29,2025-05-15T01:26:20Z,processed,FALSE,GeoTIFF raster
/Users/cjtinant/Documents/Rprojects_not-class/FFA_regional-skew/data/processed/prism/ppt_1205_mm.tif,file, 62.29M,rw-r--r--,2025-05-15T01:26:20Z,cjtinant,staff,16777234,1,0,209560360,4096,127568,64,0,2025-07-20T04:30:53Z,2025-07-14T20:20:08Z,2025-05-15T01:26:20Z,tif,ppt_1205_mm.tif,prism/ppt_1205_mm.tif,prism,65.31,2025-05-15T01:26:20Z,processed,FALSE,GeoTIFF raster
/Users/cjtinant/Documents/Rprojects_not-class/FFA_regional-skew/data/processed/prism/ppt_1206_mm.tif,file, 62.3M,rw-r--r--,2025-05-15T01:26:20Z,cjtinant,staff,16777234,1,0,209560361,4096,127592,64,0,2025-07-20T04:30:54Z,2025-07-14T20:20:20Z,2025-05-15T01:26:20Z,tif,ppt_1206_mm.tif,prism/ppt_1206_mm.tif,prism,65.33,2025-05-15T01:26:20Z,processed,FALSE,GeoTIFF raster
/Users/cjtinant/Documents/Rprojects_not-class/FFA_regional-skew/data/processed/prism/ppt_1207_mm.tif,file, 62.3M,rw-r--r--,2025-05-15T01:26:20Z,cjtinant,staff,16777234,1,0,209560362,4096,127584,64,0,2025-07-20T04:30:54Z,2025-07-14T20:20:40Z,2025-05-15T01:26:20Z,tif,ppt_1207_mm.tif,prism/ppt_1207_mm.tif,prism,65.32,2025-05-15T01:26:20Z,processed,FALSE,GeoTIFF raster
/Users/cjtinant/Documents/Rprojects_not-class/FFA_regional-skew/data/processed/prism/ppt_1208_mm.tif,file, 62.29M,rw-r--r--,2025-05-15T01:26:20Z,cjtinant,staff,16777234,1,0,209560363,4096,127568,64,0,2025-07-20T04:30:54Z,2025-07-14T20:20:49Z,2025-05-15T01:26:20Z,tif,ppt_1208_mm.tif,prism/ppt_1208_mm.tif,prism,65.31,2025-05-15T01:26:20Z,processed,FALSE,GeoTIFF raster
/Users/cjtinant/Documents/Rprojects_not-class/FFA_regional-skew/data/processed/prism/ppt_1209_mm.tif,file, 62.28M,rw-r--r--,2025-05-15T01:26:20Z,cjtinant,staff,16777234,1,0,209560364,4096,127560,64,0,2025-07-20T04:30:53Z,2025-07-14T20:20:57Z,2025-05-15T01:26:20Z,tif,ppt_1209_mm.tif,prism/ppt_1209_mm.tif,prism,65.31,2025-05-15T01:26:20Z,processed,FALSE,GeoTIFF raster
/Users/cjtinant/Documents/Rprojects_not-class/FFA_regional-skew/data/processed/prism/ppt_1210_mm.tif,file, 62.27M,rw-r--r--,2025-05-15T01:26:20Z,cjtinant,staff,16777234,1,0,209560365,4096,127544,64,0,2025-07-20T04:30:54Z,2025-07-14T20:21:05Z,2025-05-15T01:26:20Z,tif,ppt_1210_mm.tif,prism/ppt_1210_mm.tif,prism,65.3,2025-05-15T01:26:20Z,processed,FALSE,GeoTIFF raster
/Users/cjtinant/Documents/Rprojects_not-class/FFA_regional-skew/data/processed/prism/ppt_1211_mm.tif,file, 62.26M,rw-r--r--,2025-05-15T01:26:20Z,cjtinant,staff,16777234,1,0,209560366,4096,127520,64,0,2025-07-20T04:30:53Z,2025-07-14T20:21:20Z,2025-05-15T01:26:20Z,tif,ppt_1211_mm.tif,prism/ppt_1211_mm.tif,prism,65.29,2025-05-15T01:26:20Z,processed,FALSE,GeoTIFF raster
/Users/cjtinant/Documents/Rprojects_not-class/FFA_regional-skew/data/processed/prism/ppt_1212_mm.tif,file, 62.24M,rw-r--r--,2025-05-15T01:26:20Z,cjtinant,staff,16777234,1,0,209560367,4096,127480,64,0,2025-07-20T04:30:54Z,2025-07-14T20:21:26Z,2025-05-15T01:26:20Z,tif,ppt_1212_mm.tif,prism/ppt_1212_mm.tif,prism,65.27,2025-05-15T01:26:20Z,processed,FALSE,GeoTIFF raster
/Users/cjtinant/Documents/Rprojects_not-class/FFA_regional-skew/data/processed/prism/ppt_1213_mm.tif,file, 62.22M,rw-r--r--,2025-05-15T01:26:20Z,cjtinant,staff,16777234,1,0,209560368,4096,127432,64,0,2025-07-20T04:30:54Z,2025-07-14T20:21:35Z,2025-05-15T01:26:20Z,tif,ppt_1213_mm.tif,prism/ppt_1213_mm.tif,prism,65.24,2025-05-15T01:26:20Z,processed,FALSE,GeoTIFF raster
/Users/cjtinant/Documents/Rprojects_not-class/FFA_regional-skew/data/processed/prism/ppt_1214_mm.tif,file, 62.19M,rw-r--r--,2025-05-15T01:26:20Z,cjtinant,staff,16777234,1,0,209560369,4096,127368,64,0,2025-07-20T04:30:54Z,2025-07-14T20:21:44Z,2025-05-15T01:26:20Z,tif,ppt_1214_mm.tif,prism/ppt_1214_mm.tif,prism,65.21,2025-05-15T01:26:20Z,processed,FALSE,GeoTIFF raster
/Users/cjtinant/Documents/Rprojects_not-class/FFA_regional-skew/data/processed/prism/ppt_1215_mm.tif,file, 62.15M,rw-r--r--,2025-05-15T01:26:20Z,cjtinant,staff,16777234,1,0,209560370,4096,127288,64,0,2025-07-20T07:13:47Z,2025-07-14T20:21:52Z,2025-05-15T01:26:20Z,tif,ppt_1215_mm.tif,prism/ppt_1215_mm.tif,prism,65.17,2025-05-15T01:26:20Z,processed,FALSE,GeoTIFF raster
/Users/cjtinant/Documents/Rprojects_not-class/FFA_regional-skew/data/processed/prism/ppt_1216_mm.tif,file, 62.11M,rw-r--r--,2025-05-15T01:26:20Z,cjtinant,staff,16777234,1,0,209560371,4096,127208,64,0,2025-07-20T07:13:47Z,2025-07-14T20:22:00Z,2025-05-15T01:26:20Z,tif,ppt_1216_mm.tif,prism/ppt_1216_mm.tif,prism,65.13,2025-05-15T01:26:20Z,processed,FALSE,GeoTIFF raster
/Users/cjtinant/Documents/Rprojects_not-class/FFA_regional-skew/data/processed/prism/ppt_1217_mm.tif,file, 62.08M,rw-r--r--,2025-05-15T01:26:20Z,cjtinant,staff,16777234,1,0,209560372,4096,127136,64,0,2025-07-20T07:13:47Z,2025-07-14T20:22:06Z,2025-05-15T01:26:20Z,tif,ppt_1217_mm.tif,prism/ppt_1217_mm.tif,prism,65.09,2025-05-15T01:26:20Z,processed,FALSE,GeoTIFF raster
/Users/cjtinant/Documents/Rprojects_not-class/FFA_regional-skew/data/processed/prism/ppt_1218_mm.tif,file, 62.05M,rw-r--r--,2025-05-15T01:26:21Z,cjtinant,staff,16777234,1,0,209560373,4096,127072,64,0,2025-07-20T07:13:47Z,2025-07-14T20:22:15Z,2025-05-15T01:26:20Z,tif,ppt_1218_mm.tif,prism/ppt_1218_mm.tif,prism,65.06,2025-05-15T01:26:21Z,processed,FALSE,GeoTIFF raster
/Users/cjtinant/Documents/Rprojects_not-class/FFA_regional-skew/data/processed/prism/ppt_1219_mm.tif,file, 62.02M,rw-r--r--,2025-05-15T01:26:21Z,cjtinant,staff,16777234,1,0,209560374,4096,127008,64,0,2025-07-20T07:13:48Z,2025-07-14T20:22:21Z,2025-05-15T01:26:21Z,tif,ppt_1219_mm.tif,prism/ppt_1219_mm.tif,prism,65.03,2025-05-15T01:26:21Z,processed,FALSE,GeoTIFF raster
/Users/cjtinant/Documents/Rprojects_not-class/FFA_regional-skew/data/processed/prism/ppt_1220_mm.tif,file, 61.99M,rw-r--r--,2025-05-15T01:26:21Z,cjtinant,staff,16777234,1,0,209560375,4096,126952,64,0,2025-07-20T07:13:48Z,2025-07-14T20:22:33Z,2025-05-15T01:26:21Z,tif,ppt_1220_mm.tif,prism/ppt_1220_mm.tif,prism,65,2025-05-15T01:26:21Z,processed,FALSE,GeoTIFF raster
/Users/cjtinant/Documents/Rprojects_not-class/FFA_regional-skew/data/processed/prism/ppt_1221_mm.tif,file, 61.96M,rw-r--r--,2025-05-15T01:26:21Z,cjtinant,staff,16777234,1,0,209560376,4096,126904,64,0,2025-07-20T04:30:53Z,2025-07-14T20:22:52Z,2025-05-15T01:26:21Z,tif,ppt_1221_mm.tif,prism/ppt_1221_mm.tif,prism,64.97,2025-05-15T01:26:21Z,processed,FALSE,GeoTIFF raster
/Users/cjtinant/Documents/Rprojects_not-class/FFA_regional-skew/data/processed/prism/ppt_1222_mm.tif,file, 61.95M,rw-r--r--,2025-05-15T01:26:21Z,cjtinant,staff,16777234,1,0,209560377,4096,126888,64,0,2025-07-20T04:30:54Z,2025-07-14T20:23:09Z,2025-05-15T01:26:21Z,tif,ppt_1222_mm.tif,prism/ppt_1222_mm.tif,prism,64.96,2025-05-15T01:26:21Z,processed,FALSE,GeoTIFF raster
/Users/cjtinant/Documents/Rprojects_not-class/FFA_regional-skew/data/processed/prism/ppt_1223_mm.tif,file, 61.94M,rw-r--r--,2025-05-15T01:26:21Z,cjtinant,staff,16777234,1,0,209560378,4096,126864,64,0,2025-07-20T04:30:54Z,2025-07-14T20:23:16Z,2025-05-15T01:26:21Z,tif,ppt_1223_mm.tif,prism/ppt_1223_mm.tif,prism,64.95,2025-05-15T01:26:21Z,processed,FALSE,GeoTIFF raster
/Users/cjtinant/Documents/Rprojects_not-class/FFA_regional-skew/data/processed/prism/ppt_1224_mm.tif,file, 61.94M,rw-r--r--,2025-05-15T01:26:21Z,cjtinant,staff,16777234,1,0,209560379,4096,126848,64,0,2025-07-20T04:30:54Z,2025-07-14T20:23:24Z,2025-05-15T01:26:21Z,tif,ppt_1224_mm.tif,prism/ppt_1224_mm.tif,prism,64.94,2025-05-15T01:26:21Z,processed,FALSE,GeoTIFF raster
/Users/cjtinant/Documents/Rprojects_not-class/FFA_regional-skew/data/processed/prism/ppt_1225_mm.tif,file, 61.93M,rw-r--r--,2025-05-15T01:26:21Z,cjtinant,staff,16777234,1,0,209560380,4096,126840,64,0,2025-07-20T04:30:53Z,2025-07-14T20:23:31Z,2025-05-15T01:26:21Z,tif,ppt_1225_mm.tif,prism/ppt_1225_mm.tif,prism,64.94,2025-05-15T01:26:21Z,processed,FALSE,GeoTIFF raster
/Users/cjtinant/Documents/Rprojects_not-class/FFA_regional-skew/data/processed/prism/ppt_1226_mm.tif,file, 61.93M,rw-r--r--,2025-05-15T01:26:21Z,cjtinant,staff,16777234,1,0,209560381,4096,126824,64,0,2025-07-20T04:30:54Z,2025-07-14T20:23:39Z,2025-05-15T01:26:21Z,tif,ppt_1226_mm.tif,prism/ppt_1226_mm.tif,prism,64.93,2025-05-15T01:26:21Z,processed,FALSE,GeoTIFF raster
/Users/cjtinant/Documents/Rprojects_not-class/FFA_regional-skew/data/processed/prism/ppt_1227_mm.tif,file, 61.92M,rw-r--r--,2025-05-15T01:26:21Z,cjtinant,staff,16777234,1,0,209560382,4096,126824,64,0,2025-07-20T04:30:53Z,2025-07-14T20:23:47Z,2025-05-15T01:26:21Z,tif,ppt_1227_mm.tif,prism/ppt_1227_mm.tif,prism,64.93,2025-05-15T01:26:21Z,processed,FALSE,GeoTIFF raster
/Users/cjtinant/Documents/Rprojects_not-class/FFA_regional-skew/data/processed/prism/ppt_1228_mm.tif,file, 61.93M,rw-r--r--,2025-05-15T01:26:21Z,cjtinant,staff,16777234,1,0,209560383,4096,126832,64,0,2025-07-20T04:30:54Z,2025-07-14T20:23:53Z,2025-05-15T01:26:21Z,tif,ppt_1228_mm.tif,prism/ppt_1228_mm.tif,prism,64.94,2025-05-15T01:26:21Z,processed,FALSE,GeoTIFF raster
/Users/cjtinant/Documents/Rprojects_not-class/FFA_regional-skew/data/processed/prism/ppt_1229_mm.tif,file, 61.94M,rw-r--r--,2025-05-15T01:26:21Z,cjtinant,staff,16777234,1,0,209560384,4096,126864,64,0,2025-07-20T04:30:53Z,2025-07-14T20:24:02Z,2025-05-15T01:26:21Z,tif,ppt_1229_mm.tif,prism/ppt_1229_mm.tif,prism,64.95,2025-05-15T01:26:21Z,processed,FALSE,GeoTIFF raster
/Users/cjtinant/Documents/Rprojects_not-class/FFA_regional-skew/data/processed/prism/ppt_1230_mm.tif,file, 61.97M,rw-r--r--,2025-05-15T01:26:21Z,cjtinant,staff,16777234,1,0,209560385,4096,126912,64,0,2025-07-20T04:30:54Z,2025-07-14T20:24:09Z,2025-05-15T01:26:21Z,tif,ppt_1230_mm.tif,prism/ppt_1230_mm.tif,prism,64.98,2025-05-15T01:26:21Z,processed,FALSE,GeoTIFF raster
/Users/cjtinant/Documents/Rprojects_not-class/FFA_regional-skew/data/processed/prism/ppt_1231_mm.tif,file, 62M,rw-r--r--,2025-05-15T01:26:21Z,cjtinant,staff,16777234,1,0,209560386,4096,126984,64,0,2025-07-20T04:30:54Z,2025-07-14T20:24:14Z,2025-05-15T01:26:21Z,tif,ppt_1231_mm.tif,prism/ppt_1231_mm.tif,prism,65.01,2025-05-15T01:26:21Z,processed,FALSE,GeoTIFF raster
/Users/cjtinant/Documents/Rprojects_not-class/FFA_regional-skew/data/processed/prism/ppt_ann_mm_stack.tif,file, 60.77M,rw-r--r--,2025-05-15T00:58:21Z,cjtinant,staff,16777234,1,0,209545157,4096,124464,64,0,2025-07-20T07:14:20Z,2025-07-14T20:24:19Z,2025-05-15T00:58:19Z,tif,ppt_ann_mm_stack.tif,prism/ppt_ann_mm_stack.tif,prism,63.72,2025-05-15T00:58:21Z,processed,FALSE,GeoTIFF raster
/Users/cjtinant/Documents/Rprojects_not-class/FFA_regional-skew/data/processed/prism/ppt_monthly_mm_stack.tif,file,719.03M,rw-r--r--,2025-05-15T00:58:37Z,cjtinant,staff,16777234,1,0,209545196,4096,1472584,64,0,2025-07-20T17:23:25Z,2025-07-20T04:02:02Z,2025-05-15T00:58:23Z,tif,ppt_monthly_mm_stack.tif,prism/ppt_monthly_mm_stack.tif,prism,753.96,2025-05-15T00:58:37Z,processed,FALSE,GeoTIFF raster
/Users/cjtinant/Documents/Rprojects_not-class/FFA_regional-skew/data/processed/prism/temp_ann_C_stack.tif,file,181.09M,rw-r--r--,2025-05-15T00:50:59Z,cjtinant,staff,16777234,1,0,209543790,4096,370864,64,0,2025-07-20T04:30:54Z,2025-07-14T20:25:55Z,2025-05-15T00:50:56Z,tif,temp_ann_C_stack.tif,prism/temp_ann_C_stack.tif,prism,189.88,2025-05-15T00:50:59Z,processed,FALSE,GeoTIFF raster
/Users/cjtinant/Documents/Rprojects_not-class/FFA_regional-skew/data/processed/prism/tmax_0101_C.tif,file, 62.24M,rw-r--r--,2025-05-15T01:19:47Z,cjtinant,staff,16777234,1,0,209553609,4096,127464,64,0,2025-07-20T04:30:54Z,2025-07-14T20:26:10Z,2025-05-15T01:19:47Z,tif,tmax_0101_C.tif,prism/tmax_0101_C.tif,prism,65.26,2025-05-15T01:19:47Z,processed,FALSE,GeoTIFF raster
/Users/cjtinant/Documents/Rprojects_not-class/FFA_regional-skew/data/processed/prism/tmax_0102_C.tif,file, 62.23M,rw-r--r--,2025-05-15T01:19:47Z,cjtinant,staff,16777234,1,0,209553610,4096,127448,64,0,2025-07-20T04:30:54Z,2025-07-14T20:26:24Z,2025-05-15T01:19:47Z,tif,tmax_0102_C.tif,prism/tmax_0102_C.tif,prism,65.25,2025-05-15T01:19:47Z,processed,FALSE,GeoTIFF raster
/Users/cjtinant/Documents/Rprojects_not-class/FFA_regional-skew/data/processed/prism/tmax_0103_C.tif,file, 62.22M,rw-r--r--,2025-05-15T01:19:47Z,cjtinant,staff,16777234,1,0,209553611,4096,127424,64,0,2025-07-20T04:30:54Z,2025-07-14T20:26:41Z,2025-05-15T01:19:47Z,tif,tmax_0103_C.tif,prism/tmax_0103_C.tif,prism,65.24,2025-05-15T01:19:47Z,processed,FALSE,GeoTIFF raster
/Users/cjtinant/Documents/Rprojects_not-class/FFA_regional-skew/data/processed/prism/tmax_0104_C.tif,file, 62.21M,rw-r--r--,2025-05-15T01:19:48Z,cjtinant,staff,16777234,1,0,209553612,4096,127400,64,0,2025-07-20T04:30:54Z,2025-07-14T20:27:00Z,2025-05-15T01:19:47Z,tif,tmax_0104_C.tif,prism/tmax_0104_C.tif,prism,65.23,2025-05-15T01:19:48Z,processed,FALSE,GeoTIFF raster
/Users/cjtinant/Documents/Rprojects_not-class/FFA_regional-skew/data/processed/prism/tmax_0105_C.tif,file, 62.2M,rw-r--r--,2025-05-15T01:19:48Z,cjtinant,staff,16777234,1,0,209553617,4096,127400,64,0,2025-07-20T04:30:54Z,2025-07-14T20:27:18Z,2025-05-15T01:19:48Z,tif,tmax_0105_C.tif,prism/tmax_0105_C.tif,prism,65.22,2025-05-15T01:19:48Z,processed,FALSE,GeoTIFF raster
/Users/cjtinant/Documents/Rprojects_not-class/FFA_regional-skew/data/processed/prism/tmax_0106_C.tif,file, 62.21M,rw-r--r--,2025-05-15T01:19:48Z,cjtinant,staff,16777234,1,0,209553624,4096,127408,64,0,2025-07-20T04:30:54Z,2025-07-14T20:27:32Z,2025-05-15T01:19:48Z,tif,tmax_0106_C.tif,prism/tmax_0106_C.tif,prism,65.23,2025-05-15T01:19:48Z,processed,FALSE,GeoTIFF raster
/Users/cjtinant/Documents/Rprojects_not-class/FFA_regional-skew/data/processed/prism/tmax_0107_C.tif,file, 62.22M,rw-r--r--,2025-05-15T01:19:48Z,cjtinant,staff,16777234,1,0,209553625,4096,127432,64,0,2025-07-20T04:30:54Z,2025-07-14T20:27:41Z,2025-05-15T01:19:48Z,tif,tmax_0107_C.tif,prism/tmax_0107_C.tif,prism,65.24,2025-05-15T01:19:48Z,processed,FALSE,GeoTIFF raster
/Users/cjtinant/Documents/Rprojects_not-class/FFA_regional-skew/data/processed/prism/tmax_0108_C.tif,file, 62.23M,rw-r--r--,2025-05-15T01:19:48Z,cjtinant,staff,16777234,1,0,209553629,4096,127448,64,0,2025-07-20T04:30:53Z,2025-07-14T20:27:47Z,2025-05-15T01:19:48Z,tif,tmax_0108_C.tif,prism/tmax_0108_C.tif,prism,65.25,2025-05-15T01:19:48Z,processed,FALSE,GeoTIFF raster
/Users/cjtinant/Documents/Rprojects_not-class/FFA_regional-skew/data/processed/prism/tmax_0109_C.tif,file, 62.24M,rw-r--r--,2025-05-15T01:19:48Z,cjtinant,staff,16777234,1,0,209553631,4096,127480,64,0,2025-07-20T04:30:53Z,2025-07-14T20:27:56Z,2025-05-15T01:19:48Z,tif,tmax_0109_C.tif,prism/tmax_0109_C.tif,prism,65.27,2025-05-15T01:19:48Z,processed,FALSE,GeoTIFF raster
/Users/cjtinant/Documents/Rprojects_not-class/FFA_regional-skew/data/processed/prism/tmax_0110_C.tif,file, 62.25M,rw-r--r--,2025-05-15T01:19:48Z,cjtinant,staff,16777234,1,0,209553632,4096,127496,64,0,2025-07-20T04:30:53Z,2025-07-14T20:28:10Z,2025-05-15T01:19:48Z,tif,tmax_0110_C.tif,prism/tmax_0110_C.tif,prism,65.27,2025-05-15T01:19:48Z,processed,FALSE,GeoTIFF raster
/Users/cjtinant/Documents/Rprojects_not-class/FFA_regional-skew/data/processed/prism/tmax_0111_C.tif,file, 62.26M,rw-r--r--,2025-05-15T01:19:48Z,cjtinant,staff,16777234,1,0,209553633,4096,127504,64,0,2025-07-20T04:30:53Z,2025-07-14T20:28:19Z,2025-05-15T01:19:48Z,tif,tmax_0111_C.tif,prism/tmax_0111_C.tif,prism,65.28,2025-05-15T01:19:48Z,processed,FALSE,GeoTIFF raster
/Users/cjtinant/Documents/Rprojects_not-class/FFA_regional-skew/data/processed/prism/tmax_0112_C.tif,file, 62.26M,rw-r--r--,2025-05-15T01:19:48Z,cjtinant,staff,16777234,1,0,209553637,4096,127504,64,0,2025-07-20T04:30:53Z,2025-07-14T20:28:30Z,2025-05-15T01:19:48Z,tif,tmax_0112_C.tif,prism/tmax_0112_C.tif,prism,65.28,2025-05-15T01:19:48Z,processed,FALSE,GeoTIFF raster
/Users/cjtinant/Documents/Rprojects_not-class/FFA_regional-skew/data/processed/prism/tmax_0113_C.tif,file, 62.25M,rw-r--r--,2025-05-15T01:19:48Z,cjtinant,staff,16777234,1,0,209553654,4096,127504,64,0,2025-07-20T04:30:53Z,2025-07-14T20:28:42Z,2025-05-15T01:19:48Z,tif,tmax_0113_C.tif,prism/tmax_0113_C.tif,prism,65.28,2025-05-15T01:19:48Z,processed,FALSE,GeoTIFF raster
/Users/cjtinant/Documents/Rprojects_not-class/FFA_regional-skew/data/processed/prism/tmax_0114_C.tif,file, 62.24M,rw-r--r--,2025-05-15T01:19:48Z,cjtinant,staff,16777234,1,0,209553655,4096,127464,64,0,2025-07-20T07:13:47Z,2025-07-14T20:28:50Z,2025-05-15T01:19:48Z,tif,tmax_0114_C.tif,prism/tmax_0114_C.tif,prism,65.26,2025-05-15T01:19:48Z,processed,FALSE,GeoTIFF raster
/Users/cjtinant/Documents/Rprojects_not-class/FFA_regional-skew/data/processed/prism/tmax_0115_C.tif,file, 62.22M,rw-r--r--,2025-05-15T01:19:48Z,cjtinant,staff,16777234,1,0,209553659,4096,127432,64,0,2025-07-20T04:30:53Z,2025-07-14T20:28:56Z,2025-05-15T01:19:48Z,tif,tmax_0115_C.tif,prism/tmax_0115_C.tif,prism,65.24,2025-05-15T01:19:48Z,processed,FALSE,GeoTIFF raster
/Users/cjtinant/Documents/Rprojects_not-class/FFA_regional-skew/data/processed/prism/tmax_0116_C.tif,file, 62.21M,rw-r--r--,2025-05-15T01:19:48Z,cjtinant,staff,16777234,1,0,209553660,4096,127408,64,0,2025-07-20T04:30:54Z,2025-07-14T20:29:05Z,2025-05-15T01:19:48Z,tif,tmax_0116_C.tif,prism/tmax_0116_C.tif,prism,65.23,2025-05-15T01:19:48Z,processed,FALSE,GeoTIFF raster
/Users/cjtinant/Documents/Rprojects_not-class/FFA_regional-skew/data/processed/prism/tmax_0117_C.tif,file, 62.2M,rw-r--r--,2025-05-15T01:19:48Z,cjtinant,staff,16777234,1,0,209553671,4096,127384,64,0,2025-07-20T04:30:53Z,2025-07-14T20:29:19Z,2025-05-15T01:19:48Z,tif,tmax_0117_C.tif,prism/tmax_0117_C.tif,prism,65.22,2025-05-15T01:19:48Z,processed,FALSE,GeoTIFF raster
/Users/cjtinant/Documents/Rprojects_not-class/FFA_regional-skew/data/processed/prism/tmax_0118_C.tif,file, 62.19M,rw-r--r--,2025-05-15T01:19:48Z,cjtinant,staff,16777234,1,0,209553678,4096,127368,64,0,2025-07-20T04:30:54Z,2025-07-14T20:29:34Z,2025-05-15T01:19:48Z,tif,tmax_0118_C.tif,prism/tmax_0118_C.tif,prism,65.21,2025-05-15T01:19:48Z,processed,FALSE,GeoTIFF raster
/Users/cjtinant/Documents/Rprojects_not-class/FFA_regional-skew/data/processed/prism/tmax_0119_C.tif,file, 62.18M,rw-r--r--,2025-05-15T01:19:48Z,cjtinant,staff,16777234,1,0,209553679,4096,127352,64,0,2025-07-20T04:30:54Z,2025-07-14T20:29:53Z,2025-05-15T01:19:48Z,tif,tmax_0119_C.tif,prism/tmax_0119_C.tif,prism,65.2,2025-05-15T01:19:48Z,processed,FALSE,GeoTIFF raster
/Users/cjtinant/Documents/Rprojects_not-class/FFA_regional-skew/data/processed/prism/tmax_0120_C.tif,file, 62.17M,rw-r--r--,2025-05-15T01:19:48Z,cjtinant,staff,16777234,1,0,209553682,4096,127328,64,0,2025-07-20T04:30:54Z,2025-07-14T20:30:00Z,2025-05-15T01:19:48Z,tif,tmax_0120_C.tif,prism/tmax_0120_C.tif,prism,65.19,2025-05-15T01:19:48Z,processed,FALSE,GeoTIFF raster
/Users/cjtinant/Documents/Rprojects_not-class/FFA_regional-skew/data/processed/prism/tmax_0121_C.tif,file, 62.15M,rw-r--r--,2025-05-15T01:19:49Z,cjtinant,staff,16777234,1,0,209553684,4096,127280,64,0,2025-07-20T07:13:48Z,2025-07-14T20:30:10Z,2025-05-15T01:19:48Z,tif,tmax_0121_C.tif,prism/tmax_0121_C.tif,prism,65.17,2025-05-15T01:19:49Z,processed,FALSE,GeoTIFF raster
/Users/cjtinant/Documents/Rprojects_not-class/FFA_regional-skew/data/processed/prism/tmax_0122_C.tif,file, 62.13M,rw-r--r--,2025-05-15T01:19:49Z,cjtinant,staff,16777234,1,0,209553685,4096,127240,64,0,2025-07-20T04:30:54Z,2025-07-14T20:30:24Z,2025-05-15T01:19:49Z,tif,tmax_0122_C.tif,prism/tmax_0122_C.tif,prism,65.14,2025-05-15T01:19:49Z,processed,FALSE,GeoTIFF raster
/Users/cjtinant/Documents/Rprojects_not-class/FFA_regional-skew/data/processed/prism/tmax_0123_C.tif,file, 62.1M,rw-r--r--,2025-05-15T01:19:49Z,cjtinant,staff,16777234,1,0,209553686,4096,127192,64,0,2025-07-20T04:30:54Z,2025-07-14T20:31:30Z,2025-05-15T01:19:49Z,tif,tmax_0123_C.tif,prism/tmax_0123_C.tif,prism,65.12,2025-05-15T01:19:49Z,processed,FALSE,GeoTIFF raster
/Users/cjtinant/Documents/Rprojects_not-class/FFA_regional-skew/data/processed/prism/tmax_0124_C.tif,file, 62.08M,rw-r--r--,2025-05-15T01:19:49Z,cjtinant,staff,16777234,1,0,209553687,4096,127144,64,0,2025-07-20T04:30:54Z,2025-07-14T20:33:39Z,2025-05-15T01:19:49Z,tif,tmax_0124_C.tif,prism/tmax_0124_C.tif,prism,65.1,2025-05-15T01:19:49Z,processed,FALSE,GeoTIFF raster
/Users/cjtinant/Documents/Rprojects_not-class/FFA_regional-skew/data/processed/prism/tmax_0125_C.tif,file, 62.06M,rw-r--r--,2025-05-15T01:19:49Z,cjtinant,staff,16777234,1,0,209553688,4096,127112,64,0,2025-07-20T04:30:53Z,2025-07-14T20:34:48Z,2025-05-15T01:19:49Z,tif,tmax_0125_C.tif,prism/tmax_0125_C.tif,prism,65.08,2025-05-15T01:19:49Z,processed,FALSE,GeoTIFF raster
/Users/cjtinant/Documents/Rprojects_not-class/FFA_regional-skew/data/processed/prism/tmax_0126_C.tif,file, 62.04M,rw-r--r--,2025-05-15T01:19:49Z,cjtinant,staff,16777234,1,0,209553700,4096,127064,64,0,2025-07-20T04:30:54Z,2025-07-14T20:37:50Z,2025-05-15T01:19:49Z,tif,tmax_0126_C.tif,prism/tmax_0126_C.tif,prism,65.06,2025-05-15T01:19:49Z,processed,FALSE,GeoTIFF raster
/Users/cjtinant/Documents/Rprojects_not-class/FFA_regional-skew/data/processed/prism/tmax_0127_C.tif,file, 62.02M,rw-r--r--,2025-05-15T01:19:49Z,cjtinant,staff,16777234,1,0,209553701,4096,127016,64,0,2025-07-20T04:30:54Z,2025-07-14T20:40:41Z,2025-05-15T01:19:49Z,tif,tmax_0127_C.tif,prism/tmax_0127_C.tif,prism,65.03,2025-05-15T01:19:49Z,processed,FALSE,GeoTIFF raster
/Users/cjtinant/Documents/Rprojects_not-class/FFA_regional-skew/data/processed/prism/tmax_0128_C.tif,file, 62M,rw-r--r--,2025-05-15T01:19:49Z,cjtinant,staff,16777234,1,0,209553702,4096,126976,64,0,2025-07-20T04:30:53Z,2025-07-14T20:41:27Z,2025-05-15T01:19:49Z,tif,tmax_0128_C.tif,prism/tmax_0128_C.tif,prism,65.01,2025-05-15T01:19:49Z,processed,FALSE,GeoTIFF raster
/Users/cjtinant/Documents/Rprojects_not-class/FFA_regional-skew/data/processed/prism/tmax_0129_C.tif,file, 61.98M,rw-r--r--,2025-05-15T01:19:49Z,cjtinant,staff,16777234,1,0,209553703,4096,126944,64,0,2025-07-20T07:13:47Z,2025-07-14T20:41:41Z,2025-05-15T01:19:49Z,tif,tmax_0129_C.tif,prism/tmax_0129_C.tif,prism,64.99,2025-05-15T01:19:49Z,processed,FALSE,GeoTIFF raster
/Users/cjtinant/Documents/Rprojects_not-class/FFA_regional-skew/data/processed/prism/tmax_0130_C.tif,file, 61.96M,rw-r--r--,2025-05-15T01:19:49Z,cjtinant,staff,16777234,1,0,209553704,4096,126896,64,0,2025-07-20T07:13:47Z,2025-07-14T20:41:54Z,2025-05-15T01:19:49Z,tif,tmax_0130_C.tif,prism/tmax_0130_C.tif,prism,64.97,2025-05-15T01:19:49Z,processed,FALSE,GeoTIFF raster
/Users/cjtinant/Documents/Rprojects_not-class/FFA_regional-skew/data/processed/prism/tmax_0131_C.tif,file, 61.92M,rw-r--r--,2025-05-15T01:19:49Z,cjtinant,staff,16777234,1,0,209553705,4096,126824,64,0,2025-07-20T07:13:47Z,2025-07-14T20:42:15Z,2025-05-15T01:19:49Z,tif,tmax_0131_C.tif,prism/tmax_0131_C.tif,prism,64.93,2025-05-15T01:19:49Z,processed,FALSE,GeoTIFF raster
/Users/cjtinant/Documents/Rprojects_not-class/FFA_regional-skew/data/processed/prism/tmax_0201_C.tif,file, 61.9M,rw-r--r--,2025-05-15T01:19:49Z,cjtinant,staff,16777234,1,0,209553706,4096,126768,64,0,2025-07-20T07:13:47Z,2025-07-14T20:43:19Z,2025-05-15T01:19:49Z,tif,tmax_0201_C.tif,prism/tmax_0201_C.tif,prism,64.9,2025-05-15T01:19:49Z,processed,FALSE,GeoTIFF raster
/Users/cjtinant/Documents/Rprojects_not-class/FFA_regional-skew/data/processed/prism/tmax_0202_C.tif,file, 61.87M,rw-r--r--,2025-05-15T01:19:49Z,cjtinant,staff,16777234,1,0,209553707,4096,126712,64,0,2025-07-20T07:14:20Z,2025-07-14T20:43:50Z,2025-05-15T01:19:49Z,tif,tmax_0202_C.tif,prism/tmax_0202_C.tif,prism,64.87,2025-05-15T01:19:49Z,processed,FALSE,GeoTIFF raster
/Users/cjtinant/Documents/Rprojects_not-class/FFA_regional-skew/data/processed/prism/tmax_0203_C.tif,file, 61.85M,rw-r--r--,2025-05-15T01:19:49Z,cjtinant,staff,16777234,1,0,209553708,4096,126672,64,0,2025-07-20T07:14:20Z,2025-07-14T20:43:56Z,2025-05-15T01:19:49Z,tif,tmax_0203_C.tif,prism/tmax_0203_C.tif,prism,64.86,2025-05-15T01:19:49Z,processed,FALSE,GeoTIFF raster
/Users/cjtinant/Documents/Rprojects_not-class/FFA_regional-skew/data/processed/prism/tmax_0204_C.tif,file, 61.84M,rw-r--r--,2025-05-15T01:19:49Z,cjtinant,staff,16777234,1,0,209553710,4096,126648,64,0,2025-07-18T10:06:26Z,2025-07-14T20:44:06Z,2025-05-15T01:19:49Z,tif,tmax_0204_C.tif,prism/tmax_0204_C.tif,prism,64.84,2025-05-15T01:19:49Z,processed,FALSE,GeoTIFF raster
/Users/cjtinant/Documents/Rprojects_not-class/FFA_regional-skew/data/processed/prism/tmax_0205_C.tif,file, 61.83M,rw-r--r--,2025-05-15T01:19:49Z,cjtinant,staff,16777234,1,0,209553711,4096,126624,64,0,2025-07-18T10:06:26Z,2025-07-14T20:44:23Z,2025-05-15T01:19:49Z,tif,tmax_0205_C.tif,prism/tmax_0205_C.tif,prism,64.83,2025-05-15T01:19:49Z,processed,FALSE,GeoTIFF raster
/Users/cjtinant/Documents/Rprojects_not-class/FFA_regional-skew/data/processed/prism/tmax_0206_C.tif,file, 61.81M,rw-r--r--,2025-05-15T01:19:49Z,cjtinant,staff,16777234,1,0,209553712,4096,126592,64,0,2025-07-18T10:06:26Z,2025-07-14T20:44:38Z,2025-05-15T01:19:49Z,tif,tmax_0206_C.tif,prism/tmax_0206_C.tif,prism,64.81,2025-05-15T01:19:49Z,processed,FALSE,GeoTIFF raster
/Users/cjtinant/Documents/Rprojects_not-class/FFA_regional-skew/data/processed/prism/tmax_0207_C.tif,file, 61.79M,rw-r--r--,2025-05-15T01:19:49Z,cjtinant,staff,16777234,1,0,209553713,4096,126544,64,0,2025-07-18T10:06:26Z,2025-07-14T20:44:55Z,2025-05-15T01:19:49Z,tif,tmax_0207_C.tif,prism/tmax_0207_C.tif,prism,64.79,2025-05-15T01:19:49Z,processed,FALSE,GeoTIFF raster
/Users/cjtinant/Documents/Rprojects_not-class/FFA_regional-skew/data/processed/prism/tmax_0208_C.tif,file, 61.77M,rw-r--r--,2025-05-15T01:19:50Z,cjtinant,staff,16777234,1,0,209553714,4096,126504,64,0,2025-07-20T04:30:54Z,2025-07-14T20:45:11Z,2025-05-15T01:19:49Z,tif,tmax_0208_C.tif,prism/tmax_0208_C.tif,prism,64.77,2025-05-15T01:19:50Z,processed,FALSE,GeoTIFF raster
/Users/cjtinant/Documents/Rprojects_not-class/FFA_regional-skew/data/processed/prism/tmax_0209_C.tif,file, 61.75M,rw-r--r--,2025-05-15T01:19:50Z,cjtinant,staff,16777234,1,0,209553715,4096,126464,64,0,2025-07-18T10:06:26Z,2025-07-14T20:45:27Z,2025-05-15T01:19:50Z,tif,tmax_0209_C.tif,prism/tmax_0209_C.tif,prism,64.75,2025-05-15T01:19:50Z,processed,FALSE,GeoTIFF raster
/Users/cjtinant/Documents/Rprojects_not-class/FFA_regional-skew/data/processed/prism/tmax_0210_C.tif,file, 61.73M,rw-r--r--,2025-05-15T01:19:50Z,cjtinant,staff,16777234,1,0,209553719,4096,126416,64,0,2025-07-18T10:06:26Z,2025-07-14T20:45:45Z,2025-05-15T01:19:50Z,tif,tmax_0210_C.tif,prism/tmax_0210_C.tif,prism,64.72,2025-05-15T01:19:50Z,processed,FALSE,GeoTIFF raster
/Users/cjtinant/Documents/Rprojects_not-class/FFA_regional-skew/data/processed/prism/tmax_0211_C.tif,file, 61.71M,rw-r--r--,2025-05-15T01:19:50Z,cjtinant,staff,16777234,1,0,209553720,4096,126384,64,0,2025-07-18T10:06:26Z,2025-07-14T20:46:04Z,2025-05-15T01:19:50Z,tif,tmax_0211_C.tif,prism/tmax_0211_C.tif,prism,64.71,2025-05-15T01:19:50Z,processed,FALSE,GeoTIFF raster
/Users/cjtinant/Documents/Rprojects_not-class/FFA_regional-skew/data/processed/prism/tmax_0212_C.tif,file, 61.69M,rw-r--r--,2025-05-15T01:19:50Z,cjtinant,staff,16777234,1,0,209553721,4096,126352,64,0,2025-07-18T10:06:26Z,2025-07-14T20:46:39Z,2025-05-15T01:19:50Z,tif,tmax_0212_C.tif,prism/tmax_0212_C.tif,prism,64.69,2025-05-15T01:19:50Z,processed,FALSE,GeoTIFF raster
/Users/cjtinant/Documents/Rprojects_not-class/FFA_regional-skew/data/processed/prism/tmax_0213_C.tif,file, 61.67M,rw-r--r--,2025-05-15T01:19:50Z,cjtinant,staff,16777234,1,0,209553722,4096,126296,64,0,2025-07-18T10:06:26Z,2025-07-14T20:47:03Z,2025-05-15T01:19:50Z,tif,tmax_0213_C.tif,prism/tmax_0213_C.tif,prism,64.66,2025-05-15T01:19:50Z,processed,FALSE,GeoTIFF raster
/Users/cjtinant/Documents/Rprojects_not-class/FFA_regional-skew/data/processed/prism/tmax_0214_C.tif,file, 61.62M,rw-r--r--,2025-05-15T01:19:50Z,cjtinant,staff,16777234,1,0,209553723,4096,126208,64,0,2025-07-18T10:06:26Z,2025-07-14T20:47:12Z,2025-05-15T01:19:50Z,tif,tmax_0214_C.tif,prism/tmax_0214_C.tif,prism,64.62,2025-05-15T01:19:50Z,processed,FALSE,GeoTIFF raster
/Users/cjtinant/Documents/Rprojects_not-class/FFA_regional-skew/data/processed/prism/tmax_0215_C.tif,file, 61.58M,rw-r--r--,2025-05-15T01:19:50Z,cjtinant,staff,16777234,1,0,209553724,4096,126128,64,0,2025-07-18T10:06:26Z,2025-07-14T20:47:21Z,2025-05-15T01:19:50Z,tif,tmax_0215_C.tif,prism/tmax_0215_C.tif,prism,64.58,2025-05-15T01:19:50Z,processed,FALSE,GeoTIFF raster
/Users/cjtinant/Documents/Rprojects_not-class/FFA_regional-skew/data/processed/prism/tmax_0216_C.tif,file, 61.56M,rw-r--r--,2025-05-15T01:19:50Z,cjtinant,staff,16777234,1,0,209553725,4096,126072,64,0,2025-07-18T04:48:29Z,2025-07-14T20:47:30Z,2025-05-15T01:19:50Z,tif,tmax_0216_C.tif,prism/tmax_0216_C.tif,prism,64.55,2025-05-15T01:19:50Z,processed,FALSE,GeoTIFF raster
/Users/cjtinant/Documents/Rprojects_not-class/FFA_regional-skew/data/processed/prism/tmax_0217_C.tif,file, 61.53M,rw-r--r--,2025-05-15T01:19:50Z,cjtinant,staff,16777234,1,0,209553726,4096,126024,64,0,2025-07-18T04:48:29Z,2025-07-14T20:47:41Z,2025-05-15T01:19:50Z,tif,tmax_0217_C.tif,prism/tmax_0217_C.tif,prism,64.52,2025-05-15T01:19:50Z,processed,FALSE,GeoTIFF raster
/Users/cjtinant/Documents/Rprojects_not-class/FFA_regional-skew/data/processed/prism/tmax_0218_C.tif,file, 61.51M,rw-r--r--,2025-05-15T01:19:50Z,cjtinant,staff,16777234,1,0,209553727,4096,125968,64,0,2025-07-18T04:48:29Z,2025-07-14T20:47:44Z,2025-05-15T01:19:50Z,tif,tmax_0218_C.tif,prism/tmax_0218_C.tif,prism,64.49,2025-05-15T01:19:50Z,processed,FALSE,GeoTIFF raster
/Users/cjtinant/Documents/Rprojects_not-class/FFA_regional-skew/data/processed/prism/tmax_0219_C.tif,file, 61.48M,rw-r--r--,2025-05-15T01:19:50Z,cjtinant,staff,16777234,1,0,209553728,4096,125912,64,0,2025-07-20T07:15:29Z,2025-07-14T20:47:47Z,2025-05-15T01:19:50Z,tif,tmax_0219_C.tif,prism/tmax_0219_C.tif,prism,64.47,2025-05-15T01:19:50Z,processed,FALSE,GeoTIFF raster
/Users/cjtinant/Documents/Rprojects_not-class/FFA_regional-skew/data/processed/prism/tmax_0220_C.tif,file, 61.44M,rw-r--r--,2025-05-15T01:19:50Z,cjtinant,staff,16777234,1,0,209553729,4096,125840,64,0,2025-07-18T04:48:29Z,2025-07-14T20:47:55Z,2025-05-15T01:19:50Z,tif,tmax_0220_C.tif,prism/tmax_0220_C.tif,prism,64.43,2025-05-15T01:19:50Z,processed,FALSE,GeoTIFF raster
/Users/cjtinant/Documents/Rprojects_not-class/FFA_regional-skew/data/processed/prism/tmax_0221_C.tif,file, 61.41M,rw-r--r--,2025-05-15T01:19:50Z,cjtinant,staff,16777234,1,0,209553730,4096,125768,64,0,2025-07-18T04:48:29Z,2025-07-14T20:48:09Z,2025-05-15T01:19:50Z,tif,tmax_0221_C.tif,prism/tmax_0221_C.tif,prism,64.39,2025-05-15T01:19:50Z,processed,FALSE,GeoTIFF raster
/Users/cjtinant/Documents/Rprojects_not-class/FFA_regional-skew/data/processed/prism/tmax_0222_C.tif,file, 61.38M,rw-r--r--,2025-05-15T01:19:50Z,cjtinant,staff,16777234,1,0,209553731,4096,125704,64,0,2025-07-18T04:48:29Z,2025-07-14T20:48:18Z,2025-05-15T01:19:50Z,tif,tmax_0222_C.tif,prism/tmax_0222_C.tif,prism,64.36,2025-05-15T01:19:50Z,processed,FALSE,GeoTIFF raster
/Users/cjtinant/Documents/Rprojects_not-class/FFA_regional-skew/data/processed/prism/tmax_0223_C.tif,file, 61.35M,rw-r--r--,2025-05-15T01:19:50Z,cjtinant,staff,16777234,1,0,209553732,4096,125656,64,0,2025-07-18T04:48:29Z,2025-07-14T20:48:28Z,2025-05-15T01:19:50Z,tif,tmax_0223_C.tif,prism/tmax_0223_C.tif,prism,64.33,2025-05-15T01:19:50Z,processed,FALSE,GeoTIFF raster
/Users/cjtinant/Documents/Rprojects_not-class/FFA_regional-skew/data/processed/prism/tmax_0224_C.tif,file, 61.33M,rw-r--r--,2025-05-15T01:19:50Z,cjtinant,staff,16777234,1,0,209553733,4096,125600,64,0,2025-07-18T04:48:29Z,2025-07-14T20:48:45Z,2025-05-15T01:19:50Z,tif,tmax_0224_C.tif,prism/tmax_0224_C.tif,prism,64.31,2025-05-15T01:19:50Z,processed,FALSE,GeoTIFF raster
/Users/cjtinant/Documents/Rprojects_not-class/FFA_regional-skew/data/processed/prism/tmax_0225_C.tif,file, 61.29M,rw-r--r--,2025-05-15T01:19:50Z,cjtinant,staff,16777234,1,0,209553734,4096,125528,64,0,2025-07-20T07:15:29Z,2025-07-14T20:48:56Z,2025-05-15T01:19:50Z,tif,tmax_0225_C.tif,prism/tmax_0225_C.tif,prism,64.27,2025-05-15T01:19:50Z,processed,FALSE,GeoTIFF raster
/Users/cjtinant/Documents/Rprojects_not-class/FFA_regional-skew/data/processed/prism/tmax_0226_C.tif,file, 61.25M,rw-r--r--,2025-05-15T01:19:51Z,cjtinant,staff,16777234,1,0,209553738,4096,125456,64,0,2025-07-18T04:48:29Z,2025-07-14T20:49:06Z,2025-05-15T01:19:50Z,tif,tmax_0226_C.tif,prism/tmax_0226_C.tif,prism,64.23,2025-05-15T01:19:51Z,processed,FALSE,GeoTIFF raster
/Users/cjtinant/Documents/Rprojects_not-class/FFA_regional-skew/data/processed/prism/tmax_0227_C.tif,file, 61.21M,rw-r--r--,2025-05-15T01:19:51Z,cjtinant,staff,16777234,1,0,209553739,4096,125368,64,0,2025-07-18T04:48:29Z,2025-07-14T20:49:15Z,2025-05-15T01:19:51Z,tif,tmax_0227_C.tif,prism/tmax_0227_C.tif,prism,64.18,2025-05-15T01:19:51Z,processed,FALSE,GeoTIFF raster
/Users/cjtinant/Documents/Rprojects_not-class/FFA_regional-skew/data/processed/prism/tmax_0228_C.tif,file, 61.17M,rw-r--r--,2025-05-15T01:19:51Z,cjtinant,staff,16777234,1,0,209553740,4096,125280,64,0,2025-07-18T04:48:29Z,2025-07-14T20:49:25Z,2025-05-15T01:19:51Z,tif,tmax_0228_C.tif,prism/tmax_0228_C.tif,prism,64.14,2025-05-15T01:19:51Z,processed,FALSE,GeoTIFF raster
/Users/cjtinant/Documents/Rprojects_not-class/FFA_regional-skew/data/processed/prism/tmax_0229_C.tif,file, 61.15M,rw-r--r--,2025-05-15T01:19:51Z,cjtinant,staff,16777234,1,0,209553741,4096,125232,64,0,2025-07-18T04:48:29Z,2025-07-14T20:49:38Z,2025-05-15T01:19:51Z,tif,tmax_0229_C.tif,prism/tmax_0229_C.tif,prism,64.12,2025-05-15T01:19:51Z,processed,FALSE,GeoTIFF raster
/Users/cjtinant/Documents/Rprojects_not-class/FFA_regional-skew/data/processed/prism/tmax_0301_C.tif,file, 61.12M,rw-r--r--,2025-05-15T01:19:51Z,cjtinant,staff,16777234,1,0,209553742,4096,125184,64,0,2025-07-20T07:15:29Z,2025-07-14T20:49:58Z,2025-05-15T01:19:51Z,tif,tmax_0301_C.tif,prism/tmax_0301_C.tif,prism,64.09,2025-05-15T01:19:51Z,processed,FALSE,GeoTIFF raster
/Users/cjtinant/Documents/Rprojects_not-class/FFA_regional-skew/data/processed/prism/tmax_0302_C.tif,file, 61.07M,rw-r--r--,2025-05-15T01:19:51Z,cjtinant,staff,16777234,1,0,209553743,4096,125088,64,0,2025-07-18T04:48:29Z,2025-07-14T20:50:14Z,2025-05-15T01:19:51Z,tif,tmax_0302_C.tif,prism/tmax_0302_C.tif,prism,64.04,2025-05-15T01:19:51Z,processed,FALSE,GeoTIFF raster
/Users/cjtinant/Documents/Rprojects_not-class/FFA_regional-skew/data/processed/prism/tmax_0303_C.tif,file, 61.03M,rw-r--r--,2025-05-15T01:19:51Z,cjtinant,staff,16777234,1,0,209553744,4096,124984,64,0,2025-07-18T04:48:29Z,2025-07-14T20:50:29Z,2025-05-15T01:19:51Z,tif,tmax_0303_C.tif,prism/tmax_0303_C.tif,prism,63.99,2025-05-15T01:19:51Z,processed,FALSE,GeoTIFF raster
/Users/cjtinant/Documents/Rprojects_not-class/FFA_regional-skew/data/processed/prism/tmax_0304_C.tif,file, 60.95M,rw-r--r--,2025-05-15T01:19:51Z,cjtinant,staff,16777234,1,0,209553745,4096,124832,64,0,2025-07-18T04:48:29Z,2025-07-14T20:50:52Z,2025-05-15T01:19:51Z,tif,tmax_0304_C.tif,prism/tmax_0304_C.tif,prism,63.91,2025-05-15T01:19:51Z,processed,FALSE,GeoTIFF raster
/Users/cjtinant/Documents/Rprojects_not-class/FFA_regional-skew/data/processed/prism/tmax_0305_C.tif,file, 60.87M,rw-r--r--,2025-05-15T01:19:51Z,cjtinant,staff,16777234,1,0,209553746,4096,124664,64,0,2025-07-18T04:48:29Z,2025-07-14T20:51:11Z,2025-05-15T01:19:51Z,tif,tmax_0305_C.tif,prism/tmax_0305_C.tif,prism,63.83,2025-05-15T01:19:51Z,processed,FALSE,GeoTIFF raster
/Users/cjtinant/Documents/Rprojects_not-class/FFA_regional-skew/data/processed/prism/tmax_0306_C.tif,file, 60.77M,rw-r--r--,2025-05-15T01:19:51Z,cjtinant,staff,16777234,1,0,209553747,4096,124456,64,0,2025-07-18T04:48:29Z,2025-07-14T20:51:31Z,2025-05-15T01:19:51Z,tif,tmax_0306_C.tif,prism/tmax_0306_C.tif,prism,63.72,2025-05-15T01:19:51Z,processed,FALSE,GeoTIFF raster
/Users/cjtinant/Documents/Rprojects_not-class/FFA_regional-skew/data/processed/prism/tmax_0307_C.tif,file, 60.66M,rw-r--r--,2025-05-15T01:19:51Z,cjtinant,staff,16777234,1,0,209553748,4096,124232,64,0,2025-07-18T04:48:29Z,2025-07-14T20:51:46Z,2025-05-15T01:19:51Z,tif,tmax_0307_C.tif,prism/tmax_0307_C.tif,prism,63.6,2025-05-15T01:19:51Z,processed,FALSE,GeoTIFF raster
/Users/cjtinant/Documents/Rprojects_not-class/FFA_regional-skew/data/processed/prism/tmax_0308_C.tif,file, 60.55M,rw-r--r--,2025-05-15T01:19:51Z,cjtinant,staff,16777234,1,0,209553749,4096,124016,64,0,2025-07-18T04:48:29Z,2025-07-14T20:51:59Z,2025-05-15T01:19:51Z,tif,tmax_0308_C.tif,prism/tmax_0308_C.tif,prism,63.49,2025-05-15T01:19:51Z,processed,FALSE,GeoTIFF raster
/Users/cjtinant/Documents/Rprojects_not-class/FFA_regional-skew/data/processed/prism/tmax_0309_C.tif,file, 60.46M,rw-r--r--,2025-05-15T01:19:51Z,cjtinant,staff,16777234,1,0,209553750,4096,123824,64,0,2025-07-18T04:48:49Z,2025-07-14T20:52:10Z,2025-05-15T01:19:51Z,tif,tmax_0309_C.tif,prism/tmax_0309_C.tif,prism,63.4,2025-05-15T01:19:51Z,processed,FALSE,GeoTIFF raster
/Users/cjtinant/Documents/Rprojects_not-class/FFA_regional-skew/data/processed/prism/tmax_0310_C.tif,file, 60.34M,rw-r--r--,2025-05-15T01:19:51Z,cjtinant,staff,16777234,1,0,209553751,4096,123584,64,0,2025-07-18T04:48:29Z,2025-07-14T20:52:40Z,2025-05-15T01:19:51Z,tif,tmax_0310_C.tif,prism/tmax_0310_C.tif,prism,63.27,2025-05-15T01:19:51Z,processed,FALSE,GeoTIFF raster
/Users/cjtinant/Documents/Rprojects_not-class/FFA_regional-skew/data/processed/prism/tmax_0311_C.tif,file, 60.23M,rw-r--r--,2025-05-15T01:19:51Z,cjtinant,staff,16777234,1,0,209553752,4096,123344,64,0,2025-07-20T07:15:29Z,2025-07-14T20:54:30Z,2025-05-15T01:19:51Z,tif,tmax_0311_C.tif,prism/tmax_0311_C.tif,prism,63.15,2025-05-15T01:19:51Z,processed,FALSE,GeoTIFF raster
/Users/cjtinant/Documents/Rprojects_not-class/FFA_regional-skew/data/processed/prism/tmax_0312_C.tif,file, 60.13M,rw-r--r--,2025-05-15T01:19:51Z,cjtinant,staff,16777234,1,0,209553753,4096,123144,64,0,2025-07-18T04:48:29Z,2025-07-14T20:54:54Z,2025-05-15T01:19:51Z,tif,tmax_0312_C.tif,prism/tmax_0312_C.tif,prism,63.05,2025-05-15T01:19:51Z,processed,FALSE,GeoTIFF raster
/Users/cjtinant/Documents/Rprojects_not-class/FFA_regional-skew/data/processed/prism/tmax_0313_C.tif,file, 60.03M,rw-r--r--,2025-05-15T01:19:51Z,cjtinant,staff,16777234,1,0,209553754,4096,122952,64,0,2025-07-18T04:48:29Z,2025-07-14T20:55:00Z,2025-05-15T01:19:51Z,tif,tmax_0313_C.tif,prism/tmax_0313_C.tif,prism,62.95,2025-05-15T01:19:51Z,processed,FALSE,GeoTIFF raster
/Users/cjtinant/Documents/Rprojects_not-class/FFA_regional-skew/data/processed/prism/tmax_0314_C.tif,file, 59.96M,rw-r--r--,2025-05-15T01:19:52Z,cjtinant,staff,16777234,1,0,209553755,4096,122800,64,0,2025-07-18T04:48:29Z,2025-07-14T20:55:10Z,2025-05-15T01:19:51Z,tif,tmax_0314_C.tif,prism/tmax_0314_C.tif,prism,62.87,2025-05-15T01:19:52Z,processed,FALSE,GeoTIFF raster
/Users/cjtinant/Documents/Rprojects_not-class/FFA_regional-skew/data/processed/prism/tmax_0315_C.tif,file, 59.88M,rw-r--r--,2025-05-15T01:19:52Z,cjtinant,staff,16777234,1,0,209553756,4096,122640,64,0,2025-07-20T04:30:53Z,2025-07-14T20:55:25Z,2025-05-15T01:19:52Z,tif,tmax_0315_C.tif,prism/tmax_0315_C.tif,prism,62.79,2025-05-15T01:19:52Z,processed,FALSE,GeoTIFF raster
/Users/cjtinant/Documents/Rprojects_not-class/FFA_regional-skew/data/processed/prism/tmax_0316_C.tif,file, 59.82M,rw-r--r--,2025-05-15T01:19:52Z,cjtinant,staff,16777234,1,0,209553757,4096,122520,64,0,2025-07-20T07:13:48Z,2025-07-14T20:55:37Z,2025-05-15T01:19:52Z,tif,tmax_0316_C.tif,prism/tmax_0316_C.tif,prism,62.73,2025-05-15T01:19:52Z,processed,FALSE,GeoTIFF raster
/Users/cjtinant/Documents/Rprojects_not-class/FFA_regional-skew/data/processed/prism/tmax_0317_C.tif,file, 59.77M,rw-r--r--,2025-05-15T01:19:52Z,cjtinant,staff,16777234,1,0,209553759,4096,122408,64,0,2025-07-18T04:48:29Z,2025-07-14T20:55:54Z,2025-05-15T01:19:52Z,tif,tmax_0317_C.tif,prism/tmax_0317_C.tif,prism,62.67,2025-05-15T01:19:52Z,processed,FALSE,GeoTIFF raster
/Users/cjtinant/Documents/Rprojects_not-class/FFA_regional-skew/data/processed/prism/tmax_0318_C.tif,file, 59.72M,rw-r--r--,2025-05-15T01:19:52Z,cjtinant,staff,16777234,1,0,209553762,4096,122320,64,0,2025-07-18T04:48:29Z,2025-07-14T20:56:00Z,2025-05-15T01:19:52Z,tif,tmax_0318_C.tif,prism/tmax_0318_C.tif,prism,62.63,2025-05-15T01:19:52Z,processed,FALSE,GeoTIFF raster
/Users/cjtinant/Documents/Rprojects_not-class/FFA_regional-skew/data/processed/prism/tmax_0319_C.tif,file, 59.68M,rw-r--r--,2025-05-15T01:19:52Z,cjtinant,staff,16777234,1,0,209553763,4096,122232,64,0,2025-07-18T04:48:29Z,2025-07-14T20:56:08Z,2025-05-15T01:19:52Z,tif,tmax_0319_C.tif,prism/tmax_0319_C.tif,prism,62.58,2025-05-15T01:19:52Z,processed,FALSE,GeoTIFF raster
/Users/cjtinant/Documents/Rprojects_not-class/FFA_regional-skew/data/processed/prism/tmax_0320_C.tif,file, 59.64M,rw-r--r--,2025-05-15T01:19:52Z,cjtinant,staff,16777234,1,0,209553764,4096,122136,64,0,2025-07-18T04:48:29Z,2025-07-14T20:56:18Z,2025-05-15T01:19:52Z,tif,tmax_0320_C.tif,prism/tmax_0320_C.tif,prism,62.53,2025-05-15T01:19:52Z,processed,FALSE,GeoTIFF raster
/Users/cjtinant/Documents/Rprojects_not-class/FFA_regional-skew/data/processed/prism/tmax_0321_C.tif,file, 59.59M,rw-r--r--,2025-05-15T01:19:52Z,cjtinant,staff,16777234,1,0,209553765,4096,122056,64,0,2025-07-18T04:48:29Z,2025-07-14T20:56:33Z,2025-05-15T01:19:52Z,tif,tmax_0321_C.tif,prism/tmax_0321_C.tif,prism,62.49,2025-05-15T01:19:52Z,processed,FALSE,GeoTIFF raster
/Users/cjtinant/Documents/Rprojects_not-class/FFA_regional-skew/data/processed/prism/tmax_0322_C.tif,file, 59.55M,rw-r--r--,2025-05-15T01:19:52Z,cjtinant,staff,16777234,1,0,209553766,4096,121960,64,0,2025-07-18T04:48:31Z,2025-07-14T20:56:45Z,2025-05-15T01:19:52Z,tif,tmax_0322_C.tif,prism/tmax_0322_C.tif,prism,62.44,2025-05-15T01:19:52Z,processed,FALSE,GeoTIFF raster
/Users/cjtinant/Documents/Rprojects_not-class/FFA_regional-skew/data/processed/prism/tmax_0323_C.tif,file, 59.5M,rw-r--r--,2025-05-15T01:19:52Z,cjtinant,staff,16777234,1,0,209553767,4096,121872,64,0,2025-07-18T04:48:31Z,2025-07-14T20:56:54Z,2025-05-15T01:19:52Z,tif,tmax_0323_C.tif,prism/tmax_0323_C.tif,prism,62.4,2025-05-15T01:19:52Z,processed,FALSE,GeoTIFF raster
/Users/cjtinant/Documents/Rprojects_not-class/FFA_regional-skew/data/processed/prism/tmax_0324_C.tif,file, 59.47M,rw-r--r--,2025-05-15T01:19:52Z,cjtinant,staff,16777234,1,0,209553771,4096,121792,64,0,2025-07-18T04:48:31Z,2025-07-14T20:57:13Z,2025-05-15T01:19:52Z,tif,tmax_0324_C.tif,prism/tmax_0324_C.tif,prism,62.36,2025-05-15T01:19:52Z,processed,FALSE,GeoTIFF raster
/Users/cjtinant/Documents/Rprojects_not-class/FFA_regional-skew/data/processed/prism/tmax_0325_C.tif,file, 59.42M,rw-r--r--,2025-05-15T01:19:52Z,cjtinant,staff,16777234,1,0,209553772,4096,121704,64,0,2025-07-18T04:48:31Z,2025-07-14T20:57:27Z,2025-05-15T01:19:52Z,tif,tmax_0325_C.tif,prism/tmax_0325_C.tif,prism,62.31,2025-05-15T01:19:52Z,processed,FALSE,GeoTIFF raster
/Users/cjtinant/Documents/Rprojects_not-class/FFA_regional-skew/data/processed/prism/tmax_0326_C.tif,file, 59.38M,rw-r--r--,2025-05-15T01:19:52Z,cjtinant,staff,16777234,1,0,209553773,4096,121624,64,0,2025-07-18T04:48:31Z,2025-07-14T20:57:34Z,2025-05-15T01:19:52Z,tif,tmax_0326_C.tif,prism/tmax_0326_C.tif,prism,62.27,2025-05-15T01:19:52Z,processed,FALSE,GeoTIFF raster
/Users/cjtinant/Documents/Rprojects_not-class/FFA_regional-skew/data/processed/prism/tmax_0327_C.tif,file, 59.35M,rw-r--r--,2025-05-15T01:19:52Z,cjtinant,staff,16777234,1,0,209553774,4096,121544,64,0,2025-07-18T04:48:31Z,2025-07-14T20:57:41Z,2025-05-15T01:19:52Z,tif,tmax_0327_C.tif,prism/tmax_0327_C.tif,prism,62.23,2025-05-15T01:19:52Z,processed,FALSE,GeoTIFF raster
/Users/cjtinant/Documents/Rprojects_not-class/FFA_regional-skew/data/processed/prism/tmax_0328_C.tif,file, 59.31M,rw-r--r--,2025-05-15T01:19:52Z,cjtinant,staff,16777234,1,0,209553776,4096,121464,64,0,2025-07-18T04:48:31Z,2025-07-14T20:57:47Z,2025-05-15T01:19:52Z,tif,tmax_0328_C.tif,prism/tmax_0328_C.tif,prism,62.19,2025-05-15T01:19:52Z,processed,FALSE,GeoTIFF raster
/Users/cjtinant/Documents/Rprojects_not-class/FFA_regional-skew/data/processed/prism/tmax_0329_C.tif,file, 59.27M,rw-r--r--,2025-05-15T01:19:52Z,cjtinant,staff,16777234,1,0,209553777,4096,121400,64,0,2025-07-18T04:48:31Z,2025-07-14T20:57:57Z,2025-05-15T01:19:52Z,tif,tmax_0329_C.tif,prism/tmax_0329_C.tif,prism,62.15,2025-05-15T01:19:52Z,processed,FALSE,GeoTIFF raster
/Users/cjtinant/Documents/Rprojects_not-class/FFA_regional-skew/data/processed/prism/tmax_0330_C.tif,file, 59.24M,rw-r--r--,2025-05-15T01:19:52Z,cjtinant,staff,16777234,1,0,209553778,4096,121336,64,0,2025-07-18T04:48:29Z,2025-07-14T20:58:10Z,2025-05-15T01:19:52Z,tif,tmax_0330_C.tif,prism/tmax_0330_C.tif,prism,62.12,2025-05-15T01:19:52Z,processed,FALSE,GeoTIFF raster
/Users/cjtinant/Documents/Rprojects_not-class/FFA_regional-skew/data/processed/prism/tmax_0331_C.tif,file, 59.21M,rw-r--r--,2025-05-15T01:19:53Z,cjtinant,staff,16777234,1,0,209553779,4096,121264,64,0,2025-07-18T04:48:31Z,2025-07-14T20:58:20Z,2025-05-15T01:19:52Z,tif,tmax_0331_C.tif,prism/tmax_0331_C.tif,prism,62.08,2025-05-15T01:19:53Z,processed,FALSE,GeoTIFF raster
/Users/cjtinant/Documents/Rprojects_not-class/FFA_regional-skew/data/processed/prism/tmax_0401_C.tif,file, 59.18M,rw-r--r--,2025-05-15T01:19:53Z,cjtinant,staff,16777234,1,0,209553780,4096,121200,64,0,2025-07-18T04:48:29Z,2025-07-14T20:58:29Z,2025-05-15T01:19:53Z,tif,tmax_0401_C.tif,prism/tmax_0401_C.tif,prism,62.05,2025-05-15T01:19:53Z,processed,FALSE,GeoTIFF raster
/Users/cjtinant/Documents/Rprojects_not-class/FFA_regional-skew/data/processed/prism/tmax_0402_C.tif,file, 59.14M,rw-r--r--,2025-05-15T01:19:53Z,cjtinant,staff,16777234,1,0,209553781,4096,121120,64,0,2025-07-15T04:38:27Z,2025-07-14T20:58:39Z,2025-05-15T01:19:53Z,tif,tmax_0402_C.tif,prism/tmax_0402_C.tif,prism,62.01,2025-05-15T01:19:53Z,processed,FALSE,GeoTIFF raster
/Users/cjtinant/Documents/Rprojects_not-class/FFA_regional-skew/data/processed/prism/tmax_0403_C.tif,file, 59.1M,rw-r--r--,2025-05-15T01:19:53Z,cjtinant,staff,16777234,1,0,209553782,4096,121048,64,0,2025-07-18T04:48:29Z,2025-07-14T20:58:49Z,2025-05-15T01:19:53Z,tif,tmax_0403_C.tif,prism/tmax_0403_C.tif,prism,61.97,2025-05-15T01:19:53Z,processed,FALSE,GeoTIFF raster
/Users/cjtinant/Documents/Rprojects_not-class/FFA_regional-skew/data/processed/prism/tmax_0404_C.tif,file, 59.07M,rw-r--r--,2025-05-15T01:19:53Z,cjtinant,staff,16777234,1,0,209553783,4096,120984,64,0,2025-07-18T04:48:49Z,2025-07-14T20:59:00Z,2025-05-15T01:19:53Z,tif,tmax_0404_C.tif,prism/tmax_0404_C.tif,prism,61.94,2025-05-15T01:19:53Z,processed,FALSE,GeoTIFF raster
/Users/cjtinant/Documents/Rprojects_not-class/FFA_regional-skew/data/processed/prism/tmax_0405_C.tif,file, 59.05M,rw-r--r--,2025-05-15T01:19:53Z,cjtinant,staff,16777234,1,0,209553787,4096,120928,64,0,2025-07-18T04:48:29Z,2025-07-14T20:59:09Z,2025-05-15T01:19:53Z,tif,tmax_0405_C.tif,prism/tmax_0405_C.tif,prism,61.91,2025-05-15T01:19:53Z,processed,FALSE,GeoTIFF raster
/Users/cjtinant/Documents/Rprojects_not-class/FFA_regional-skew/data/processed/prism/tmax_0406_C.tif,file, 59.02M,rw-r--r--,2025-05-15T01:19:53Z,cjtinant,staff,16777234,1,0,209553788,4096,120872,64,0,2025-07-18T04:48:29Z,2025-07-14T20:59:20Z,2025-05-15T01:19:53Z,tif,tmax_0406_C.tif,prism/tmax_0406_C.tif,prism,61.89,2025-05-15T01:19:53Z,processed,FALSE,GeoTIFF raster
/Users/cjtinant/Documents/Rprojects_not-class/FFA_regional-skew/data/processed/prism/tmax_0407_C.tif,file, 59M,rw-r--r--,2025-05-15T01:19:53Z,cjtinant,staff,16777234,1,0,209553789,4096,120832,64,0,2025-07-18T04:48:29Z,2025-07-14T20:59:33Z,2025-05-15T01:19:53Z,tif,tmax_0407_C.tif,prism/tmax_0407_C.tif,prism,61.86,2025-05-15T01:19:53Z,processed,FALSE,GeoTIFF raster
/Users/cjtinant/Documents/Rprojects_not-class/FFA_regional-skew/data/processed/prism/tmax_0408_C.tif,file, 58.97M,rw-r--r--,2025-05-15T01:19:53Z,cjtinant,staff,16777234,1,0,209553790,4096,120784,64,0,2025-07-15T04:38:27Z,2025-07-14T20:59:43Z,2025-05-15T01:19:53Z,tif,tmax_0408_C.tif,prism/tmax_0408_C.tif,prism,61.84,2025-05-15T01:19:53Z,processed,FALSE,GeoTIFF raster
/Users/cjtinant/Documents/Rprojects_not-class/FFA_regional-skew/data/processed/prism/tmax_0409_C.tif,file, 58.95M,rw-r--r--,2025-05-15T01:19:53Z,cjtinant,staff,16777234,1,0,209553791,4096,120736,64,0,2025-07-20T07:13:48Z,2025-07-14T20:59:51Z,2025-05-15T01:19:53Z,tif,tmax_0409_C.tif,prism/tmax_0409_C.tif,prism,61.81,2025-05-15T01:19:53Z,processed,FALSE,GeoTIFF raster
/Users/cjtinant/Documents/Rprojects_not-class/FFA_regional-skew/data/processed/prism/tmax_0410_C.tif,file, 58.92M,rw-r--r--,2025-05-15T01:19:53Z,cjtinant,staff,16777234,1,0,209553792,4096,120680,64,0,2025-07-15T04:38:27Z,2025-07-14T21:00:01Z,2025-05-15T01:19:53Z,tif,tmax_0410_C.tif,prism/tmax_0410_C.tif,prism,61.79,2025-05-15T01:19:53Z,processed,FALSE,GeoTIFF raster
/Users/cjtinant/Documents/Rprojects_not-class/FFA_regional-skew/data/processed/prism/tmax_0411_C.tif,file, 58.89M,rw-r--r--,2025-05-15T01:19:53Z,cjtinant,staff,16777234,1,0,209553793,4096,120616,64,0,2025-07-15T04:38:27Z,2025-07-14T21:00:11Z,2025-05-15T01:19:53Z,tif,tmax_0411_C.tif,prism/tmax_0411_C.tif,prism,61.75,2025-05-15T01:19:53Z,processed,FALSE,GeoTIFF raster
/Users/cjtinant/Documents/Rprojects_not-class/FFA_regional-skew/data/processed/prism/tmax_0412_C.tif,file, 58.86M,rw-r--r--,2025-05-15T01:19:53Z,cjtinant,staff,16777234,1,0,209553794,4096,120544,64,0,2025-07-15T04:38:27Z,2025-07-14T21:00:25Z,2025-05-15T01:19:53Z,tif,tmax_0412_C.tif,prism/tmax_0412_C.tif,prism,61.72,2025-05-15T01:19:53Z,processed,FALSE,GeoTIFF raster
/Users/cjtinant/Documents/Rprojects_not-class/FFA_regional-skew/data/processed/prism/tmax_0413_C.tif,file, 58.83M,rw-r--r--,2025-05-15T01:19:53Z,cjtinant,staff,16777234,1,0,209553795,4096,120480,64,0,2025-07-15T04:38:27Z,2025-07-14T21:00:33Z,2025-05-15T01:19:53Z,tif,tmax_0413_C.tif,prism/tmax_0413_C.tif,prism,61.69,2025-05-15T01:19:53Z,processed,FALSE,GeoTIFF raster
/Users/cjtinant/Documents/Rprojects_not-class/FFA_regional-skew/data/processed/prism/tmax_0414_C.tif,file, 58.8M,rw-r--r--,2025-05-15T01:19:53Z,cjtinant,staff,16777234,1,0,209553796,4096,120424,64,0,2025-07-15T04:38:27Z,2025-07-14T21:00:39Z,2025-05-15T01:19:53Z,tif,tmax_0414_C.tif,prism/tmax_0414_C.tif,prism,61.66,2025-05-15T01:19:53Z,processed,FALSE,GeoTIFF raster
/Users/cjtinant/Documents/Rprojects_not-class/FFA_regional-skew/data/processed/prism/tmax_0415_C.tif,file, 58.77M,rw-r--r--,2025-05-15T01:19:53Z,cjtinant,staff,16777234,1,0,209553797,4096,120376,64,0,2025-07-15T00:08:37Z,2025-07-14T21:00:48Z,2025-05-15T01:19:53Z,tif,tmax_0415_C.tif,prism/tmax_0415_C.tif,prism,61.63,2025-05-15T01:19:53Z,processed,FALSE,GeoTIFF raster
/Users/cjtinant/Documents/Rprojects_not-class/FFA_regional-skew/data/processed/prism/tmax_0416_C.tif,file, 58.75M,rw-r--r--,2025-05-15T01:19:53Z,cjtinant,staff,16777234,1,0,209553798,4096,120328,64,0,2025-07-15T00:08:35Z,2025-07-14T21:01:01Z,2025-05-15T01:19:53Z,tif,tmax_0416_C.tif,prism/tmax_0416_C.tif,prism,61.6,2025-05-15T01:19:53Z,processed,FALSE,GeoTIFF raster
/Users/cjtinant/Documents/Rprojects_not-class/FFA_regional-skew/data/processed/prism/tmax_0417_C.tif,file, 58.72M,rw-r--r--,2025-05-15T01:19:53Z,cjtinant,staff,16777234,1,0,209553802,4096,120272,64,0,2025-07-15T00:08:35Z,2025-07-14T21:01:12Z,2025-05-15T01:19:53Z,tif,tmax_0417_C.tif,prism/tmax_0417_C.tif,prism,61.58,2025-05-15T01:19:53Z,processed,FALSE,GeoTIFF raster
/Users/cjtinant/Documents/Rprojects_not-class/FFA_regional-skew/data/processed/prism/tmax_0418_C.tif,file, 58.7M,rw-r--r--,2025-05-15T01:19:54Z,cjtinant,staff,16777234,1,0,209553803,4096,120216,64,0,2025-07-15T04:38:27Z,2025-07-14T21:01:23Z,2025-05-15T01:19:53Z,tif,tmax_0418_C.tif,prism/tmax_0418_C.tif,prism,61.55,2025-05-15T01:19:54Z,processed,FALSE,GeoTIFF raster
/Users/cjtinant/Documents/Rprojects_not-class/FFA_regional-skew/data/processed/prism/tmax_0419_C.tif,file, 58.68M,rw-r--r--,2025-05-15T01:19:54Z,cjtinant,staff,16777234,1,0,209553804,4096,120184,64,0,2025-07-20T07:13:48Z,2025-07-14T21:01:34Z,2025-05-15T01:19:54Z,tif,tmax_0419_C.tif,prism/tmax_0419_C.tif,prism,61.53,2025-05-15T01:19:54Z,processed,FALSE,GeoTIFF raster
/Users/cjtinant/Documents/Rprojects_not-class/FFA_regional-skew/data/processed/prism/tmax_0420_C.tif,file, 58.66M,rw-r--r--,2025-05-15T01:19:54Z,cjtinant,staff,16777234,1,0,209553805,4096,120144,64,0,2025-07-20T07:13:48Z,2025-07-14T21:01:42Z,2025-05-15T01:19:54Z,tif,tmax_0420_C.tif,prism/tmax_0420_C.tif,prism,61.51,2025-05-15T01:19:54Z,processed,FALSE,GeoTIFF raster
/Users/cjtinant/Documents/Rprojects_not-class/FFA_regional-skew/data/processed/prism/tmax_0421_C.tif,file, 58.65M,rw-r--r--,2025-05-15T01:19:54Z,cjtinant,staff,16777234,1,0,209553806,4096,120112,64,0,2025-07-20T07:13:48Z,2025-07-14T21:01:52Z,2025-05-15T01:19:54Z,tif,tmax_0421_C.tif,prism/tmax_0421_C.tif,prism,61.5,2025-05-15T01:19:54Z,processed,FALSE,GeoTIFF raster
/Users/cjtinant/Documents/Rprojects_not-class/FFA_regional-skew/data/processed/prism/tmax_0422_C.tif,file, 58.63M,rw-r--r--,2025-05-15T01:19:54Z,cjtinant,staff,16777234,1,0,209553807,4096,120080,64,0,2025-07-14T22:56:59Z,2025-07-14T21:02:05Z,2025-05-15T01:19:54Z,tif,tmax_0422_C.tif,prism/tmax_0422_C.tif,prism,61.48,2025-05-15T01:19:54Z,processed,FALSE,GeoTIFF raster
/Users/cjtinant/Documents/Rprojects_not-class/FFA_regional-skew/data/processed/prism/tmax_0423_C.tif,file, 58.62M,rw-r--r--,2025-05-15T01:19:54Z,cjtinant,staff,16777234,1,0,209553808,4096,120056,64,0,2025-07-15T00:08:37Z,2025-07-14T21:02:18Z,2025-05-15T01:19:54Z,tif,tmax_0423_C.tif,prism/tmax_0423_C.tif,prism,61.47,2025-05-15T01:19:54Z,processed,FALSE,GeoTIFF raster
/Users/cjtinant/Documents/Rprojects_not-class/FFA_regional-skew/data/processed/prism/tmax_0424_C.tif,file, 58.6M,rw-r--r--,2025-05-15T01:19:54Z,cjtinant,staff,16777234,1,0,209553809,4096,120016,64,0,2025-07-20T07:13:48Z,2025-07-14T21:02:36Z,2025-05-15T01:19:54Z,tif,tmax_0424_C.tif,prism/tmax_0424_C.tif,prism,61.44,2025-05-15T01:19:54Z,processed,FALSE,GeoTIFF raster
/Users/cjtinant/Documents/Rprojects_not-class/FFA_regional-skew/data/processed/prism/tmax_0425_C.tif,file, 58.58M,rw-r--r--,2025-05-15T01:19:54Z,cjtinant,staff,16777234,1,0,209553810,4096,119968,64,0,2025-07-14T22:56:59Z,2025-07-14T21:02:43Z,2025-05-15T01:19:54Z,tif,tmax_0425_C.tif,prism/tmax_0425_C.tif,prism,61.42,2025-05-15T01:19:54Z,processed,FALSE,GeoTIFF raster
/Users/cjtinant/Documents/Rprojects_not-class/FFA_regional-skew/data/processed/prism/tmax_0426_C.tif,file, 58.55M,rw-r--r--,2025-05-15T01:19:54Z,cjtinant,staff,16777234,1,0,209553811,4096,119912,64,0,2025-07-15T00:09:44Z,2025-07-14T21:02:53Z,2025-05-15T01:19:54Z,tif,tmax_0426_C.tif,prism/tmax_0426_C.tif,prism,61.39,2025-05-15T01:19:54Z,processed,FALSE,GeoTIFF raster
/Users/cjtinant/Documents/Rprojects_not-class/FFA_regional-skew/data/processed/prism/tmax_0427_C.tif,file, 58.51M,rw-r--r--,2025-05-15T01:19:54Z,cjtinant,staff,16777234,1,0,209553812,4096,119840,64,0,2025-07-20T07:15:32Z,2025-07-14T21:03:04Z,2025-05-15T01:19:54Z,tif,tmax_0427_C.tif,prism/tmax_0427_C.tif,prism,61.35,2025-05-15T01:19:54Z,processed,FALSE,GeoTIFF raster
/Users/cjtinant/Documents/Rprojects_not-class/FFA_regional-skew/data/processed/prism/tmax_0428_C.tif,file, 58.47M,rw-r--r--,2025-05-15T01:19:54Z,cjtinant,staff,16777234,1,0,209553816,4096,119744,64,0,2025-07-20T07:13:43Z,2025-07-14T21:03:12Z,2025-05-15T01:19:54Z,tif,tmax_0428_C.tif,prism/tmax_0428_C.tif,prism,61.31,2025-05-15T01:19:54Z,processed,FALSE,GeoTIFF raster
/Users/cjtinant/Documents/Rprojects_not-class/FFA_regional-skew/data/processed/prism/tmax_0429_C.tif,file, 58.43M,rw-r--r--,2025-05-15T01:19:54Z,cjtinant,staff,16777234,1,0,209553817,4096,119680,64,0,2025-07-20T07:13:43Z,2025-07-14T21:03:19Z,2025-05-15T01:19:54Z,tif,tmax_0429_C.tif,prism/tmax_0429_C.tif,prism,61.27,2025-05-15T01:19:54Z,processed,FALSE,GeoTIFF raster
/Users/cjtinant/Documents/Rprojects_not-class/FFA_regional-skew/data/processed/prism/tmax_0430_C.tif,file, 58.39M,rw-r--r--,2025-05-15T01:19:54Z,cjtinant,staff,16777234,1,0,209553818,4096,119600,64,0,2025-07-20T07:13:43Z,2025-07-14T21:03:27Z,2025-05-15T01:19:54Z,tif,tmax_0430_C.tif,prism/tmax_0430_C.tif,prism,61.23,2025-05-15T01:19:54Z,processed,FALSE,GeoTIFF raster
/Users/cjtinant/Documents/Rprojects_not-class/FFA_regional-skew/data/processed/prism/tmax_0501_C.tif,file, 58.36M,rw-r--r--,2025-05-15T01:19:54Z,cjtinant,staff,16777234,1,0,209553819,4096,119536,64,0,2025-07-20T07:13:43Z,2025-07-14T21:03:35Z,2025-05-15T01:19:54Z,tif,tmax_0501_C.tif,prism/tmax_0501_C.tif,prism,61.2,2025-05-15T01:19:54Z,processed,FALSE,GeoTIFF raster
/Users/cjtinant/Documents/Rprojects_not-class/FFA_regional-skew/data/processed/prism/tmax_0502_C.tif,file, 58.35M,rw-r--r--,2025-05-15T01:19:54Z,cjtinant,staff,16777234,1,0,209553820,4096,119496,64,0,2025-07-20T07:13:48Z,2025-07-14T21:03:45Z,2025-05-15T01:19:54Z,tif,tmax_0502_C.tif,prism/tmax_0502_C.tif,prism,61.18,2025-05-15T01:19:54Z,processed,FALSE,GeoTIFF raster
/Users/cjtinant/Documents/Rprojects_not-class/FFA_regional-skew/data/processed/prism/tmax_0503_C.tif,file, 58.33M,rw-r--r--,2025-05-15T01:19:54Z,cjtinant,staff,16777234,1,0,209553821,4096,119464,64,0,2025-07-20T07:13:48Z,2025-07-14T21:04:11Z,2025-05-15T01:19:54Z,tif,tmax_0503_C.tif,prism/tmax_0503_C.tif,prism,61.17,2025-05-15T01:19:54Z,processed,FALSE,GeoTIFF raster
/Users/cjtinant/Documents/Rprojects_not-class/FFA_regional-skew/data/processed/prism/tmax_0504_C.tif,file, 58.32M,rw-r--r--,2025-05-15T01:19:55Z,cjtinant,staff,16777234,1,0,209553822,4096,119448,64,0,2025-07-14T22:56:48Z,2025-07-14T21:04:33Z,2025-05-15T01:19:54Z,tif,tmax_0504_C.tif,prism/tmax_0504_C.tif,prism,61.15,2025-05-15T01:19:55Z,processed,FALSE,GeoTIFF raster
/Users/cjtinant/Documents/Rprojects_not-class/FFA_regional-skew/data/processed/prism/tmax_0505_C.tif,file, 58.3M,rw-r--r--,2025-05-15T01:19:55Z,cjtinant,staff,16777234,1,0,209553823,4096,119400,64,0,2025-07-15T00:09:44Z,2025-07-14T21:04:44Z,2025-05-15T01:19:55Z,tif,tmax_0505_C.tif,prism/tmax_0505_C.tif,prism,61.13,2025-05-15T01:19:55Z,processed,FALSE,GeoTIFF raster
/Users/cjtinant/Documents/Rprojects_not-class/FFA_regional-skew/data/processed/prism/tmax_0506_C.tif,file, 58.27M,rw-r--r--,2025-05-15T01:19:55Z,cjtinant,staff,16777234,1,0,209553824,4096,119352,64,0,2025-07-20T12:07:06Z,2025-07-14T21:04:56Z,2025-05-15T01:19:55Z,tif,tmax_0506_C.tif,prism/tmax_0506_C.tif,prism,61.1,2025-05-15T01:19:55Z,processed,FALSE,GeoTIFF raster
/Users/cjtinant/Documents/Rprojects_not-class/FFA_regional-skew/data/processed/prism/tmax_0507_C.tif,file, 58.24M,rw-r--r--,2025-05-15T01:19:55Z,cjtinant,staff,16777234,1,0,209553825,4096,119288,64,0,2025-07-20T12:07:06Z,2025-07-14T21:05:07Z,2025-05-15T01:19:55Z,tif,tmax_0507_C.tif,prism/tmax_0507_C.tif,prism,61.07,2025-05-15T01:19:55Z,processed,FALSE,GeoTIFF raster
/Users/cjtinant/Documents/Rprojects_not-class/FFA_regional-skew/data/processed/prism/tmax_0508_C.tif,file, 58.21M,rw-r--r--,2025-05-15T01:19:55Z,cjtinant,staff,16777234,1,0,209553826,4096,119224,64,0,2025-07-20T12:07:06Z,2025-07-14T21:05:20Z,2025-05-15T01:19:55Z,tif,tmax_0508_C.tif,prism/tmax_0508_C.tif,prism,61.04,2025-05-15T01:19:55Z,processed,FALSE,GeoTIFF raster
/Users/cjtinant/Documents/Rprojects_not-class/FFA_regional-skew/data/processed/prism/tmax_0509_C.tif,file, 58.19M,rw-r--r--,2025-05-15T01:19:55Z,cjtinant,staff,16777234,1,0,209553827,4096,119184,64,0,2025-07-20T12:07:06Z,2025-07-14T21:05:31Z,2025-05-15T01:19:55Z,tif,tmax_0509_C.tif,prism/tmax_0509_C.tif,prism,61.02,2025-05-15T01:19:55Z,processed,FALSE,GeoTIFF raster
/Users/cjtinant/Documents/Rprojects_not-class/FFA_regional-skew/data/processed/prism/tmax_0510_C.tif,file, 58.18M,rw-r--r--,2025-05-15T01:19:55Z,cjtinant,staff,16777234,1,0,209553828,4096,119152,64,0,2025-07-20T12:07:06Z,2025-07-14T21:05:43Z,2025-05-15T01:19:55Z,tif,tmax_0510_C.tif,prism/tmax_0510_C.tif,prism,61,2025-05-15T01:19:55Z,processed,FALSE,GeoTIFF raster
/Users/cjtinant/Documents/Rprojects_not-class/FFA_regional-skew/data/processed/prism/tmax_0511_C.tif,file, 58.17M,rw-r--r--,2025-05-15T01:19:55Z,cjtinant,staff,16777234,1,0,209553832,4096,119144,64,0,2025-07-20T12:07:06Z,2025-07-14T21:06:25Z,2025-05-15T01:19:55Z,tif,tmax_0511_C.tif,prism/tmax_0511_C.tif,prism,61,2025-05-15T01:19:55Z,processed,FALSE,GeoTIFF raster
/Users/cjtinant/Documents/Rprojects_not-class/FFA_regional-skew/data/processed/prism/tmax_0512_C.tif,file, 58.17M,rw-r--r--,2025-05-15T01:19:55Z,cjtinant,staff,16777234,1,0,209553833,4096,119136,64,0,2025-07-20T12:07:06Z,2025-07-14T21:06:34Z,2025-05-15T01:19:55Z,tif,tmax_0512_C.tif,prism/tmax_0512_C.tif,prism,61,2025-05-15T01:19:55Z,processed,FALSE,GeoTIFF raster
/Users/cjtinant/Documents/Rprojects_not-class/FFA_regional-skew/data/processed/prism/tmax_0513_C.tif,file, 58.17M,rw-r--r--,2025-05-15T01:19:55Z,cjtinant,staff,16777234,1,0,209553834,4096,119144,64,0,2025-07-20T12:07:06Z,2025-07-14T21:06:47Z,2025-05-15T01:19:55Z,tif,tmax_0513_C.tif,prism/tmax_0513_C.tif,prism,61,2025-05-15T01:19:55Z,processed,FALSE,GeoTIFF raster
/Users/cjtinant/Documents/Rprojects_not-class/FFA_regional-skew/data/processed/prism/tmax_0514_C.tif,file, 58.17M,rw-r--r--,2025-05-15T01:19:55Z,cjtinant,staff,16777234,1,0,209553835,4096,119136,64,0,2025-07-20T12:07:06Z,2025-07-14T21:06:57Z,2025-05-15T01:19:55Z,tif,tmax_0514_C.tif,prism/tmax_0514_C.tif,prism,61,2025-05-15T01:19:55Z,processed,FALSE,GeoTIFF raster
/Users/cjtinant/Documents/Rprojects_not-class/FFA_regional-skew/data/processed/prism/tmax_0515_C.tif,file, 58.16M,rw-r--r--,2025-05-15T01:19:55Z,cjtinant,staff,16777234,1,0,209553836,4096,119128,64,0,2025-07-20T12:07:06Z,2025-07-14T21:07:11Z,2025-05-15T01:19:55Z,tif,tmax_0515_C.tif,prism/tmax_0515_C.tif,prism,60.99,2025-05-15T01:19:55Z,processed,FALSE,GeoTIFF raster
/Users/cjtinant/Documents/Rprojects_not-class/FFA_regional-skew/data/processed/prism/tmax_0516_C.tif,file, 58.17M,rw-r--r--,2025-05-15T01:19:55Z,cjtinant,staff,16777234,1,0,209553837,4096,119128,64,0,2025-07-20T12:07:06Z,2025-07-14T21:07:21Z,2025-05-15T01:19:55Z,tif,tmax_0516_C.tif,prism/tmax_0516_C.tif,prism,60.99,2025-05-15T01:19:55Z,processed,FALSE,GeoTIFF raster
/Users/cjtinant/Documents/Rprojects_not-class/FFA_regional-skew/data/processed/prism/tmax_0517_C.tif,file, 58.16M,rw-r--r--,2025-05-15T01:19:55Z,cjtinant,staff,16777234,1,0,209553838,4096,119112,64,0,2025-07-20T12:07:06Z,2025-07-14T21:07:29Z,2025-05-15T01:19:55Z,tif,tmax_0517_C.tif,prism/tmax_0517_C.tif,prism,60.99,2025-05-15T01:19:55Z,processed,FALSE,GeoTIFF raster
/Users/cjtinant/Documents/Rprojects_not-class/FFA_regional-skew/data/processed/prism/tmax_0518_C.tif,file, 58.16M,rw-r--r--,2025-05-15T01:19:55Z,cjtinant,staff,16777234,1,0,209553839,4096,119112,64,0,2025-07-20T12:07:05Z,2025-07-14T21:07:47Z,2025-05-15T01:19:55Z,tif,tmax_0518_C.tif,prism/tmax_0518_C.tif,prism,60.98,2025-05-15T01:19:55Z,processed,FALSE,GeoTIFF raster
/Users/cjtinant/Documents/Rprojects_not-class/FFA_regional-skew/data/processed/prism/tmax_0519_C.tif,file, 58.15M,rw-r--r--,2025-05-15T01:19:55Z,cjtinant,staff,16777234,1,0,209553840,4096,119096,64,0,2025-07-20T12:07:05Z,2025-07-14T21:08:01Z,2025-05-15T01:19:55Z,tif,tmax_0519_C.tif,prism/tmax_0519_C.tif,prism,60.98,2025-05-15T01:19:55Z,processed,FALSE,GeoTIFF raster
/Users/cjtinant/Documents/Rprojects_not-class/FFA_regional-skew/data/processed/prism/tmax_0520_C.tif,file, 58.15M,rw-r--r--,2025-05-15T01:19:55Z,cjtinant,staff,16777234,1,0,209553841,4096,119096,64,0,2025-07-20T12:07:05Z,2025-07-14T21:08:13Z,2025-05-15T01:19:55Z,tif,tmax_0520_C.tif,prism/tmax_0520_C.tif,prism,60.97,2025-05-15T01:19:55Z,processed,FALSE,GeoTIFF raster
/Users/cjtinant/Documents/Rprojects_not-class/FFA_regional-skew/data/processed/prism/tmax_0521_C.tif,file, 58.14M,rw-r--r--,2025-05-15T01:19:56Z,cjtinant,staff,16777234,1,0,209553842,4096,119080,64,0,2025-07-20T12:07:05Z,2025-07-14T21:08:28Z,2025-05-15T01:19:55Z,tif,tmax_0521_C.tif,prism/tmax_0521_C.tif,prism,60.97,2025-05-15T01:19:56Z,processed,FALSE,GeoTIFF raster
/Users/cjtinant/Documents/Rprojects_not-class/FFA_regional-skew/data/processed/prism/tmax_0522_C.tif,file, 58.14M,rw-r--r--,2025-05-15T01:19:56Z,cjtinant,staff,16777234,1,0,209553847,4096,119064,64,0,2025-07-20T12:07:05Z,2025-07-14T21:08:42Z,2025-05-15T01:19:56Z,tif,tmax_0522_C.tif,prism/tmax_0522_C.tif,prism,60.96,2025-05-15T01:19:56Z,processed,FALSE,GeoTIFF raster
/Users/cjtinant/Documents/Rprojects_not-class/FFA_regional-skew/data/processed/prism/tmax_0523_C.tif,file, 58.13M,rw-r--r--,2025-05-15T01:19:56Z,cjtinant,staff,16777234,1,0,209553848,4096,119056,64,0,2025-07-20T12:07:05Z,2025-07-14T21:08:55Z,2025-05-15T01:19:56Z,tif,tmax_0523_C.tif,prism/tmax_0523_C.tif,prism,60.95,2025-05-15T01:19:56Z,processed,FALSE,GeoTIFF raster
/Users/cjtinant/Documents/Rprojects_not-class/FFA_regional-skew/data/processed/prism/tmax_0524_C.tif,file, 58.12M,rw-r--r--,2025-05-15T01:19:56Z,cjtinant,staff,16777234,1,0,209553849,4096,119024,64,0,2025-07-20T12:07:05Z,2025-07-14T21:09:06Z,2025-05-15T01:19:56Z,tif,tmax_0524_C.tif,prism/tmax_0524_C.tif,prism,60.94,2025-05-15T01:19:56Z,processed,FALSE,GeoTIFF raster
/Users/cjtinant/Documents/Rprojects_not-class/FFA_regional-skew/data/processed/prism/tmax_0525_C.tif,file, 58.1M,rw-r--r--,2025-05-15T01:19:56Z,cjtinant,staff,16777234,1,0,209553850,4096,118984,64,0,2025-07-20T12:07:05Z,2025-07-14T21:09:18Z,2025-05-15T01:19:56Z,tif,tmax_0525_C.tif,prism/tmax_0525_C.tif,prism,60.92,2025-05-15T01:19:56Z,processed,FALSE,GeoTIFF raster
/Users/cjtinant/Documents/Rprojects_not-class/FFA_regional-skew/data/processed/prism/tmax_0526_C.tif,file, 58.08M,rw-r--r--,2025-05-15T01:19:56Z,cjtinant,staff,16777234,1,0,209553851,4096,118952,64,0,2025-07-20T12:07:05Z,2025-07-14T21:09:28Z,2025-05-15T01:19:56Z,tif,tmax_0526_C.tif,prism/tmax_0526_C.tif,prism,60.9,2025-05-15T01:19:56Z,processed,FALSE,GeoTIFF raster
/Users/cjtinant/Documents/Rprojects_not-class/FFA_regional-skew/data/processed/prism/tmax_0527_C.tif,file, 58.07M,rw-r--r--,2025-05-15T01:19:56Z,cjtinant,staff,16777234,1,0,209553852,4096,118928,64,0,2025-07-20T12:07:05Z,2025-07-14T21:09:39Z,2025-05-15T01:19:56Z,tif,tmax_0527_C.tif,prism/tmax_0527_C.tif,prism,60.89,2025-05-15T01:19:56Z,processed,FALSE,GeoTIFF raster
/Users/cjtinant/Documents/Rprojects_not-class/FFA_regional-skew/data/processed/prism/tmax_0528_C.tif,file, 58.06M,rw-r--r--,2025-05-15T01:19:56Z,cjtinant,staff,16777234,1,0,209553853,4096,118904,64,0,2025-07-20T12:07:05Z,2025-07-14T21:09:51Z,2025-05-15T01:19:56Z,tif,tmax_0528_C.tif,prism/tmax_0528_C.tif,prism,60.88,2025-05-15T01:19:56Z,processed,FALSE,GeoTIFF raster
/Users/cjtinant/Documents/Rprojects_not-class/FFA_regional-skew/data/processed/prism/tmax_0529_C.tif,file, 58.05M,rw-r--r--,2025-05-15T01:19:56Z,cjtinant,staff,16777234,1,0,209553854,4096,118888,64,0,2025-07-19T02:30:48Z,2025-07-14T21:10:07Z,2025-05-15T01:19:56Z,tif,tmax_0529_C.tif,prism/tmax_0529_C.tif,prism,60.87,2025-05-15T01:19:56Z,processed,FALSE,GeoTIFF raster
/Users/cjtinant/Documents/Rprojects_not-class/FFA_regional-skew/data/processed/prism/tmax_0530_C.tif,file, 58.05M,rw-r--r--,2025-05-15T01:19:56Z,cjtinant,staff,16777234,1,0,209553855,4096,118880,64,0,2025-07-19T02:30:48Z,2025-07-14T21:10:18Z,2025-05-15T01:19:56Z,tif,tmax_0530_C.tif,prism/tmax_0530_C.tif,prism,60.87,2025-05-15T01:19:56Z,processed,FALSE,GeoTIFF raster
/Users/cjtinant/Documents/Rprojects_not-class/FFA_regional-skew/data/processed/prism/tmax_0531_C.tif,file, 58.04M,rw-r--r--,2025-05-15T01:19:56Z,cjtinant,staff,16777234,1,0,209553856,4096,118880,64,0,2025-07-18T04:48:31Z,2025-07-14T21:10:28Z,2025-05-15T01:19:56Z,tif,tmax_0531_C.tif,prism/tmax_0531_C.tif,prism,60.86,2025-05-15T01:19:56Z,processed,FALSE,GeoTIFF raster
/Users/cjtinant/Documents/Rprojects_not-class/FFA_regional-skew/data/processed/prism/tmax_0601_C.tif,file, 58.04M,rw-r--r--,2025-05-15T01:19:56Z,cjtinant,staff,16777234,1,0,209553857,4096,118864,64,0,2025-07-18T04:48:31Z,2025-07-14T21:10:41Z,2025-05-15T01:19:56Z,tif,tmax_0601_C.tif,prism/tmax_0601_C.tif,prism,60.86,2025-05-15T01:19:56Z,processed,FALSE,GeoTIFF raster
/Users/cjtinant/Documents/Rprojects_not-class/FFA_regional-skew/data/processed/prism/tmax_0602_C.tif,file, 58.04M,rw-r--r--,2025-05-15T01:19:56Z,cjtinant,staff,16777234,1,0,209553858,4096,118872,64,0,2025-07-18T04:48:31Z,2025-07-14T21:10:53Z,2025-05-15T01:19:56Z,tif,tmax_0602_C.tif,prism/tmax_0602_C.tif,prism,60.86,2025-05-15T01:19:56Z,processed,FALSE,GeoTIFF raster
/Users/cjtinant/Documents/Rprojects_not-class/FFA_regional-skew/data/processed/prism/tmax_0603_C.tif,file, 58.04M,rw-r--r--,2025-05-15T01:19:56Z,cjtinant,staff,16777234,1,0,209553859,4096,118864,64,0,2025-07-18T04:48:31Z,2025-07-14T21:11:11Z,2025-05-15T01:19:56Z,tif,tmax_0603_C.tif,prism/tmax_0603_C.tif,prism,60.86,2025-05-15T01:19:56Z,processed,FALSE,GeoTIFF raster
/Users/cjtinant/Documents/Rprojects_not-class/FFA_regional-skew/data/processed/prism/tmax_0604_C.tif,file, 58.03M,rw-r--r--,2025-05-15T01:19:56Z,cjtinant,staff,16777234,1,0,209553863,4096,118848,64,0,2025-07-18T04:48:31Z,2025-07-14T21:11:31Z,2025-05-15T01:19:56Z,tif,tmax_0604_C.tif,prism/tmax_0604_C.tif,prism,60.85,2025-05-15T01:19:56Z,processed,FALSE,GeoTIFF raster
/Users/cjtinant/Documents/Rprojects_not-class/FFA_regional-skew/data/processed/prism/tmax_0605_C.tif,file, 58.02M,rw-r--r--,2025-05-15T01:19:56Z,cjtinant,staff,16777234,1,0,209553864,4096,118832,64,0,2025-07-18T04:48:31Z,2025-07-14T21:11:39Z,2025-05-15T01:19:56Z,tif,tmax_0605_C.tif,prism/tmax_0605_C.tif,prism,60.84,2025-05-15T01:19:56Z,processed,FALSE,GeoTIFF raster
/Users/cjtinant/Documents/Rprojects_not-class/FFA_regional-skew/data/processed/prism/tmax_0606_C.tif,file, 58.01M,rw-r--r--,2025-05-15T01:19:56Z,cjtinant,staff,16777234,1,0,209553865,4096,118808,64,0,2025-07-18T04:48:31Z,2025-07-14T21:11:49Z,2025-05-15T01:19:56Z,tif,tmax_0606_C.tif,prism/tmax_0606_C.tif,prism,60.83,2025-05-15T01:19:56Z,processed,FALSE,GeoTIFF raster
/Users/cjtinant/Documents/Rprojects_not-class/FFA_regional-skew/data/processed/prism/tmax_0607_C.tif,file, 58.01M,rw-r--r--,2025-05-15T01:19:56Z,cjtinant,staff,16777234,1,0,209553866,4096,118800,64,0,2025-07-18T04:48:31Z,2025-07-14T21:12:09Z,2025-05-15T01:19:56Z,tif,tmax_0607_C.tif,prism/tmax_0607_C.tif,prism,60.82,2025-05-15T01:19:56Z,processed,FALSE,GeoTIFF raster
/Users/cjtinant/Documents/Rprojects_not-class/FFA_regional-skew/data/processed/prism/tmax_0608_C.tif,file, 58M,rw-r--r--,2025-05-15T01:19:57Z,cjtinant,staff,16777234,1,0,209553867,4096,118792,64,0,2025-07-18T04:48:31Z,2025-07-14T21:12:26Z,2025-05-15T01:19:56Z,tif,tmax_0608_C.tif,prism/tmax_0608_C.tif,prism,60.82,2025-05-15T01:19:57Z,processed,FALSE,GeoTIFF raster
/Users/cjtinant/Documents/Rprojects_not-class/FFA_regional-skew/data/processed/prism/tmax_0609_C.tif,file, 57.99M,rw-r--r--,2025-05-15T01:19:57Z,cjtinant,staff,16777234,1,0,209553868,4096,118768,64,0,2025-07-18T04:48:31Z,2025-07-14T21:12:32Z,2025-05-15T01:19:57Z,tif,tmax_0609_C.tif,prism/tmax_0609_C.tif,prism,60.81,2025-05-15T01:19:57Z,processed,FALSE,GeoTIFF raster
/Users/cjtinant/Documents/Rprojects_not-class/FFA_regional-skew/data/processed/prism/tmax_0610_C.tif,file, 57.98M,rw-r--r--,2025-05-15T01:19:57Z,cjtinant,staff,16777234,1,0,209553869,4096,118744,64,0,2025-07-18T04:48:31Z,2025-07-14T21:12:40Z,2025-05-15T01:19:57Z,tif,tmax_0610_C.tif,prism/tmax_0610_C.tif,prism,60.79,2025-05-15T01:19:57Z,processed,FALSE,GeoTIFF raster
/Users/cjtinant/Documents/Rprojects_not-class/FFA_regional-skew/data/processed/prism/tmax_0611_C.tif,file, 57.96M,rw-r--r--,2025-05-15T01:19:57Z,cjtinant,staff,16777234,1,0,209553870,4096,118704,64,0,2025-07-18T04:48:31Z,2025-07-14T21:12:51Z,2025-05-15T01:19:57Z,tif,tmax_0611_C.tif,prism/tmax_0611_C.tif,prism,60.78,2025-05-15T01:19:57Z,processed,FALSE,GeoTIFF raster
/Users/cjtinant/Documents/Rprojects_not-class/FFA_regional-skew/data/processed/prism/tmax_0612_C.tif,file, 57.94M,rw-r--r--,2025-05-15T01:19:57Z,cjtinant,staff,16777234,1,0,209553871,4096,118656,64,0,2025-07-18T04:48:31Z,2025-07-14T21:13:03Z,2025-05-15T01:19:57Z,tif,tmax_0612_C.tif,prism/tmax_0612_C.tif,prism,60.75,2025-05-15T01:19:57Z,processed,FALSE,GeoTIFF raster
/Users/cjtinant/Documents/Rprojects_not-class/FFA_regional-skew/data/processed/prism/tmax_0613_C.tif,file, 57.9M,rw-r--r--,2025-05-15T01:19:57Z,cjtinant,staff,16777234,1,0,209553872,4096,118584,64,0,2025-07-18T04:48:31Z,2025-07-14T21:13:18Z,2025-05-15T01:19:57Z,tif,tmax_0613_C.tif,prism/tmax_0613_C.tif,prism,60.71,2025-05-15T01:19:57Z,processed,FALSE,GeoTIFF raster
/Users/cjtinant/Documents/Rprojects_not-class/FFA_regional-skew/data/processed/prism/tmax_0614_C.tif,file, 57.87M,rw-r--r--,2025-05-15T01:19:57Z,cjtinant,staff,16777234,1,0,209553873,4096,118528,64,0,2025-07-18T04:48:31Z,2025-07-14T21:13:30Z,2025-05-15T01:19:57Z,tif,tmax_0614_C.tif,prism/tmax_0614_C.tif,prism,60.68,2025-05-15T01:19:57Z,processed,FALSE,GeoTIFF raster
/Users/cjtinant/Documents/Rprojects_not-class/FFA_regional-skew/data/processed/prism/tmax_0615_C.tif,file, 57.85M,rw-r--r--,2025-05-15T01:19:57Z,cjtinant,staff,16777234,1,0,209553877,4096,118472,64,0,2025-07-18T04:48:31Z,2025-07-14T21:13:42Z,2025-05-15T01:19:57Z,tif,tmax_0615_C.tif,prism/tmax_0615_C.tif,prism,60.66,2025-05-15T01:19:57Z,processed,FALSE,GeoTIFF raster
/Users/cjtinant/Documents/Rprojects_not-class/FFA_regional-skew/data/processed/prism/tmax_0616_C.tif,file, 57.82M,rw-r--r--,2025-05-15T01:19:57Z,cjtinant,staff,16777234,1,0,209553878,4096,118416,64,0,2025-07-18T04:48:29Z,2025-07-14T21:13:53Z,2025-05-15T01:19:57Z,tif,tmax_0616_C.tif,prism/tmax_0616_C.tif,prism,60.63,2025-05-15T01:19:57Z,processed,FALSE,GeoTIFF raster
/Users/cjtinant/Documents/Rprojects_not-class/FFA_regional-skew/data/processed/prism/tmax_0617_C.tif,file, 57.79M,rw-r--r--,2025-05-15T01:19:57Z,cjtinant,staff,16777234,1,0,209553879,4096,118368,64,0,2025-07-18T04:48:29Z,2025-07-14T21:14:03Z,2025-05-15T01:19:57Z,tif,tmax_0617_C.tif,prism/tmax_0617_C.tif,prism,60.6,2025-05-15T01:19:57Z,processed,FALSE,GeoTIFF raster
/Users/cjtinant/Documents/Rprojects_not-class/FFA_regional-skew/data/processed/prism/tmax_0618_C.tif,file, 57.77M,rw-r--r--,2025-05-15T01:19:57Z,cjtinant,staff,16777234,1,0,209553880,4096,118328,64,0,2025-07-18T04:48:29Z,2025-07-14T21:14:18Z,2025-05-15T01:19:57Z,tif,tmax_0618_C.tif,prism/tmax_0618_C.tif,prism,60.58,2025-05-15T01:19:57Z,processed,FALSE,GeoTIFF raster
/Users/cjtinant/Documents/Rprojects_not-class/FFA_regional-skew/data/processed/prism/tmax_0619_C.tif,file, 57.76M,rw-r--r--,2025-05-15T01:19:57Z,cjtinant,staff,16777234,1,0,209553881,4096,118304,64,0,2025-07-18T04:48:29Z,2025-07-14T21:14:33Z,2025-05-15T01:19:57Z,tif,tmax_0619_C.tif,prism/tmax_0619_C.tif,prism,60.57,2025-05-15T01:19:57Z,processed,FALSE,GeoTIFF raster
/Users/cjtinant/Documents/Rprojects_not-class/FFA_regional-skew/data/processed/prism/tmax_0620_C.tif,file, 57.75M,rw-r--r--,2025-05-15T01:19:57Z,cjtinant,staff,16777234,1,0,209553882,4096,118288,64,0,2025-07-18T04:48:29Z,2025-07-14T21:14:39Z,2025-05-15T01:19:57Z,tif,tmax_0620_C.tif,prism/tmax_0620_C.tif,prism,60.56,2025-05-15T01:19:57Z,processed,FALSE,GeoTIFF raster
/Users/cjtinant/Documents/Rprojects_not-class/FFA_regional-skew/data/processed/prism/tmax_0621_C.tif,file, 57.75M,rw-r--r--,2025-05-15T01:19:57Z,cjtinant,staff,16777234,1,0,209553883,4096,118280,64,0,2025-07-18T04:48:29Z,2025-07-14T21:14:47Z,2025-05-15T01:19:57Z,tif,tmax_0621_C.tif,prism/tmax_0621_C.tif,prism,60.56,2025-05-15T01:19:57Z,processed,FALSE,GeoTIFF raster
/Users/cjtinant/Documents/Rprojects_not-class/FFA_regional-skew/data/processed/prism/tmax_0622_C.tif,file, 57.75M,rw-r--r--,2025-05-15T01:19:57Z,cjtinant,staff,16777234,1,0,209553884,4096,118272,64,0,2025-07-18T04:48:29Z,2025-07-14T21:14:56Z,2025-05-15T01:19:57Z,tif,tmax_0622_C.tif,prism/tmax_0622_C.tif,prism,60.55,2025-05-15T01:19:57Z,processed,FALSE,GeoTIFF raster
/Users/cjtinant/Documents/Rprojects_not-class/FFA_regional-skew/data/processed/prism/tmax_0623_C.tif,file, 57.74M,rw-r--r--,2025-05-15T01:19:57Z,cjtinant,staff,16777234,1,0,209553885,4096,118264,64,0,2025-07-18T04:48:29Z,2025-07-14T21:15:03Z,2025-05-15T01:19:57Z,tif,tmax_0623_C.tif,prism/tmax_0623_C.tif,prism,60.55,2025-05-15T01:19:57Z,processed,FALSE,GeoTIFF raster
/Users/cjtinant/Documents/Rprojects_not-class/FFA_regional-skew/data/processed/prism/tmax_0624_C.tif,file, 57.74M,rw-r--r--,2025-05-15T01:19:57Z,cjtinant,staff,16777234,1,0,209553886,4096,118256,64,0,2025-07-18T04:48:29Z,2025-07-14T21:15:12Z,2025-05-15T01:19:57Z,tif,tmax_0624_C.tif,prism/tmax_0624_C.tif,prism,60.55,2025-05-15T01:19:57Z,processed,FALSE,GeoTIFF raster
/Users/cjtinant/Documents/Rprojects_not-class/FFA_regional-skew/data/processed/prism/tmax_0625_C.tif,file, 57.73M,rw-r--r--,2025-05-15T01:19:57Z,cjtinant,staff,16777234,1,0,209553887,4096,118232,64,0,2025-07-18T00:13:28Z,2025-07-14T21:15:25Z,2025-05-15T01:19:57Z,tif,tmax_0625_C.tif,prism/tmax_0625_C.tif,prism,60.53,2025-05-15T01:19:57Z,processed,FALSE,GeoTIFF raster
/Users/cjtinant/Documents/Rprojects_not-class/FFA_regional-skew/data/processed/prism/tmax_0626_C.tif,file, 57.72M,rw-r--r--,2025-05-15T01:19:58Z,cjtinant,staff,16777234,1,0,209553888,4096,118216,64,0,2025-07-18T00:13:28Z,2025-07-14T21:15:37Z,2025-05-15T01:19:57Z,tif,tmax_0626_C.tif,prism/tmax_0626_C.tif,prism,60.52,2025-05-15T01:19:58Z,processed,FALSE,GeoTIFF raster
/Users/cjtinant/Documents/Rprojects_not-class/FFA_regional-skew/data/processed/prism/tmax_0627_C.tif,file, 57.71M,rw-r--r--,2025-05-15T01:19:58Z,cjtinant,staff,16777234,1,0,209553892,4096,118200,64,0,2025-07-18T00:13:28Z,2025-07-14T21:15:48Z,2025-05-15T01:19:58Z,tif,tmax_0627_C.tif,prism/tmax_0627_C.tif,prism,60.52,2025-05-15T01:19:58Z,processed,FALSE,GeoTIFF raster
/Users/cjtinant/Documents/Rprojects_not-class/FFA_regional-skew/data/processed/prism/tmax_0628_C.tif,file, 57.71M,rw-r--r--,2025-05-15T01:19:58Z,cjtinant,staff,16777234,1,0,209553893,4096,118200,64,0,2025-07-18T00:13:28Z,2025-07-14T21:16:04Z,2025-05-15T01:19:58Z,tif,tmax_0628_C.tif,prism/tmax_0628_C.tif,prism,60.52,2025-05-15T01:19:58Z,processed,FALSE,GeoTIFF raster
/Users/cjtinant/Documents/Rprojects_not-class/FFA_regional-skew/data/processed/prism/tmax_0629_C.tif,file, 57.71M,rw-r--r--,2025-05-15T01:19:58Z,cjtinant,staff,16777234,1,0,209553894,4096,118192,64,0,2025-07-18T00:13:28Z,2025-07-14T21:16:15Z,2025-05-15T01:19:58Z,tif,tmax_0629_C.tif,prism/tmax_0629_C.tif,prism,60.51,2025-05-15T01:19:58Z,processed,FALSE,GeoTIFF raster
/Users/cjtinant/Documents/Rprojects_not-class/FFA_regional-skew/data/processed/prism/tmax_0630_C.tif,file, 57.71M,rw-r--r--,2025-05-15T01:19:58Z,cjtinant,staff,16777234,1,0,209553895,4096,118184,64,0,2025-07-20T04:30:54Z,2025-07-14T21:16:33Z,2025-05-15T01:19:58Z,tif,tmax_0630_C.tif,prism/tmax_0630_C.tif,prism,60.51,2025-05-15T01:19:58Z,processed,FALSE,GeoTIFF raster
/Users/cjtinant/Documents/Rprojects_not-class/FFA_regional-skew/data/processed/prism/tmax_0701_C.tif,file, 57.7M,rw-r--r--,2025-05-15T01:19:58Z,cjtinant,staff,16777234,1,0,209553896,4096,118176,64,0,2025-07-18T00:13:28Z,2025-07-14T21:16:43Z,2025-05-15T01:19:58Z,tif,tmax_0701_C.tif,prism/tmax_0701_C.tif,prism,60.5,2025-05-15T01:19:58Z,processed,FALSE,GeoTIFF raster
/Users/cjtinant/Documents/Rprojects_not-class/FFA_regional-skew/data/processed/prism/tmax_0702_C.tif,file, 57.7M,rw-r--r--,2025-05-15T01:19:58Z,cjtinant,staff,16777234,1,0,209553897,4096,118168,64,0,2025-07-18T00:13:28Z,2025-07-14T21:16:52Z,2025-05-15T01:19:58Z,tif,tmax_0702_C.tif,prism/tmax_0702_C.tif,prism,60.5,2025-05-15T01:19:58Z,processed,FALSE,GeoTIFF raster
/Users/cjtinant/Documents/Rprojects_not-class/FFA_regional-skew/data/processed/prism/tmax_0703_C.tif,file, 57.7M,rw-r--r--,2025-05-15T01:19:58Z,cjtinant,staff,16777234,1,0,209553898,4096,118160,64,0,2025-07-18T00:13:28Z,2025-07-14T21:17:02Z,2025-05-15T01:19:58Z,tif,tmax_0703_C.tif,prism/tmax_0703_C.tif,prism,60.5,2025-05-15T01:19:58Z,processed,FALSE,GeoTIFF raster
/Users/cjtinant/Documents/Rprojects_not-class/FFA_regional-skew/data/processed/prism/tmax_0704_C.tif,file, 57.7M,rw-r--r--,2025-05-15T01:19:58Z,cjtinant,staff,16777234,1,0,209553899,4096,118176,64,0,2025-07-18T04:48:29Z,2025-07-14T21:17:11Z,2025-05-15T01:19:58Z,tif,tmax_0704_C.tif,prism/tmax_0704_C.tif,prism,60.5,2025-05-15T01:19:58Z,processed,FALSE,GeoTIFF raster
/Users/cjtinant/Documents/Rprojects_not-class/FFA_regional-skew/data/processed/prism/tmax_0705_C.tif,file, 57.7M,rw-r--r--,2025-05-15T01:19:58Z,cjtinant,staff,16777234,1,0,209553900,4096,118176,64,0,2025-07-18T00:13:28Z,2025-07-14T21:17:19Z,2025-05-15T01:19:58Z,tif,tmax_0705_C.tif,prism/tmax_0705_C.tif,prism,60.5,2025-05-15T01:19:58Z,processed,FALSE,GeoTIFF raster
/Users/cjtinant/Documents/Rprojects_not-class/FFA_regional-skew/data/processed/prism/tmax_0706_C.tif,file, 57.71M,rw-r--r--,2025-05-15T01:19:58Z,cjtinant,staff,16777234,1,0,209553901,4096,118192,64,0,2025-07-18T00:13:28Z,2025-07-14T21:17:27Z,2025-05-15T01:19:58Z,tif,tmax_0706_C.tif,prism/tmax_0706_C.tif,prism,60.51,2025-05-15T01:19:58Z,processed,FALSE,GeoTIFF raster
/Users/cjtinant/Documents/Rprojects_not-class/FFA_regional-skew/data/processed/prism/tmax_0707_C.tif,file, 57.72M,rw-r--r--,2025-05-15T01:19:58Z,cjtinant,staff,16777234,1,0,209553902,4096,118208,64,0,2025-07-18T00:13:28Z,2025-07-14T21:17:34Z,2025-05-15T01:19:58Z,tif,tmax_0707_C.tif,prism/tmax_0707_C.tif,prism,60.52,2025-05-15T01:19:58Z,processed,FALSE,GeoTIFF raster
/Users/cjtinant/Documents/Rprojects_not-class/FFA_regional-skew/data/processed/prism/tmax_0708_C.tif,file, 57.73M,rw-r--r--,2025-05-15T01:19:58Z,cjtinant,staff,16777234,1,0,209553903,4096,118232,64,0,2025-07-18T00:13:28Z,2025-07-14T21:17:47Z,2025-05-15T01:19:58Z,tif,tmax_0708_C.tif,prism/tmax_0708_C.tif,prism,60.53,2025-05-15T01:19:58Z,processed,FALSE,GeoTIFF raster
/Users/cjtinant/Documents/Rprojects_not-class/FFA_regional-skew/data/processed/prism/tmax_0709_C.tif,file, 57.75M,rw-r--r--,2025-05-15T01:19:58Z,cjtinant,staff,16777234,1,0,209553904,4096,118272,64,0,2025-07-18T00:13:28Z,2025-07-14T21:18:00Z,2025-05-15T01:19:58Z,tif,tmax_0709_C.tif,prism/tmax_0709_C.tif,prism,60.55,2025-05-15T01:19:58Z,processed,FALSE,GeoTIFF raster
/Users/cjtinant/Documents/Rprojects_not-class/FFA_regional-skew/data/processed/prism/tmax_0710_C.tif,file, 57.76M,rw-r--r--,2025-05-15T01:19:58Z,cjtinant,staff,16777234,1,0,209553905,4096,118288,64,0,2025-07-18T00:13:28Z,2025-07-14T21:18:19Z,2025-05-15T01:19:58Z,tif,tmax_0710_C.tif,prism/tmax_0710_C.tif,prism,60.56,2025-05-15T01:19:58Z,processed,FALSE,GeoTIFF raster
/Users/cjtinant/Documents/Rprojects_not-class/FFA_regional-skew/data/processed/prism/tmax_0711_C.tif,file, 57.77M,rw-r--r--,2025-05-15T01:19:58Z,cjtinant,staff,16777234,1,0,209553906,4096,118312,64,0,2025-07-18T00:13:28Z,2025-07-14T21:18:28Z,2025-05-15T01:19:58Z,tif,tmax_0711_C.tif,prism/tmax_0711_C.tif,prism,60.57,2025-05-15T01:19:58Z,processed,FALSE,GeoTIFF raster
/Users/cjtinant/Documents/Rprojects_not-class/FFA_regional-skew/data/processed/prism/tmax_0712_C.tif,file, 57.78M,rw-r--r--,2025-05-15T01:19:58Z,cjtinant,staff,16777234,1,0,209553907,4096,118336,64,0,2025-07-18T00:13:28Z,2025-07-14T21:18:41Z,2025-05-15T01:19:58Z,tif,tmax_0712_C.tif,prism/tmax_0712_C.tif,prism,60.58,2025-05-15T01:19:58Z,processed,FALSE,GeoTIFF raster
/Users/cjtinant/Documents/Rprojects_not-class/FFA_regional-skew/data/processed/prism/tmax_0713_C.tif,file, 57.78M,rw-r--r--,2025-05-15T01:19:58Z,cjtinant,staff,16777234,1,0,209553908,4096,118344,64,0,2025-07-18T00:13:28Z,2025-07-14T21:18:54Z,2025-05-15T01:19:58Z,tif,tmax_0713_C.tif,prism/tmax_0713_C.tif,prism,60.59,2025-05-15T01:19:58Z,processed,FALSE,GeoTIFF raster
/Users/cjtinant/Documents/Rprojects_not-class/FFA_regional-skew/data/processed/prism/tmax_0714_C.tif,file, 57.79M,rw-r--r--,2025-05-15T01:19:58Z,cjtinant,staff,16777234,1,0,209553909,4096,118360,64,0,2025-07-18T00:13:28Z,2025-07-14T21:19:03Z,2025-05-15T01:19:58Z,tif,tmax_0714_C.tif,prism/tmax_0714_C.tif,prism,60.6,2025-05-15T01:19:58Z,processed,FALSE,GeoTIFF raster
/Users/cjtinant/Documents/Rprojects_not-class/FFA_regional-skew/data/processed/prism/tmax_0715_C.tif,file, 57.8M,rw-r--r--,2025-05-15T01:19:58Z,cjtinant,staff,16777234,1,0,209553910,4096,118384,64,0,2025-07-20T04:30:54Z,2025-07-14T21:19:13Z,2025-05-15T01:19:58Z,tif,tmax_0715_C.tif,prism/tmax_0715_C.tif,prism,60.61,2025-05-15T01:19:58Z,processed,FALSE,GeoTIFF raster
/Users/cjtinant/Documents/Rprojects_not-class/FFA_regional-skew/data/processed/prism/tmax_0716_C.tif,file, 57.81M,rw-r--r--,2025-05-15T01:19:59Z,cjtinant,staff,16777234,1,0,209553911,4096,118400,64,0,2025-07-18T04:48:29Z,2025-07-14T21:19:24Z,2025-05-15T01:19:58Z,tif,tmax_0716_C.tif,prism/tmax_0716_C.tif,prism,60.62,2025-05-15T01:19:59Z,processed,FALSE,GeoTIFF raster
/Users/cjtinant/Documents/Rprojects_not-class/FFA_regional-skew/data/processed/prism/tmax_0717_C.tif,file, 57.83M,rw-r--r--,2025-05-15T01:19:59Z,cjtinant,staff,16777234,1,0,209553912,4096,118432,64,0,2025-07-20T04:30:54Z,2025-07-14T21:19:40Z,2025-05-15T01:19:59Z,tif,tmax_0717_C.tif,prism/tmax_0717_C.tif,prism,60.63,2025-05-15T01:19:59Z,processed,FALSE,GeoTIFF raster
/Users/cjtinant/Documents/Rprojects_not-class/FFA_regional-skew/data/processed/prism/tmax_0718_C.tif,file, 57.83M,rw-r--r--,2025-05-15T01:19:59Z,cjtinant,staff,16777234,1,0,209553913,4096,118432,64,0,2025-07-18T04:48:29Z,2025-07-14T21:20:12Z,2025-05-15T01:19:59Z,tif,tmax_0718_C.tif,prism/tmax_0718_C.tif,prism,60.64,2025-05-15T01:19:59Z,processed,FALSE,GeoTIFF raster
/Users/cjtinant/Documents/Rprojects_not-class/FFA_regional-skew/data/processed/prism/tmax_0719_C.tif,file, 57.83M,rw-r--r--,2025-05-15T01:19:59Z,cjtinant,staff,16777234,1,0,209553914,4096,118448,64,0,2025-07-18T04:48:29Z,2025-07-14T21:20:27Z,2025-05-15T01:19:59Z,tif,tmax_0719_C.tif,prism/tmax_0719_C.tif,prism,60.64,2025-05-15T01:19:59Z,processed,FALSE,GeoTIFF raster
/Users/cjtinant/Documents/Rprojects_not-class/FFA_regional-skew/data/processed/prism/tmax_0720_C.tif,file, 57.84M,rw-r--r--,2025-05-15T01:19:59Z,cjtinant,staff,16777234,1,0,209553915,4096,118456,64,0,2025-07-18T04:48:29Z,2025-07-14T21:20:38Z,2025-05-15T01:19:59Z,tif,tmax_0720_C.tif,prism/tmax_0720_C.tif,prism,60.65,2025-05-15T01:19:59Z,processed,FALSE,GeoTIFF raster
/Users/cjtinant/Documents/Rprojects_not-class/FFA_regional-skew/data/processed/prism/tmax_0721_C.tif,file, 57.84M,rw-r--r--,2025-05-15T01:19:59Z,cjtinant,staff,16777234,1,0,209553916,4096,118456,64,0,2025-07-18T04:48:29Z,2025-07-14T21:20:49Z,2025-05-15T01:19:59Z,tif,tmax_0721_C.tif,prism/tmax_0721_C.tif,prism,60.65,2025-05-15T01:19:59Z,processed,FALSE,GeoTIFF raster
/Users/cjtinant/Documents/Rprojects_not-class/FFA_regional-skew/data/processed/prism/tmax_0722_C.tif,file, 57.84M,rw-r--r--,2025-05-15T01:19:59Z,cjtinant,staff,16777234,1,0,209553917,4096,118456,64,0,2025-07-18T04:48:29Z,2025-07-14T21:20:58Z,2025-05-15T01:19:59Z,tif,tmax_0722_C.tif,prism/tmax_0722_C.tif,prism,60.65,2025-05-15T01:19:59Z,processed,FALSE,GeoTIFF raster
/Users/cjtinant/Documents/Rprojects_not-class/FFA_regional-skew/data/processed/prism/tmax_0723_C.tif,file, 57.84M,rw-r--r--,2025-05-15T01:19:59Z,cjtinant,staff,16777234,1,0,209553918,4096,118456,64,0,2025-07-18T04:48:29Z,2025-07-14T21:21:08Z,2025-05-15T01:19:59Z,tif,tmax_0723_C.tif,prism/tmax_0723_C.tif,prism,60.65,2025-05-15T01:19:59Z,processed,FALSE,GeoTIFF raster
/Users/cjtinant/Documents/Rprojects_not-class/FFA_regional-skew/data/processed/prism/tmax_0724_C.tif,file, 57.83M,rw-r--r--,2025-05-15T01:19:59Z,cjtinant,staff,16777234,1,0,209553919,4096,118448,64,0,2025-07-18T04:48:29Z,2025-07-14T21:21:15Z,2025-05-15T01:19:59Z,tif,tmax_0724_C.tif,prism/tmax_0724_C.tif,prism,60.64,2025-05-15T01:19:59Z,processed,FALSE,GeoTIFF raster
/Users/cjtinant/Documents/Rprojects_not-class/FFA_regional-skew/data/processed/prism/tmax_0725_C.tif,file, 57.84M,rw-r--r--,2025-05-15T01:19:59Z,cjtinant,staff,16777234,1,0,209553920,4096,118448,64,0,2025-07-18T04:48:29Z,2025-07-14T21:21:24Z,2025-05-15T01:19:59Z,tif,tmax_0725_C.tif,prism/tmax_0725_C.tif,prism,60.64,2025-05-15T01:19:59Z,processed,FALSE,GeoTIFF raster
/Users/cjtinant/Documents/Rprojects_not-class/FFA_regional-skew/data/processed/prism/tmax_0726_C.tif,file, 57.84M,rw-r--r--,2025-05-15T01:19:59Z,cjtinant,staff,16777234,1,0,209553921,4096,118448,64,0,2025-07-18T04:48:29Z,2025-07-14T21:21:33Z,2025-05-15T01:19:59Z,tif,tmax_0726_C.tif,prism/tmax_0726_C.tif,prism,60.65,2025-05-15T01:19:59Z,processed,FALSE,GeoTIFF raster
/Users/cjtinant/Documents/Rprojects_not-class/FFA_regional-skew/data/processed/prism/tmax_0727_C.tif,file, 57.83M,rw-r--r--,2025-05-15T01:19:59Z,cjtinant,staff,16777234,1,0,209553922,4096,118448,64,0,2025-07-18T04:48:29Z,2025-07-14T21:21:42Z,2025-05-15T01:19:59Z,tif,tmax_0727_C.tif,prism/tmax_0727_C.tif,prism,60.64,2025-05-15T01:19:59Z,processed,FALSE,GeoTIFF raster
/Users/cjtinant/Documents/Rprojects_not-class/FFA_regional-skew/data/processed/prism/tmax_0728_C.tif,file, 57.83M,rw-r--r--,2025-05-15T01:19:59Z,cjtinant,staff,16777234,1,0,209553923,4096,118448,64,0,2025-07-18T04:48:29Z,2025-07-14T21:21:54Z,2025-05-15T01:19:59Z,tif,tmax_0728_C.tif,prism/tmax_0728_C.tif,prism,60.64,2025-05-15T01:19:59Z,processed,FALSE,GeoTIFF raster
/Users/cjtinant/Documents/Rprojects_not-class/FFA_regional-skew/data/processed/prism/tmax_0729_C.tif,file, 57.83M,rw-r--r--,2025-05-15T01:19:59Z,cjtinant,staff,16777234,1,0,209553924,4096,118448,64,0,2025-07-20T04:30:54Z,2025-07-14T21:22:10Z,2025-05-15T01:19:59Z,tif,tmax_0729_C.tif,prism/tmax_0729_C.tif,prism,60.64,2025-05-15T01:19:59Z,processed,FALSE,GeoTIFF raster
/Users/cjtinant/Documents/Rprojects_not-class/FFA_regional-skew/data/processed/prism/tmax_0730_C.tif,file, 57.83M,rw-r--r--,2025-05-15T01:19:59Z,cjtinant,staff,16777234,1,0,209553925,4096,118448,64,0,2025-07-18T04:48:29Z,2025-07-14T21:22:28Z,2025-05-15T01:19:59Z,tif,tmax_0730_C.tif,prism/tmax_0730_C.tif,prism,60.64,2025-05-15T01:19:59Z,processed,FALSE,GeoTIFF raster
/Users/cjtinant/Documents/Rprojects_not-class/FFA_regional-skew/data/processed/prism/tmax_0731_C.tif,file, 57.84M,rw-r--r--,2025-05-15T01:19:59Z,cjtinant,staff,16777234,1,0,209553926,4096,118456,64,0,2025-07-18T04:48:29Z,2025-07-14T21:22:46Z,2025-05-15T01:19:59Z,tif,tmax_0731_C.tif,prism/tmax_0731_C.tif,prism,60.65,2025-05-15T01:19:59Z,processed,FALSE,GeoTIFF raster
/Users/cjtinant/Documents/Rprojects_not-class/FFA_regional-skew/data/processed/prism/tmax_0801_C.tif,file, 57.84M,rw-r--r--,2025-05-15T01:19:59Z,cjtinant,staff,16777234,1,0,209553927,4096,118448,64,0,2025-07-20T07:14:52Z,2025-07-14T21:23:01Z,2025-05-15T01:19:59Z,tif,tmax_0801_C.tif,prism/tmax_0801_C.tif,prism,60.64,2025-05-15T01:19:59Z,processed,FALSE,GeoTIFF raster
/Users/cjtinant/Documents/Rprojects_not-class/FFA_regional-skew/data/processed/prism/tmax_0802_C.tif,file, 57.84M,rw-r--r--,2025-05-15T01:19:59Z,cjtinant,staff,16777234,1,0,209553928,4096,118456,64,0,2025-07-20T04:30:55Z,2025-07-14T21:23:07Z,2025-05-15T01:19:59Z,tif,tmax_0802_C.tif,prism/tmax_0802_C.tif,prism,60.65,2025-05-15T01:19:59Z,processed,FALSE,GeoTIFF raster
/Users/cjtinant/Documents/Rprojects_not-class/FFA_regional-skew/data/processed/prism/tmax_0803_C.tif,file, 57.84M,rw-r--r--,2025-05-15T01:19:59Z,cjtinant,staff,16777234,1,0,209553929,4096,118464,64,0,2025-07-20T04:30:54Z,2025-07-14T21:23:13Z,2025-05-15T01:19:59Z,tif,tmax_0803_C.tif,prism/tmax_0803_C.tif,prism,60.65,2025-05-15T01:19:59Z,processed,FALSE,GeoTIFF raster
/Users/cjtinant/Documents/Rprojects_not-class/FFA_regional-skew/data/processed/prism/tmax_0804_C.tif,file, 57.85M,rw-r--r--,2025-05-15T01:20:00Z,cjtinant,staff,16777234,1,0,209553930,4096,118472,64,0,2025-07-20T04:30:54Z,2025-07-14T21:23:22Z,2025-05-15T01:19:59Z,tif,tmax_0804_C.tif,prism/tmax_0804_C.tif,prism,60.66,2025-05-15T01:20:00Z,processed,FALSE,GeoTIFF raster
/Users/cjtinant/Documents/Rprojects_not-class/FFA_regional-skew/data/processed/prism/tmax_0805_C.tif,file, 57.85M,rw-r--r--,2025-05-15T01:20:00Z,cjtinant,staff,16777234,1,0,209553931,4096,118480,64,0,2025-07-20T04:30:54Z,2025-07-14T21:23:30Z,2025-05-15T01:20:00Z,tif,tmax_0805_C.tif,prism/tmax_0805_C.tif,prism,60.66,2025-05-15T01:20:00Z,processed,FALSE,GeoTIFF raster
/Users/cjtinant/Documents/Rprojects_not-class/FFA_regional-skew/data/processed/prism/tmax_0806_C.tif,file, 57.84M,rw-r--r--,2025-05-15T01:20:00Z,cjtinant,staff,16777234,1,0,209553932,4096,118472,64,0,2025-07-18T04:48:29Z,2025-07-14T21:23:39Z,2025-05-15T01:20:00Z,tif,tmax_0806_C.tif,prism/tmax_0806_C.tif,prism,60.65,2025-05-15T01:20:00Z,processed,FALSE,GeoTIFF raster
/Users/cjtinant/Documents/Rprojects_not-class/FFA_regional-skew/data/processed/prism/tmax_0807_C.tif,file, 57.85M,rw-r--r--,2025-05-15T01:20:00Z,cjtinant,staff,16777234,1,0,209553933,4096,118472,64,0,2025-07-18T04:48:29Z,2025-07-14T21:23:50Z,2025-05-15T01:20:00Z,tif,tmax_0807_C.tif,prism/tmax_0807_C.tif,prism,60.66,2025-05-15T01:20:00Z,processed,FALSE,GeoTIFF raster
/Users/cjtinant/Documents/Rprojects_not-class/FFA_regional-skew/data/processed/prism/tmax_0808_C.tif,file, 57.84M,rw-r--r--,2025-05-15T01:20:00Z,cjtinant,staff,16777234,1,0,209553934,4096,118464,64,0,2025-07-18T04:48:29Z,2025-07-14T21:23:58Z,2025-05-15T01:20:00Z,tif,tmax_0808_C.tif,prism/tmax_0808_C.tif,prism,60.65,2025-05-15T01:20:00Z,processed,FALSE,GeoTIFF raster
/Users/cjtinant/Documents/Rprojects_not-class/FFA_regional-skew/data/processed/prism/tmax_0809_C.tif,file, 57.84M,rw-r--r--,2025-05-15T01:20:00Z,cjtinant,staff,16777234,1,0,209553935,4096,118456,64,0,2025-07-15T00:08:37Z,2025-07-14T21:24:09Z,2025-05-15T01:20:00Z,tif,tmax_0809_C.tif,prism/tmax_0809_C.tif,prism,60.65,2025-05-15T01:20:00Z,processed,FALSE,GeoTIFF raster
/Users/cjtinant/Documents/Rprojects_not-class/FFA_regional-skew/data/processed/prism/tmax_0810_C.tif,file, 57.83M,rw-r--r--,2025-05-15T01:20:00Z,cjtinant,staff,16777234,1,0,209553936,4096,118440,64,0,2025-07-15T00:08:37Z,2025-07-14T21:24:16Z,2025-05-15T01:20:00Z,tif,tmax_0810_C.tif,prism/tmax_0810_C.tif,prism,60.64,2025-05-15T01:20:00Z,processed,FALSE,GeoTIFF raster
/Users/cjtinant/Documents/Rprojects_not-class/FFA_regional-skew/data/processed/prism/tmax_0811_C.tif,file, 57.82M,rw-r--r--,2025-05-15T01:20:00Z,cjtinant,staff,16777234,1,0,209553937,4096,118424,64,0,2025-07-15T00:08:37Z,2025-07-14T21:24:22Z,2025-05-15T01:20:00Z,tif,tmax_0811_C.tif,prism/tmax_0811_C.tif,prism,60.63,2025-05-15T01:20:00Z,processed,FALSE,GeoTIFF raster
/Users/cjtinant/Documents/Rprojects_not-class/FFA_regional-skew/data/processed/prism/tmax_0812_C.tif,file, 57.82M,rw-r--r--,2025-05-15T01:20:00Z,cjtinant,staff,16777234,1,0,209553938,4096,118408,64,0,2025-07-15T04:37:18Z,2025-07-14T21:24:29Z,2025-05-15T01:20:00Z,tif,tmax_0812_C.tif,prism/tmax_0812_C.tif,prism,60.62,2025-05-15T01:20:00Z,processed,FALSE,GeoTIFF raster
/Users/cjtinant/Documents/Rprojects_not-class/FFA_regional-skew/data/processed/prism/tmax_0813_C.tif,file, 57.81M,rw-r--r--,2025-05-15T01:20:00Z,cjtinant,staff,16777234,1,0,209553942,4096,118400,64,0,2025-07-15T00:08:37Z,2025-07-14T21:24:36Z,2025-05-15T01:20:00Z,tif,tmax_0813_C.tif,prism/tmax_0813_C.tif,prism,60.62,2025-05-15T01:20:00Z,processed,FALSE,GeoTIFF raster
/Users/cjtinant/Documents/Rprojects_not-class/FFA_regional-skew/data/processed/prism/tmax_0814_C.tif,file, 57.81M,rw-r--r--,2025-05-15T01:20:00Z,cjtinant,staff,16777234,1,0,209553943,4096,118400,64,0,2025-07-14T22:56:47Z,2025-07-14T21:24:43Z,2025-05-15T01:20:00Z,tif,tmax_0814_C.tif,prism/tmax_0814_C.tif,prism,60.62,2025-05-15T01:20:00Z,processed,FALSE,GeoTIFF raster
/Users/cjtinant/Documents/Rprojects_not-class/FFA_regional-skew/data/processed/prism/tmax_0815_C.tif,file, 57.81M,rw-r--r--,2025-05-15T01:20:00Z,cjtinant,staff,16777234,1,0,209553944,4096,118392,64,0,2025-07-14T22:56:59Z,2025-07-14T21:24:50Z,2025-05-15T01:20:00Z,tif,tmax_0815_C.tif,prism/tmax_0815_C.tif,prism,60.61,2025-05-15T01:20:00Z,processed,FALSE,GeoTIFF raster
/Users/cjtinant/Documents/Rprojects_not-class/FFA_regional-skew/data/processed/prism/tmax_0816_C.tif,file, 57.81M,rw-r--r--,2025-05-15T01:20:00Z,cjtinant,staff,16777234,1,0,209553945,4096,118392,64,0,2025-07-15T00:08:37Z,2025-07-14T21:24:58Z,2025-05-15T01:20:00Z,tif,tmax_0816_C.tif,prism/tmax_0816_C.tif,prism,60.61,2025-05-15T01:20:00Z,processed,FALSE,GeoTIFF raster
/Users/cjtinant/Documents/Rprojects_not-class/FFA_regional-skew/data/processed/prism/tmax_0817_C.tif,file, 57.81M,rw-r--r--,2025-05-15T01:20:00Z,cjtinant,staff,16777234,1,0,209553946,4096,118392,64,0,2025-07-15T00:08:37Z,2025-07-14T21:25:06Z,2025-05-15T01:20:00Z,tif,tmax_0817_C.tif,prism/tmax_0817_C.tif,prism,60.62,2025-05-15T01:20:00Z,processed,FALSE,GeoTIFF raster
/Users/cjtinant/Documents/Rprojects_not-class/FFA_regional-skew/data/processed/prism/tmax_0818_C.tif,file, 57.81M,rw-r--r--,2025-05-15T01:20:00Z,cjtinant,staff,16777234,1,0,209553947,4096,118400,64,0,2025-07-15T00:08:37Z,2025-07-14T21:25:13Z,2025-05-15T01:20:00Z,tif,tmax_0818_C.tif,prism/tmax_0818_C.tif,prism,60.62,2025-05-15T01:20:00Z,processed,FALSE,GeoTIFF raster
/Users/cjtinant/Documents/Rprojects_not-class/FFA_regional-skew/data/processed/prism/tmax_0819_C.tif,file, 57.82M,rw-r--r--,2025-05-15T01:20:00Z,cjtinant,staff,16777234,1,0,209553948,4096,118408,64,0,2025-07-15T00:08:37Z,2025-07-14T21:25:21Z,2025-05-15T01:20:00Z,tif,tmax_0819_C.tif,prism/tmax_0819_C.tif,prism,60.62,2025-05-15T01:20:00Z,processed,FALSE,GeoTIFF raster
/Users/cjtinant/Documents/Rprojects_not-class/FFA_regional-skew/data/processed/prism/tmax_0820_C.tif,file, 57.82M,rw-r--r--,2025-05-15T01:20:00Z,cjtinant,staff,16777234,1,0,209553949,4096,118416,64,0,2025-07-14T22:56:47Z,2025-07-14T21:25:27Z,2025-05-15T01:20:00Z,tif,tmax_0820_C.tif,prism/tmax_0820_C.tif,prism,60.63,2025-05-15T01:20:00Z,processed,FALSE,GeoTIFF raster
/Users/cjtinant/Documents/Rprojects_not-class/FFA_regional-skew/data/processed/prism/tmax_0821_C.tif,file, 57.82M,rw-r--r--,2025-05-15T01:20:00Z,cjtinant,staff,16777234,1,0,209553950,4096,118416,64,0,2025-07-15T00:08:37Z,2025-07-14T21:25:33Z,2025-05-15T01:20:00Z,tif,tmax_0821_C.tif,prism/tmax_0821_C.tif,prism,60.63,2025-05-15T01:20:00Z,processed,FALSE,GeoTIFF raster
/Users/cjtinant/Documents/Rprojects_not-class/FFA_regional-skew/data/processed/prism/tmax_0822_C.tif,file, 57.83M,rw-r--r--,2025-05-15T01:20:00Z,cjtinant,staff,16777234,1,0,209553951,4096,118432,64,0,2025-07-15T00:08:37Z,2025-07-14T21:25:40Z,2025-05-15T01:20:00Z,tif,tmax_0822_C.tif,prism/tmax_0822_C.tif,prism,60.63,2025-05-15T01:20:00Z,processed,FALSE,GeoTIFF raster
/Users/cjtinant/Documents/Rprojects_not-class/FFA_regional-skew/data/processed/prism/tmax_0823_C.tif,file, 57.83M,rw-r--r--,2025-05-15T01:20:01Z,cjtinant,staff,16777234,1,0,209553952,4096,118432,64,0,2025-07-15T00:08:37Z,2025-07-14T21:25:47Z,2025-05-15T01:20:00Z,tif,tmax_0823_C.tif,prism/tmax_0823_C.tif,prism,60.64,2025-05-15T01:20:01Z,processed,FALSE,GeoTIFF raster
/Users/cjtinant/Documents/Rprojects_not-class/FFA_regional-skew/data/processed/prism/tmax_0824_C.tif,file, 57.84M,rw-r--r--,2025-05-15T01:20:01Z,cjtinant,staff,16777234,1,0,209553953,4096,118448,64,0,2025-07-15T00:08:37Z,2025-07-14T21:25:52Z,2025-05-15T01:20:01Z,tif,tmax_0824_C.tif,prism/tmax_0824_C.tif,prism,60.65,2025-05-15T01:20:01Z,processed,FALSE,GeoTIFF raster
/Users/cjtinant/Documents/Rprojects_not-class/FFA_regional-skew/data/processed/prism/tmax_0825_C.tif,file, 57.84M,rw-r--r--,2025-05-15T01:20:01Z,cjtinant,staff,16777234,1,0,209553954,4096,118464,64,0,2025-07-15T00:08:37Z,2025-07-14T21:25:57Z,2025-05-15T01:20:01Z,tif,tmax_0825_C.tif,prism/tmax_0825_C.tif,prism,60.65,2025-05-15T01:20:01Z,processed,FALSE,GeoTIFF raster
/Users/cjtinant/Documents/Rprojects_not-class/FFA_regional-skew/data/processed/prism/tmax_0826_C.tif,file, 57.85M,rw-r--r--,2025-05-15T01:20:01Z,cjtinant,staff,16777234,1,0,209553955,4096,118472,64,0,2025-07-15T00:08:37Z,2025-07-14T21:26:04Z,2025-05-15T01:20:01Z,tif,tmax_0826_C.tif,prism/tmax_0826_C.tif,prism,60.66,2025-05-15T01:20:01Z,processed,FALSE,GeoTIFF raster
/Users/cjtinant/Documents/Rprojects_not-class/FFA_regional-skew/data/processed/prism/tmax_0827_C.tif,file, 57.86M,rw-r--r--,2025-05-15T01:20:01Z,cjtinant,staff,16777234,1,0,209553956,4096,118496,64,0,2025-07-15T00:08:37Z,2025-07-14T21:26:11Z,2025-05-15T01:20:01Z,tif,tmax_0827_C.tif,prism/tmax_0827_C.tif,prism,60.67,2025-05-15T01:20:01Z,processed,FALSE,GeoTIFF raster
/Users/cjtinant/Documents/Rprojects_not-class/FFA_regional-skew/data/processed/prism/tmax_0828_C.tif,file, 57.87M,rw-r--r--,2025-05-15T01:20:01Z,cjtinant,staff,16777234,1,0,209553957,4096,118520,64,0,2025-07-15T00:08:37Z,2025-07-14T21:26:19Z,2025-05-15T01:20:01Z,tif,tmax_0828_C.tif,prism/tmax_0828_C.tif,prism,60.68,2025-05-15T01:20:01Z,processed,FALSE,GeoTIFF raster
/Users/cjtinant/Documents/Rprojects_not-class/FFA_regional-skew/data/processed/prism/tmax_0829_C.tif,file, 57.88M,rw-r--r--,2025-05-15T01:20:01Z,cjtinant,staff,16777234,1,0,209553958,4096,118536,64,0,2025-07-14T22:56:59Z,2025-07-14T21:26:28Z,2025-05-15T01:20:01Z,tif,tmax_0829_C.tif,prism/tmax_0829_C.tif,prism,60.69,2025-05-15T01:20:01Z,processed,FALSE,GeoTIFF raster
/Users/cjtinant/Documents/Rprojects_not-class/FFA_regional-skew/data/processed/prism/tmax_0830_C.tif,file, 57.89M,rw-r--r--,2025-05-15T01:20:01Z,cjtinant,staff,16777234,1,0,209553959,4096,118560,64,0,2025-07-15T00:08:37Z,2025-07-14T21:26:34Z,2025-05-15T01:20:01Z,tif,tmax_0830_C.tif,prism/tmax_0830_C.tif,prism,60.7,2025-05-15T01:20:01Z,processed,FALSE,GeoTIFF raster
/Users/cjtinant/Documents/Rprojects_not-class/FFA_regional-skew/data/processed/prism/tmax_0831_C.tif,file, 57.9M,rw-r--r--,2025-05-15T01:20:01Z,cjtinant,staff,16777234,1,0,209553960,4096,118576,64,0,2025-07-15T04:37:18Z,2025-07-14T21:26:40Z,2025-05-15T01:20:01Z,tif,tmax_0831_C.tif,prism/tmax_0831_C.tif,prism,60.71,2025-05-15T01:20:01Z,processed,FALSE,GeoTIFF raster
/Users/cjtinant/Documents/Rprojects_not-class/FFA_regional-skew/data/processed/prism/tmax_0901_C.tif,file, 57.89M,rw-r--r--,2025-05-15T01:20:01Z,cjtinant,staff,16777234,1,0,209553961,4096,118568,64,0,2025-07-15T00:08:37Z,2025-07-14T21:26:47Z,2025-05-15T01:20:01Z,tif,tmax_0901_C.tif,prism/tmax_0901_C.tif,prism,60.71,2025-05-15T01:20:01Z,processed,FALSE,GeoTIFF raster
/Users/cjtinant/Documents/Rprojects_not-class/FFA_regional-skew/data/processed/prism/tmax_0902_C.tif,file, 57.89M,rw-r--r--,2025-05-15T01:20:01Z,cjtinant,staff,16777234,1,0,209553962,4096,118568,64,0,2025-07-15T04:37:18Z,2025-07-14T21:26:54Z,2025-05-15T01:20:01Z,tif,tmax_0902_C.tif,prism/tmax_0902_C.tif,prism,60.71,2025-05-15T01:20:01Z,processed,FALSE,GeoTIFF raster
/Users/cjtinant/Documents/Rprojects_not-class/FFA_regional-skew/data/processed/prism/tmax_0903_C.tif,file, 57.89M,rw-r--r--,2025-05-15T01:20:01Z,cjtinant,staff,16777234,1,0,209553966,4096,118568,64,0,2025-07-15T00:08:37Z,2025-07-14T21:27:01Z,2025-05-15T01:20:01Z,tif,tmax_0903_C.tif,prism/tmax_0903_C.tif,prism,60.7,2025-05-15T01:20:01Z,processed,FALSE,GeoTIFF raster
/Users/cjtinant/Documents/Rprojects_not-class/FFA_regional-skew/data/processed/prism/tmax_0904_C.tif,file, 57.89M,rw-r--r--,2025-05-15T01:20:01Z,cjtinant,staff,16777234,1,0,209553967,4096,118560,64,0,2025-07-14T22:56:47Z,2025-07-14T21:27:13Z,2025-05-15T01:20:01Z,tif,tmax_0904_C.tif,prism/tmax_0904_C.tif,prism,60.7,2025-05-15T01:20:01Z,processed,FALSE,GeoTIFF raster
/Users/cjtinant/Documents/Rprojects_not-class/FFA_regional-skew/data/processed/prism/tmax_0905_C.tif,file, 57.89M,rw-r--r--,2025-05-15T01:20:01Z,cjtinant,staff,16777234,1,0,209553968,4096,118560,64,0,2025-07-15T00:08:37Z,2025-07-14T21:27:24Z,2025-05-15T01:20:01Z,tif,tmax_0905_C.tif,prism/tmax_0905_C.tif,prism,60.7,2025-05-15T01:20:01Z,processed,FALSE,GeoTIFF raster
/Users/cjtinant/Documents/Rprojects_not-class/FFA_regional-skew/data/processed/prism/tmax_0906_C.tif,file, 57.9M,rw-r--r--,2025-05-15T01:20:01Z,cjtinant,staff,16777234,1,0,209553969,4096,118576,64,0,2025-07-15T00:08:37Z,2025-07-14T21:27:30Z,2025-05-15T01:20:01Z,tif,tmax_0906_C.tif,prism/tmax_0906_C.tif,prism,60.71,2025-05-15T01:20:01Z,processed,FALSE,GeoTIFF raster
/Users/cjtinant/Documents/Rprojects_not-class/FFA_regional-skew/data/processed/prism/tmax_0907_C.tif,file, 57.91M,rw-r--r--,2025-05-15T01:20:01Z,cjtinant,staff,16777234,1,0,209553970,4096,118608,64,0,2025-07-15T00:08:37Z,2025-07-14T21:27:41Z,2025-05-15T01:20:01Z,tif,tmax_0907_C.tif,prism/tmax_0907_C.tif,prism,60.73,2025-05-15T01:20:01Z,processed,FALSE,GeoTIFF raster
/Users/cjtinant/Documents/Rprojects_not-class/FFA_regional-skew/data/processed/prism/tmax_0908_C.tif,file, 57.92M,rw-r--r--,2025-05-15T01:20:01Z,cjtinant,staff,16777234,1,0,209553971,4096,118624,64,0,2025-07-15T00:08:37Z,2025-07-14T21:27:58Z,2025-05-15T01:20:01Z,tif,tmax_0908_C.tif,prism/tmax_0908_C.tif,prism,60.73,2025-05-15T01:20:01Z,processed,FALSE,GeoTIFF raster
/Users/cjtinant/Documents/Rprojects_not-class/FFA_regional-skew/data/processed/prism/tmax_0909_C.tif,file, 57.92M,rw-r--r--,2025-05-15T01:20:01Z,cjtinant,staff,16777234,1,0,209553972,4096,118632,64,0,2025-07-15T00:08:37Z,2025-07-14T21:28:07Z,2025-05-15T01:20:01Z,tif,tmax_0909_C.tif,prism/tmax_0909_C.tif,prism,60.74,2025-05-15T01:20:01Z,processed,FALSE,GeoTIFF raster
/Users/cjtinant/Documents/Rprojects_not-class/FFA_regional-skew/data/processed/prism/tmax_0910_C.tif,file, 57.93M,rw-r--r--,2025-05-15T01:20:01Z,cjtinant,staff,16777234,1,0,209553973,4096,118640,64,0,2025-07-15T00:08:37Z,2025-07-14T21:28:19Z,2025-05-15T01:20:01Z,tif,tmax_0910_C.tif,prism/tmax_0910_C.tif,prism,60.74,2025-05-15T01:20:01Z,processed,FALSE,GeoTIFF raster
/Users/cjtinant/Documents/Rprojects_not-class/FFA_regional-skew/data/processed/prism/tmax_0911_C.tif,file, 57.93M,rw-r--r--,2025-05-15T01:20:01Z,cjtinant,staff,16777234,1,0,209553974,4096,118648,64,0,2025-07-18T04:48:29Z,2025-07-14T21:28:33Z,2025-05-15T01:20:01Z,tif,tmax_0911_C.tif,prism/tmax_0911_C.tif,prism,60.74,2025-05-15T01:20:01Z,processed,FALSE,GeoTIFF raster
/Users/cjtinant/Documents/Rprojects_not-class/FFA_regional-skew/data/processed/prism/tmax_0912_C.tif,file, 57.93M,rw-r--r--,2025-05-15T01:20:02Z,cjtinant,staff,16777234,1,0,209553975,4096,118640,64,0,2025-07-18T04:48:29Z,2025-07-14T21:28:53Z,2025-05-15T01:20:01Z,tif,tmax_0912_C.tif,prism/tmax_0912_C.tif,prism,60.74,2025-05-15T01:20:02Z,processed,FALSE,GeoTIFF raster
/Users/cjtinant/Documents/Rprojects_not-class/FFA_regional-skew/data/processed/prism/tmax_0913_C.tif,file, 57.93M,rw-r--r--,2025-05-15T01:20:02Z,cjtinant,staff,16777234,1,0,209553976,4096,118640,64,0,2025-07-15T00:08:35Z,2025-07-14T21:29:01Z,2025-05-15T01:20:02Z,tif,tmax_0913_C.tif,prism/tmax_0913_C.tif,prism,60.74,2025-05-15T01:20:02Z,processed,FALSE,GeoTIFF raster
/Users/cjtinant/Documents/Rprojects_not-class/FFA_regional-skew/data/processed/prism/tmax_0914_C.tif,file, 57.91M,rw-r--r--,2025-05-15T01:20:02Z,cjtinant,staff,16777234,1,0,209553977,4096,118608,64,0,2025-07-15T04:38:27Z,2025-07-14T21:29:09Z,2025-05-15T01:20:02Z,tif,tmax_0914_C.tif,prism/tmax_0914_C.tif,prism,60.72,2025-05-15T01:20:02Z,processed,FALSE,GeoTIFF raster
/Users/cjtinant/Documents/Rprojects_not-class/FFA_regional-skew/data/processed/prism/tmax_0915_C.tif,file, 57.9M,rw-r--r--,2025-05-15T01:20:02Z,cjtinant,staff,16777234,1,0,209553978,4096,118584,64,0,2025-07-15T04:38:27Z,2025-07-14T21:29:15Z,2025-05-15T01:20:02Z,tif,tmax_0915_C.tif,prism/tmax_0915_C.tif,prism,60.71,2025-05-15T01:20:02Z,processed,FALSE,GeoTIFF raster
/Users/cjtinant/Documents/Rprojects_not-class/FFA_regional-skew/data/processed/prism/tmax_0916_C.tif,file, 57.89M,rw-r--r--,2025-05-15T01:20:02Z,cjtinant,staff,16777234,1,0,209553979,4096,118560,64,0,2025-07-14T22:56:59Z,2025-07-14T21:29:20Z,2025-05-15T01:20:02Z,tif,tmax_0916_C.tif,prism/tmax_0916_C.tif,prism,60.7,2025-05-15T01:20:02Z,processed,FALSE,GeoTIFF raster
/Users/cjtinant/Documents/Rprojects_not-class/FFA_regional-skew/data/processed/prism/tmax_0917_C.tif,file, 57.88M,rw-r--r--,2025-05-15T01:20:02Z,cjtinant,staff,16777234,1,0,209553980,4096,118536,64,0,2025-07-15T04:38:27Z,2025-07-14T21:29:25Z,2025-05-15T01:20:02Z,tif,tmax_0917_C.tif,prism/tmax_0917_C.tif,prism,60.69,2025-05-15T01:20:02Z,processed,FALSE,GeoTIFF raster
/Users/cjtinant/Documents/Rprojects_not-class/FFA_regional-skew/data/processed/prism/tmax_0918_C.tif,file, 57.88M,rw-r--r--,2025-05-15T01:20:02Z,cjtinant,staff,16777234,1,0,209553981,4096,118536,64,0,2025-07-15T04:38:27Z,2025-07-14T21:29:31Z,2025-05-15T01:20:02Z,tif,tmax_0918_C.tif,prism/tmax_0918_C.tif,prism,60.69,2025-05-15T01:20:02Z,processed,FALSE,GeoTIFF raster
/Users/cjtinant/Documents/Rprojects_not-class/FFA_regional-skew/data/processed/prism/tmax_0919_C.tif,file, 57.88M,rw-r--r--,2025-05-15T01:20:02Z,cjtinant,staff,16777234,1,0,209553982,4096,118536,64,0,2025-07-15T00:08:35Z,2025-07-14T21:29:40Z,2025-05-15T01:20:02Z,tif,tmax_0919_C.tif,prism/tmax_0919_C.tif,prism,60.69,2025-05-15T01:20:02Z,processed,FALSE,GeoTIFF raster
/Users/cjtinant/Documents/Rprojects_not-class/FFA_regional-skew/data/processed/prism/tmax_0920_C.tif,file, 57.89M,rw-r--r--,2025-05-15T01:20:02Z,cjtinant,staff,16777234,1,0,209553983,4096,118560,64,0,2025-07-14T22:56:59Z,2025-07-14T21:29:49Z,2025-05-15T01:20:02Z,tif,tmax_0920_C.tif,prism/tmax_0920_C.tif,prism,60.7,2025-05-15T01:20:02Z,processed,FALSE,GeoTIFF raster
/Users/cjtinant/Documents/Rprojects_not-class/FFA_regional-skew/data/processed/prism/tmax_0921_C.tif,file, 57.91M,rw-r--r--,2025-05-15T01:20:02Z,cjtinant,staff,16777234,1,0,209553984,4096,118600,64,0,2025-07-15T04:38:27Z,2025-07-14T21:29:57Z,2025-05-15T01:20:02Z,tif,tmax_0921_C.tif,prism/tmax_0921_C.tif,prism,60.72,2025-05-15T01:20:02Z,processed,FALSE,GeoTIFF raster
/Users/cjtinant/Documents/Rprojects_not-class/FFA_regional-skew/data/processed/prism/tmax_0922_C.tif,file, 57.93M,rw-r--r--,2025-05-15T01:20:02Z,cjtinant,staff,16777234,1,0,209553985,4096,118648,64,0,2025-07-15T00:08:35Z,2025-07-14T21:30:02Z,2025-05-15T01:20:02Z,tif,tmax_0922_C.tif,prism/tmax_0922_C.tif,prism,60.75,2025-05-15T01:20:02Z,processed,FALSE,GeoTIFF raster
/Users/cjtinant/Documents/Rprojects_not-class/FFA_regional-skew/data/processed/prism/tmax_0923_C.tif,file, 57.95M,rw-r--r--,2025-05-15T01:20:02Z,cjtinant,staff,16777234,1,0,209553986,4096,118680,64,0,2025-07-15T04:38:27Z,2025-07-14T21:30:09Z,2025-05-15T01:20:02Z,tif,tmax_0923_C.tif,prism/tmax_0923_C.tif,prism,60.76,2025-05-15T01:20:02Z,processed,FALSE,GeoTIFF raster
/Users/cjtinant/Documents/Rprojects_not-class/FFA_regional-skew/data/processed/prism/tmax_0924_C.tif,file, 57.96M,rw-r--r--,2025-05-15T01:20:02Z,cjtinant,staff,16777234,1,0,209553987,4096,118712,64,0,2025-07-15T04:38:27Z,2025-07-14T21:30:21Z,2025-05-15T01:20:02Z,tif,tmax_0924_C.tif,prism/tmax_0924_C.tif,prism,60.78,2025-05-15T01:20:02Z,processed,FALSE,GeoTIFF raster
/Users/cjtinant/Documents/Rprojects_not-class/FFA_regional-skew/data/processed/prism/tmax_0925_C.tif,file, 57.97M,rw-r--r--,2025-05-15T01:20:02Z,cjtinant,staff,16777234,1,0,209553988,4096,118728,64,0,2025-07-15T04:38:27Z,2025-07-14T21:30:59Z,2025-05-15T01:20:02Z,tif,tmax_0925_C.tif,prism/tmax_0925_C.tif,prism,60.79,2025-05-15T01:20:02Z,processed,FALSE,GeoTIFF raster
/Users/cjtinant/Documents/Rprojects_not-class/FFA_regional-skew/data/processed/prism/tmax_0926_C.tif,file, 57.98M,rw-r--r--,2025-05-15T01:20:02Z,cjtinant,staff,16777234,1,0,209553989,4096,118744,64,0,2025-07-15T04:38:27Z,2025-07-14T21:31:14Z,2025-05-15T01:20:02Z,tif,tmax_0926_C.tif,prism/tmax_0926_C.tif,prism,60.79,2025-05-15T01:20:02Z,processed,FALSE,GeoTIFF raster
/Users/cjtinant/Documents/Rprojects_not-class/FFA_regional-skew/data/processed/prism/tmax_0927_C.tif,file, 57.97M,rw-r--r--,2025-05-15T01:20:02Z,cjtinant,staff,16777234,1,0,209553990,4096,118736,64,0,2025-07-20T04:30:53Z,2025-07-14T21:31:23Z,2025-05-15T01:20:02Z,tif,tmax_0927_C.tif,prism/tmax_0927_C.tif,prism,60.79,2025-05-15T01:20:02Z,processed,FALSE,GeoTIFF raster
/Users/cjtinant/Documents/Rprojects_not-class/FFA_regional-skew/data/processed/prism/tmax_0928_C.tif,file, 57.97M,rw-r--r--,2025-05-15T01:20:02Z,cjtinant,staff,16777234,1,0,209553991,4096,118736,64,0,2025-07-20T04:30:53Z,2025-07-14T21:31:32Z,2025-05-15T01:20:02Z,tif,tmax_0928_C.tif,prism/tmax_0928_C.tif,prism,60.79,2025-05-15T01:20:02Z,processed,FALSE,GeoTIFF raster
/Users/cjtinant/Documents/Rprojects_not-class/FFA_regional-skew/data/processed/prism/tmax_0929_C.tif,file, 57.97M,rw-r--r--,2025-05-15T01:20:02Z,cjtinant,staff,16777234,1,0,209553992,4096,118728,64,0,2025-07-20T07:13:45Z,2025-07-14T21:31:38Z,2025-05-15T01:20:02Z,tif,tmax_0929_C.tif,prism/tmax_0929_C.tif,prism,60.79,2025-05-15T01:20:02Z,processed,FALSE,GeoTIFF raster
/Users/cjtinant/Documents/Rprojects_not-class/FFA_regional-skew/data/processed/prism/tmax_0930_C.tif,file, 57.97M,rw-r--r--,2025-05-15T01:20:02Z,cjtinant,staff,16777234,1,0,209553993,4096,118720,64,0,2025-07-20T04:30:53Z,2025-07-14T21:31:50Z,2025-05-15T01:20:02Z,tif,tmax_0930_C.tif,prism/tmax_0930_C.tif,prism,60.78,2025-05-15T01:20:02Z,processed,FALSE,GeoTIFF raster
/Users/cjtinant/Documents/Rprojects_not-class/FFA_regional-skew/data/processed/prism/tmax_1001_C.tif,file, 57.97M,rw-r--r--,2025-05-15T01:20:03Z,cjtinant,staff,16777234,1,0,209553994,4096,118728,64,0,2025-07-20T04:30:54Z,2025-07-14T21:32:01Z,2025-05-15T01:20:02Z,tif,tmax_1001_C.tif,prism/tmax_1001_C.tif,prism,60.79,2025-05-15T01:20:03Z,processed,FALSE,GeoTIFF raster
/Users/cjtinant/Documents/Rprojects_not-class/FFA_regional-skew/data/processed/prism/tmax_1002_C.tif,file, 57.97M,rw-r--r--,2025-05-15T01:20:03Z,cjtinant,staff,16777234,1,0,209553995,4096,118728,64,0,2025-07-20T04:30:54Z,2025-07-14T21:32:12Z,2025-05-15T01:20:03Z,tif,tmax_1002_C.tif,prism/tmax_1002_C.tif,prism,60.79,2025-05-15T01:20:03Z,processed,FALSE,GeoTIFF raster
/Users/cjtinant/Documents/Rprojects_not-class/FFA_regional-skew/data/processed/prism/tmax_1003_C.tif,file, 57.97M,rw-r--r--,2025-05-15T01:20:03Z,cjtinant,staff,16777234,1,0,209553996,4096,118728,64,0,2025-07-20T04:30:54Z,2025-07-14T21:32:24Z,2025-05-15T01:20:03Z,tif,tmax_1003_C.tif,prism/tmax_1003_C.tif,prism,60.78,2025-05-15T01:20:03Z,processed,FALSE,GeoTIFF raster
/Users/cjtinant/Documents/Rprojects_not-class/FFA_regional-skew/data/processed/prism/tmax_1004_C.tif,file, 57.97M,rw-r--r--,2025-05-15T01:20:03Z,cjtinant,staff,16777234,1,0,209553997,4096,118720,64,0,2025-07-20T04:30:54Z,2025-07-14T21:32:32Z,2025-05-15T01:20:03Z,tif,tmax_1004_C.tif,prism/tmax_1004_C.tif,prism,60.78,2025-05-15T01:20:03Z,processed,FALSE,GeoTIFF raster
/Users/cjtinant/Documents/Rprojects_not-class/FFA_regional-skew/data/processed/prism/tmax_1005_C.tif,file, 57.96M,rw-r--r--,2025-05-15T01:20:03Z,cjtinant,staff,16777234,1,0,209553998,4096,118704,64,0,2025-07-15T04:38:27Z,2025-07-14T21:32:44Z,2025-05-15T01:20:03Z,tif,tmax_1005_C.tif,prism/tmax_1005_C.tif,prism,60.78,2025-05-15T01:20:03Z,processed,FALSE,GeoTIFF raster
/Users/cjtinant/Documents/Rprojects_not-class/FFA_regional-skew/data/processed/prism/tmax_1006_C.tif,file, 57.96M,rw-r--r--,2025-05-15T01:20:03Z,cjtinant,staff,16777234,1,0,209553999,4096,118704,64,0,2025-07-15T00:08:35Z,2025-07-14T21:32:51Z,2025-05-15T01:20:03Z,tif,tmax_1006_C.tif,prism/tmax_1006_C.tif,prism,60.77,2025-05-15T01:20:03Z,processed,FALSE,GeoTIFF raster
/Users/cjtinant/Documents/Rprojects_not-class/FFA_regional-skew/data/processed/prism/tmax_1007_C.tif,file, 57.97M,rw-r--r--,2025-05-15T01:20:03Z,cjtinant,staff,16777234,1,0,209554000,4096,118720,64,0,2025-07-15T04:38:27Z,2025-07-14T21:32:57Z,2025-05-15T01:20:03Z,tif,tmax_1007_C.tif,prism/tmax_1007_C.tif,prism,60.78,2025-05-15T01:20:03Z,processed,FALSE,GeoTIFF raster
/Users/cjtinant/Documents/Rprojects_not-class/FFA_regional-skew/data/processed/prism/tmax_1008_C.tif,file, 57.98M,rw-r--r--,2025-05-15T01:20:03Z,cjtinant,staff,16777234,1,0,209554001,4096,118744,64,0,2025-07-15T04:38:27Z,2025-07-14T21:33:07Z,2025-05-15T01:20:03Z,tif,tmax_1008_C.tif,prism/tmax_1008_C.tif,prism,60.8,2025-05-15T01:20:03Z,processed,FALSE,GeoTIFF raster
/Users/cjtinant/Documents/Rprojects_not-class/FFA_regional-skew/data/processed/prism/tmax_1009_C.tif,file, 58M,rw-r--r--,2025-05-15T01:20:03Z,cjtinant,staff,16777234,1,0,209554002,4096,118784,64,0,2025-07-15T04:38:27Z,2025-07-14T21:33:18Z,2025-05-15T01:20:03Z,tif,tmax_1009_C.tif,prism/tmax_1009_C.tif,prism,60.81,2025-05-15T01:20:03Z,processed,FALSE,GeoTIFF raster
/Users/cjtinant/Documents/Rprojects_not-class/FFA_regional-skew/data/processed/prism/tmax_1010_C.tif,file, 58.01M,rw-r--r--,2025-05-15T01:20:03Z,cjtinant,staff,16777234,1,0,209554003,4096,118816,64,0,2025-07-15T00:08:37Z,2025-07-14T21:34:19Z,2025-05-15T01:20:03Z,tif,tmax_1010_C.tif,prism/tmax_1010_C.tif,prism,60.83,2025-05-15T01:20:03Z,processed,FALSE,GeoTIFF raster
/Users/cjtinant/Documents/Rprojects_not-class/FFA_regional-skew/data/processed/prism/tmax_1011_C.tif,file, 58.04M,rw-r--r--,2025-05-15T01:20:03Z,cjtinant,staff,16777234,1,0,209554005,4096,118864,64,0,2025-07-15T04:38:27Z,2025-07-14T21:34:48Z,2025-05-15T01:20:03Z,tif,tmax_1011_C.tif,prism/tmax_1011_C.tif,prism,60.86,2025-05-15T01:20:03Z,processed,FALSE,GeoTIFF raster
/Users/cjtinant/Documents/Rprojects_not-class/FFA_regional-skew/data/processed/prism/tmax_1012_C.tif,file, 58.07M,rw-r--r--,2025-05-15T01:20:03Z,cjtinant,staff,16777234,1,0,209554009,4096,118928,64,0,2025-07-15T04:38:27Z,2025-07-14T21:35:01Z,2025-05-15T01:20:03Z,tif,tmax_1012_C.tif,prism/tmax_1012_C.tif,prism,60.89,2025-05-15T01:20:03Z,processed,FALSE,GeoTIFF raster
/Users/cjtinant/Documents/Rprojects_not-class/FFA_regional-skew/data/processed/prism/tmax_1013_C.tif,file, 58.11M,rw-r--r--,2025-05-15T01:20:03Z,cjtinant,staff,16777234,1,0,209554010,4096,119000,64,0,2025-07-15T00:08:37Z,2025-07-14T21:35:12Z,2025-05-15T01:20:03Z,tif,tmax_1013_C.tif,prism/tmax_1013_C.tif,prism,60.93,2025-05-15T01:20:03Z,processed,FALSE,GeoTIFF raster
/Users/cjtinant/Documents/Rprojects_not-class/FFA_regional-skew/data/processed/prism/tmax_1014_C.tif,file, 58.15M,rw-r--r--,2025-05-15T01:20:03Z,cjtinant,staff,16777234,1,0,209554012,4096,119088,64,0,2025-07-15T04:38:27Z,2025-07-14T21:35:24Z,2025-05-15T01:20:03Z,tif,tmax_1014_C.tif,prism/tmax_1014_C.tif,prism,60.97,2025-05-15T01:20:03Z,processed,FALSE,GeoTIFF raster
/Users/cjtinant/Documents/Rprojects_not-class/FFA_regional-skew/data/processed/prism/tmax_1015_C.tif,file, 58.19M,rw-r--r--,2025-05-15T01:20:03Z,cjtinant,staff,16777234,1,0,209554019,4096,119176,64,0,2025-07-15T00:09:44Z,2025-07-14T21:35:35Z,2025-05-15T01:20:03Z,tif,tmax_1015_C.tif,prism/tmax_1015_C.tif,prism,61.02,2025-05-15T01:20:03Z,processed,FALSE,GeoTIFF raster
/Users/cjtinant/Documents/Rprojects_not-class/FFA_regional-skew/data/processed/prism/tmax_1016_C.tif,file, 58.23M,rw-r--r--,2025-05-15T01:20:03Z,cjtinant,staff,16777234,1,0,209554022,4096,119256,64,0,2025-07-20T04:30:53Z,2025-07-14T21:35:54Z,2025-05-15T01:20:03Z,tif,tmax_1016_C.tif,prism/tmax_1016_C.tif,prism,61.06,2025-05-15T01:20:03Z,processed,FALSE,GeoTIFF raster
/Users/cjtinant/Documents/Rprojects_not-class/FFA_regional-skew/data/processed/prism/tmax_1017_C.tif,file, 58.26M,rw-r--r--,2025-05-15T01:20:03Z,cjtinant,staff,16777234,1,0,209554028,4096,119328,64,0,2025-07-15T00:09:44Z,2025-07-14T21:36:02Z,2025-05-15T01:20:03Z,tif,tmax_1017_C.tif,prism/tmax_1017_C.tif,prism,61.09,2025-05-15T01:20:03Z,processed,FALSE,GeoTIFF raster
/Users/cjtinant/Documents/Rprojects_not-class/FFA_regional-skew/data/processed/prism/tmax_1018_C.tif,file, 58.3M,rw-r--r--,2025-05-15T01:20:03Z,cjtinant,staff,16777234,1,0,209554029,4096,119400,64,0,2025-07-15T00:09:44Z,2025-07-14T21:36:08Z,2025-05-15T01:20:03Z,tif,tmax_1018_C.tif,prism/tmax_1018_C.tif,prism,61.13,2025-05-15T01:20:03Z,processed,FALSE,GeoTIFF raster
/Users/cjtinant/Documents/Rprojects_not-class/FFA_regional-skew/data/processed/prism/tmax_1019_C.tif,file, 58.34M,rw-r--r--,2025-05-15T01:20:03Z,cjtinant,staff,16777234,1,0,209554030,4096,119480,64,0,2025-07-15T00:09:44Z,2025-07-14T21:36:15Z,2025-05-15T01:20:03Z,tif,tmax_1019_C.tif,prism/tmax_1019_C.tif,prism,61.17,2025-05-15T01:20:03Z,processed,FALSE,GeoTIFF raster
/Users/cjtinant/Documents/Rprojects_not-class/FFA_regional-skew/data/processed/prism/tmax_1020_C.tif,file, 58.38M,rw-r--r--,2025-05-15T01:20:04Z,cjtinant,staff,16777234,1,0,209554031,4096,119568,64,0,2025-07-15T00:09:44Z,2025-07-14T21:36:22Z,2025-05-15T01:20:03Z,tif,tmax_1020_C.tif,prism/tmax_1020_C.tif,prism,61.22,2025-05-15T01:20:04Z,processed,FALSE,GeoTIFF raster
/Users/cjtinant/Documents/Rprojects_not-class/FFA_regional-skew/data/processed/prism/tmax_1021_C.tif,file, 58.42M,rw-r--r--,2025-05-15T01:20:04Z,cjtinant,staff,16777234,1,0,209554032,4096,119648,64,0,2025-07-15T00:09:44Z,2025-07-14T21:36:28Z,2025-05-15T01:20:04Z,tif,tmax_1021_C.tif,prism/tmax_1021_C.tif,prism,61.26,2025-05-15T01:20:04Z,processed,FALSE,GeoTIFF raster
/Users/cjtinant/Documents/Rprojects_not-class/FFA_regional-skew/data/processed/prism/tmax_1022_C.tif,file, 58.46M,rw-r--r--,2025-05-15T01:20:04Z,cjtinant,staff,16777234,1,0,209554033,4096,119720,64,0,2025-07-15T00:09:44Z,2025-07-14T21:36:35Z,2025-05-15T01:20:04Z,tif,tmax_1022_C.tif,prism/tmax_1022_C.tif,prism,61.3,2025-05-15T01:20:04Z,processed,FALSE,GeoTIFF raster
/Users/cjtinant/Documents/Rprojects_not-class/FFA_regional-skew/data/processed/prism/tmax_1023_C.tif,file, 58.49M,rw-r--r--,2025-05-15T01:20:04Z,cjtinant,staff,16777234,1,0,209554034,4096,119792,64,0,2025-07-15T04:38:27Z,2025-07-14T21:36:42Z,2025-05-15T01:20:04Z,tif,tmax_1023_C.tif,prism/tmax_1023_C.tif,prism,61.33,2025-05-15T01:20:04Z,processed,FALSE,GeoTIFF raster
/Users/cjtinant/Documents/Rprojects_not-class/FFA_regional-skew/data/processed/prism/tmax_1024_C.tif,file, 58.5M,rw-r--r--,2025-05-15T01:20:04Z,cjtinant,staff,16777234,1,0,209554035,4096,119816,64,0,2025-07-15T00:08:35Z,2025-07-14T21:36:51Z,2025-05-15T01:20:04Z,tif,tmax_1024_C.tif,prism/tmax_1024_C.tif,prism,61.34,2025-05-15T01:20:04Z,processed,FALSE,GeoTIFF raster
/Users/cjtinant/Documents/Rprojects_not-class/FFA_regional-skew/data/processed/prism/tmax_1025_C.tif,file, 58.51M,rw-r--r--,2025-05-15T01:20:04Z,cjtinant,staff,16777234,1,0,209554036,4096,119832,64,0,2025-07-15T04:38:27Z,2025-07-14T21:37:00Z,2025-05-15T01:20:04Z,tif,tmax_1025_C.tif,prism/tmax_1025_C.tif,prism,61.35,2025-05-15T01:20:04Z,processed,FALSE,GeoTIFF raster
/Users/cjtinant/Documents/Rprojects_not-class/FFA_regional-skew/data/processed/prism/tmax_1026_C.tif,file, 58.52M,rw-r--r--,2025-05-15T01:20:04Z,cjtinant,staff,16777234,1,0,209554037,4096,119840,64,0,2025-07-15T04:38:27Z,2025-07-14T21:37:09Z,2025-05-15T01:20:04Z,tif,tmax_1026_C.tif,prism/tmax_1026_C.tif,prism,61.36,2025-05-15T01:20:04Z,processed,FALSE,GeoTIFF raster
/Users/cjtinant/Documents/Rprojects_not-class/FFA_regional-skew/data/processed/prism/tmax_1027_C.tif,file, 58.52M,rw-r--r--,2025-05-15T01:20:04Z,cjtinant,staff,16777234,1,0,209554038,4096,119856,64,0,2025-07-15T04:38:27Z,2025-07-14T21:37:17Z,2025-05-15T01:20:04Z,tif,tmax_1027_C.tif,prism/tmax_1027_C.tif,prism,61.37,2025-05-15T01:20:04Z,processed,FALSE,GeoTIFF raster
/Users/cjtinant/Documents/Rprojects_not-class/FFA_regional-skew/data/processed/prism/tmax_1028_C.tif,file, 58.54M,rw-r--r--,2025-05-15T01:20:04Z,cjtinant,staff,16777234,1,0,209554039,4096,119888,64,0,2025-07-15T04:38:27Z,2025-07-14T21:37:22Z,2025-05-15T01:20:04Z,tif,tmax_1028_C.tif,prism/tmax_1028_C.tif,prism,61.38,2025-05-15T01:20:04Z,processed,FALSE,GeoTIFF raster
/Users/cjtinant/Documents/Rprojects_not-class/FFA_regional-skew/data/processed/prism/tmax_1029_C.tif,file, 58.57M,rw-r--r--,2025-05-15T01:20:04Z,cjtinant,staff,16777234,1,0,209554040,4096,119944,64,0,2025-07-15T04:38:27Z,2025-07-14T21:37:29Z,2025-05-15T01:20:04Z,tif,tmax_1029_C.tif,prism/tmax_1029_C.tif,prism,61.41,2025-05-15T01:20:04Z,processed,FALSE,GeoTIFF raster
/Users/cjtinant/Documents/Rprojects_not-class/FFA_regional-skew/data/processed/prism/tmax_1030_C.tif,file, 58.61M,rw-r--r--,2025-05-15T01:20:04Z,cjtinant,staff,16777234,1,0,209554041,4096,120040,64,0,2025-07-15T04:38:27Z,2025-07-14T21:37:37Z,2025-05-15T01:20:04Z,tif,tmax_1030_C.tif,prism/tmax_1030_C.tif,prism,61.46,2025-05-15T01:20:04Z,processed,FALSE,GeoTIFF raster
/Users/cjtinant/Documents/Rprojects_not-class/FFA_regional-skew/data/processed/prism/tmax_1031_C.tif,file, 58.66M,rw-r--r--,2025-05-15T01:20:04Z,cjtinant,staff,16777234,1,0,209554042,4096,120152,64,0,2025-07-15T00:08:35Z,2025-07-14T21:37:50Z,2025-05-15T01:20:04Z,tif,tmax_1031_C.tif,prism/tmax_1031_C.tif,prism,61.51,2025-05-15T01:20:04Z,processed,FALSE,GeoTIFF raster
/Users/cjtinant/Documents/Rprojects_not-class/FFA_regional-skew/data/processed/prism/tmax_1101_C.tif,file, 58.72M,rw-r--r--,2025-05-15T01:20:04Z,cjtinant,staff,16777234,1,0,209554043,4096,120264,64,0,2025-07-15T00:08:35Z,2025-07-14T21:38:01Z,2025-05-15T01:20:04Z,tif,tmax_1101_C.tif,prism/tmax_1101_C.tif,prism,61.57,2025-05-15T01:20:04Z,processed,FALSE,GeoTIFF raster
/Users/cjtinant/Documents/Rprojects_not-class/FFA_regional-skew/data/processed/prism/tmax_1102_C.tif,file, 58.78M,rw-r--r--,2025-05-15T01:20:04Z,cjtinant,staff,16777234,1,0,209554044,4096,120392,64,0,2025-07-15T04:38:27Z,2025-07-14T21:38:13Z,2025-05-15T01:20:04Z,tif,tmax_1102_C.tif,prism/tmax_1102_C.tif,prism,61.64,2025-05-15T01:20:04Z,processed,FALSE,GeoTIFF raster
/Users/cjtinant/Documents/Rprojects_not-class/FFA_regional-skew/data/processed/prism/tmax_1103_C.tif,file, 58.85M,rw-r--r--,2025-05-15T01:20:04Z,cjtinant,staff,16777234,1,0,209554045,4096,120528,64,0,2025-07-20T11:03:43Z,2025-07-14T21:38:27Z,2025-05-15T01:20:04Z,tif,tmax_1103_C.tif,prism/tmax_1103_C.tif,prism,61.71,2025-05-15T01:20:04Z,processed,FALSE,GeoTIFF raster
/Users/cjtinant/Documents/Rprojects_not-class/FFA_regional-skew/data/processed/prism/tmax_1104_C.tif,file, 58.91M,rw-r--r--,2025-05-15T01:20:04Z,cjtinant,staff,16777234,1,0,209554046,4096,120656,64,0,2025-07-15T04:38:27Z,2025-07-14T21:38:42Z,2025-05-15T01:20:04Z,tif,tmax_1104_C.tif,prism/tmax_1104_C.tif,prism,61.77,2025-05-15T01:20:04Z,processed,FALSE,GeoTIFF raster
/Users/cjtinant/Documents/Rprojects_not-class/FFA_regional-skew/data/processed/prism/tmax_1105_C.tif,file, 58.97M,rw-r--r--,2025-05-15T01:20:04Z,cjtinant,staff,16777234,1,0,209554047,4096,120768,64,0,2025-07-20T11:03:43Z,2025-07-14T21:38:52Z,2025-05-15T01:20:04Z,tif,tmax_1105_C.tif,prism/tmax_1105_C.tif,prism,61.83,2025-05-15T01:20:04Z,processed,FALSE,GeoTIFF raster
/Users/cjtinant/Documents/Rprojects_not-class/FFA_regional-skew/data/processed/prism/tmax_1106_C.tif,file, 59.03M,rw-r--r--,2025-05-15T01:20:04Z,cjtinant,staff,16777234,1,0,209554048,4096,120904,64,0,2025-07-20T11:03:43Z,2025-07-14T21:39:01Z,2025-05-15T01:20:04Z,tif,tmax_1106_C.tif,prism/tmax_1106_C.tif,prism,61.9,2025-05-15T01:20:04Z,processed,FALSE,GeoTIFF raster
/Users/cjtinant/Documents/Rprojects_not-class/FFA_regional-skew/data/processed/prism/tmax_1107_C.tif,file, 59.1M,rw-r--r--,2025-05-15T01:20:05Z,cjtinant,staff,16777234,1,0,209554049,4096,121040,64,0,2025-07-20T11:03:43Z,2025-07-14T21:39:16Z,2025-05-15T01:20:04Z,tif,tmax_1107_C.tif,prism/tmax_1107_C.tif,prism,61.97,2025-05-15T01:20:05Z,processed,FALSE,GeoTIFF raster
/Users/cjtinant/Documents/Rprojects_not-class/FFA_regional-skew/data/processed/prism/tmax_1108_C.tif,file, 59.17M,rw-r--r--,2025-05-15T01:20:05Z,cjtinant,staff,16777234,1,0,209554050,4096,121176,64,0,2025-07-20T11:03:43Z,2025-07-14T21:39:23Z,2025-05-15T01:20:05Z,tif,tmax_1108_C.tif,prism/tmax_1108_C.tif,prism,62.04,2025-05-15T01:20:05Z,processed,FALSE,GeoTIFF raster
/Users/cjtinant/Documents/Rprojects_not-class/FFA_regional-skew/data/processed/prism/tmax_1109_C.tif,file, 59.23M,rw-r--r--,2025-05-15T01:20:05Z,cjtinant,staff,16777234,1,0,209554051,4096,121312,64,0,2025-07-20T11:03:43Z,2025-07-14T21:39:33Z,2025-05-15T01:20:05Z,tif,tmax_1109_C.tif,prism/tmax_1109_C.tif,prism,62.11,2025-05-15T01:20:05Z,processed,FALSE,GeoTIFF raster
/Users/cjtinant/Documents/Rprojects_not-class/FFA_regional-skew/data/processed/prism/tmax_1110_C.tif,file, 59.28M,rw-r--r--,2025-05-15T01:20:05Z,cjtinant,staff,16777234,1,0,209554052,4096,121408,64,0,2025-07-20T11:03:43Z,2025-07-14T21:39:43Z,2025-05-15T01:20:05Z,tif,tmax_1110_C.tif,prism/tmax_1110_C.tif,prism,62.16,2025-05-15T01:20:05Z,processed,FALSE,GeoTIFF raster
/Users/cjtinant/Documents/Rprojects_not-class/FFA_regional-skew/data/processed/prism/tmax_1111_C.tif,file, 59.34M,rw-r--r--,2025-05-15T01:20:05Z,cjtinant,staff,16777234,1,0,209554053,4096,121528,64,0,2025-07-20T11:03:43Z,2025-07-14T21:39:51Z,2025-05-15T01:20:05Z,tif,tmax_1111_C.tif,prism/tmax_1111_C.tif,prism,62.22,2025-05-15T01:20:05Z,processed,FALSE,GeoTIFF raster
/Users/cjtinant/Documents/Rprojects_not-class/FFA_regional-skew/data/processed/prism/tmax_1112_C.tif,file, 59.38M,rw-r--r--,2025-05-15T01:20:05Z,cjtinant,staff,16777234,1,0,209554054,4096,121624,64,0,2025-07-20T11:03:43Z,2025-07-14T21:39:58Z,2025-05-15T01:20:05Z,tif,tmax_1112_C.tif,prism/tmax_1112_C.tif,prism,62.27,2025-05-15T01:20:05Z,processed,FALSE,GeoTIFF raster
/Users/cjtinant/Documents/Rprojects_not-class/FFA_regional-skew/data/processed/prism/tmax_1113_C.tif,file, 59.43M,rw-r--r--,2025-05-15T01:20:05Z,cjtinant,staff,16777234,1,0,209554055,4096,121720,64,0,2025-07-20T11:03:43Z,2025-07-14T21:40:04Z,2025-05-15T01:20:05Z,tif,tmax_1113_C.tif,prism/tmax_1113_C.tif,prism,62.32,2025-05-15T01:20:05Z,processed,FALSE,GeoTIFF raster
/Users/cjtinant/Documents/Rprojects_not-class/FFA_regional-skew/data/processed/prism/tmax_1114_C.tif,file, 59.49M,rw-r--r--,2025-05-15T01:20:05Z,cjtinant,staff,16777234,1,0,209554056,4096,121832,64,0,2025-07-20T11:03:43Z,2025-07-14T21:40:14Z,2025-05-15T01:20:05Z,tif,tmax_1114_C.tif,prism/tmax_1114_C.tif,prism,62.38,2025-05-15T01:20:05Z,processed,FALSE,GeoTIFF raster
/Users/cjtinant/Documents/Rprojects_not-class/FFA_regional-skew/data/processed/prism/tmax_1115_C.tif,file, 59.55M,rw-r--r--,2025-05-15T01:20:05Z,cjtinant,staff,16777234,1,0,209554057,4096,121968,64,0,2025-07-20T11:03:43Z,2025-07-14T21:40:25Z,2025-05-15T01:20:05Z,tif,tmax_1115_C.tif,prism/tmax_1115_C.tif,prism,62.45,2025-05-15T01:20:05Z,processed,FALSE,GeoTIFF raster
/Users/cjtinant/Documents/Rprojects_not-class/FFA_regional-skew/data/processed/prism/tmax_1116_C.tif,file, 59.63M,rw-r--r--,2025-05-15T01:20:05Z,cjtinant,staff,16777234,1,0,209554058,4096,122120,64,0,2025-07-20T11:03:43Z,2025-07-14T21:40:36Z,2025-05-15T01:20:05Z,tif,tmax_1116_C.tif,prism/tmax_1116_C.tif,prism,62.52,2025-05-15T01:20:05Z,processed,FALSE,GeoTIFF raster
/Users/cjtinant/Documents/Rprojects_not-class/FFA_regional-skew/data/processed/prism/tmax_1117_C.tif,file, 59.72M,rw-r--r--,2025-05-15T01:20:05Z,cjtinant,staff,16777234,1,0,209554059,4096,122304,64,0,2025-07-20T11:03:43Z,2025-07-14T21:40:44Z,2025-05-15T01:20:05Z,tif,tmax_1117_C.tif,prism/tmax_1117_C.tif,prism,62.62,2025-05-15T01:20:05Z,processed,FALSE,GeoTIFF raster
/Users/cjtinant/Documents/Rprojects_not-class/FFA_regional-skew/data/processed/prism/tmax_1118_C.tif,file, 59.8M,rw-r--r--,2025-05-15T01:20:05Z,cjtinant,staff,16777234,1,0,209554060,4096,122480,64,0,2025-07-20T11:03:43Z,2025-07-14T21:40:52Z,2025-05-15T01:20:05Z,tif,tmax_1118_C.tif,prism/tmax_1118_C.tif,prism,62.71,2025-05-15T01:20:05Z,processed,FALSE,GeoTIFF raster
/Users/cjtinant/Documents/Rprojects_not-class/FFA_regional-skew/data/processed/prism/tmax_1119_C.tif,file, 59.89M,rw-r--r--,2025-05-15T01:20:05Z,cjtinant,staff,16777234,1,0,209554061,4096,122664,64,0,2025-07-20T11:03:43Z,2025-07-14T21:41:00Z,2025-05-15T01:20:05Z,tif,tmax_1119_C.tif,prism/tmax_1119_C.tif,prism,62.8,2025-05-15T01:20:05Z,processed,FALSE,GeoTIFF raster
/Users/cjtinant/Documents/Rprojects_not-class/FFA_regional-skew/data/processed/prism/tmax_1120_C.tif,file, 59.99M,rw-r--r--,2025-05-15T01:20:05Z,cjtinant,staff,16777234,1,0,209554062,4096,122856,64,0,2025-07-20T11:03:43Z,2025-07-14T21:41:08Z,2025-05-15T01:20:05Z,tif,tmax_1120_C.tif,prism/tmax_1120_C.tif,prism,62.9,2025-05-15T01:20:05Z,processed,FALSE,GeoTIFF raster
/Users/cjtinant/Documents/Rprojects_not-class/FFA_regional-skew/data/processed/prism/tmax_1121_C.tif,file, 60.06M,rw-r--r--,2025-05-15T01:20:05Z,cjtinant,staff,16777234,1,0,209554063,4096,123008,64,0,2025-07-20T11:03:43Z,2025-07-14T21:41:16Z,2025-05-15T01:20:05Z,tif,tmax_1121_C.tif,prism/tmax_1121_C.tif,prism,62.98,2025-05-15T01:20:05Z,processed,FALSE,GeoTIFF raster
/Users/cjtinant/Documents/Rprojects_not-class/FFA_regional-skew/data/processed/prism/tmax_1122_C.tif,file, 60.14M,rw-r--r--,2025-05-15T01:20:05Z,cjtinant,staff,16777234,1,0,209554064,4096,123160,64,0,2025-07-20T12:22:52Z,2025-07-14T21:41:24Z,2025-05-15T01:20:05Z,tif,tmax_1122_C.tif,prism/tmax_1122_C.tif,prism,63.06,2025-05-15T01:20:05Z,processed,FALSE,GeoTIFF raster
/Users/cjtinant/Documents/Rprojects_not-class/FFA_regional-skew/data/processed/prism/tmax_1123_C.tif,file, 60.22M,rw-r--r--,2025-05-15T01:20:05Z,cjtinant,staff,16777234,1,0,209554065,4096,123328,64,0,2025-07-20T12:22:52Z,2025-07-14T21:41:34Z,2025-05-15T01:20:05Z,tif,tmax_1123_C.tif,prism/tmax_1123_C.tif,prism,63.14,2025-05-15T01:20:05Z,processed,FALSE,GeoTIFF raster
/Users/cjtinant/Documents/Rprojects_not-class/FFA_regional-skew/data/processed/prism/tmax_1124_C.tif,file, 60.29M,rw-r--r--,2025-05-15T01:20:05Z,cjtinant,staff,16777234,1,0,209554066,4096,123488,64,0,2025-07-20T12:22:52Z,2025-07-14T21:41:43Z,2025-05-15T01:20:05Z,tif,tmax_1124_C.tif,prism/tmax_1124_C.tif,prism,63.22,2025-05-15T01:20:05Z,processed,FALSE,GeoTIFF raster
/Users/cjtinant/Documents/Rprojects_not-class/FFA_regional-skew/data/processed/prism/tmax_1125_C.tif,file, 60.39M,rw-r--r--,2025-05-15T01:20:05Z,cjtinant,staff,16777234,1,0,209554067,4096,123680,64,0,2025-07-20T12:22:52Z,2025-07-14T21:41:54Z,2025-05-15T01:20:05Z,tif,tmax_1125_C.tif,prism/tmax_1125_C.tif,prism,63.32,2025-05-15T01:20:05Z,processed,FALSE,GeoTIFF raster
/Users/cjtinant/Documents/Rprojects_not-class/FFA_regional-skew/data/processed/prism/tmax_1126_C.tif,file, 60.49M,rw-r--r--,2025-05-15T01:20:06Z,cjtinant,staff,16777234,1,0,209554068,4096,123888,64,0,2025-07-20T12:22:52Z,2025-07-14T21:42:10Z,2025-05-15T01:20:05Z,tif,tmax_1126_C.tif,prism/tmax_1126_C.tif,prism,63.43,2025-05-15T01:20:06Z,processed,FALSE,GeoTIFF raster
/Users/cjtinant/Documents/Rprojects_not-class/FFA_regional-skew/data/processed/prism/tmax_1127_C.tif,file, 60.6M,rw-r--r--,2025-05-15T01:20:06Z,cjtinant,staff,16777234,1,0,209554069,4096,124112,64,0,2025-07-15T04:38:27Z,2025-07-14T21:42:22Z,2025-05-15T01:20:06Z,tif,tmax_1127_C.tif,prism/tmax_1127_C.tif,prism,63.54,2025-05-15T01:20:06Z,processed,FALSE,GeoTIFF raster
/Users/cjtinant/Documents/Rprojects_not-class/FFA_regional-skew/data/processed/prism/tmax_1128_C.tif,file, 60.72M,rw-r--r--,2025-05-15T01:20:06Z,cjtinant,staff,16777234,1,0,209554070,4096,124368,64,0,2025-07-20T12:22:52Z,2025-07-14T21:42:31Z,2025-05-15T01:20:06Z,tif,tmax_1128_C.tif,prism/tmax_1128_C.tif,prism,63.67,2025-05-15T01:20:06Z,processed,FALSE,GeoTIFF raster
/Users/cjtinant/Documents/Rprojects_not-class/FFA_regional-skew/data/processed/prism/tmax_1129_C.tif,file, 60.83M,rw-r--r--,2025-05-15T01:20:06Z,cjtinant,staff,16777234,1,0,209554071,4096,124584,64,0,2025-07-20T12:22:52Z,2025-07-14T21:42:39Z,2025-05-15T01:20:06Z,tif,tmax_1129_C.tif,prism/tmax_1129_C.tif,prism,63.79,2025-05-15T01:20:06Z,processed,FALSE,GeoTIFF raster
/Users/cjtinant/Documents/Rprojects_not-class/FFA_regional-skew/data/processed/prism/tmax_1130_C.tif,file, 60.95M,rw-r--r--,2025-05-15T01:20:06Z,cjtinant,staff,16777234,1,0,209554072,4096,124824,64,0,2025-07-15T04:38:27Z,2025-07-14T21:42:52Z,2025-05-15T01:20:06Z,tif,tmax_1130_C.tif,prism/tmax_1130_C.tif,prism,63.91,2025-05-15T01:20:06Z,processed,FALSE,GeoTIFF raster
/Users/cjtinant/Documents/Rprojects_not-class/FFA_regional-skew/data/processed/prism/tmax_1201_C.tif,file, 61.06M,rw-r--r--,2025-05-15T01:20:06Z,cjtinant,staff,16777234,1,0,209554073,4096,125064,64,0,2025-07-14T22:56:47Z,2025-07-14T21:43:08Z,2025-05-15T01:20:06Z,tif,tmax_1201_C.tif,prism/tmax_1201_C.tif,prism,64.03,2025-05-15T01:20:06Z,processed,FALSE,GeoTIFF raster
/Users/cjtinant/Documents/Rprojects_not-class/FFA_regional-skew/data/processed/prism/tmax_1202_C.tif,file, 61.15M,rw-r--r--,2025-05-15T01:20:06Z,cjtinant,staff,16777234,1,0,209554074,4096,125248,64,0,2025-07-15T04:38:27Z,2025-07-14T21:43:19Z,2025-05-15T01:20:06Z,tif,tmax_1202_C.tif,prism/tmax_1202_C.tif,prism,64.12,2025-05-15T01:20:06Z,processed,FALSE,GeoTIFF raster
/Users/cjtinant/Documents/Rprojects_not-class/FFA_regional-skew/data/processed/prism/tmax_1203_C.tif,file, 61.24M,rw-r--r--,2025-05-15T01:20:06Z,cjtinant,staff,16777234,1,0,209554075,4096,125424,64,0,2025-07-15T00:08:37Z,2025-07-14T21:43:32Z,2025-05-15T01:20:06Z,tif,tmax_1203_C.tif,prism/tmax_1203_C.tif,prism,64.22,2025-05-15T01:20:06Z,processed,FALSE,GeoTIFF raster
/Users/cjtinant/Documents/Rprojects_not-class/FFA_regional-skew/data/processed/prism/tmax_1204_C.tif,file, 61.33M,rw-r--r--,2025-05-15T01:20:06Z,cjtinant,staff,16777234,1,0,209554076,4096,125600,64,0,2025-07-15T04:38:27Z,2025-07-14T21:43:44Z,2025-05-15T01:20:06Z,tif,tmax_1204_C.tif,prism/tmax_1204_C.tif,prism,64.3,2025-05-15T01:20:06Z,processed,FALSE,GeoTIFF raster
/Users/cjtinant/Documents/Rprojects_not-class/FFA_regional-skew/data/processed/prism/tmax_1205_C.tif,file, 61.38M,rw-r--r--,2025-05-15T01:20:06Z,cjtinant,staff,16777234,1,0,209554077,4096,125720,64,0,2025-07-15T04:38:27Z,2025-07-14T21:43:54Z,2025-05-15T01:20:06Z,tif,tmax_1205_C.tif,prism/tmax_1205_C.tif,prism,64.37,2025-05-15T01:20:06Z,processed,FALSE,GeoTIFF raster
/Users/cjtinant/Documents/Rprojects_not-class/FFA_regional-skew/data/processed/prism/tmax_1206_C.tif,file, 61.44M,rw-r--r--,2025-05-15T01:20:06Z,cjtinant,staff,16777234,1,0,209554078,4096,125832,64,0,2025-07-18T04:48:29Z,2025-07-14T21:44:04Z,2025-05-15T01:20:06Z,tif,tmax_1206_C.tif,prism/tmax_1206_C.tif,prism,64.42,2025-05-15T01:20:06Z,processed,FALSE,GeoTIFF raster
/Users/cjtinant/Documents/Rprojects_not-class/FFA_regional-skew/data/processed/prism/tmax_1207_C.tif,file, 61.49M,rw-r--r--,2025-05-15T01:20:06Z,cjtinant,staff,16777234,1,0,209554079,4096,125928,64,0,2025-07-18T04:48:29Z,2025-07-14T21:44:06Z,2025-05-15T01:20:06Z,tif,tmax_1207_C.tif,prism/tmax_1207_C.tif,prism,64.47,2025-05-15T01:20:06Z,processed,FALSE,GeoTIFF raster
/Users/cjtinant/Documents/Rprojects_not-class/FFA_regional-skew/data/processed/prism/tmax_1208_C.tif,file, 61.54M,rw-r--r--,2025-05-15T01:20:06Z,cjtinant,staff,16777234,1,0,209554080,4096,126040,64,0,2025-07-18T04:48:29Z,2025-07-14T21:44:15Z,2025-05-15T01:20:06Z,tif,tmax_1208_C.tif,prism/tmax_1208_C.tif,prism,64.53,2025-05-15T01:20:06Z,processed,FALSE,GeoTIFF raster
/Users/cjtinant/Documents/Rprojects_not-class/FFA_regional-skew/data/processed/prism/tmax_1209_C.tif,file, 61.6M,rw-r--r--,2025-05-15T01:20:06Z,cjtinant,staff,16777234,1,0,209554081,4096,126168,64,0,2025-07-18T04:48:29Z,2025-07-14T21:44:25Z,2025-05-15T01:20:06Z,tif,tmax_1209_C.tif,prism/tmax_1209_C.tif,prism,64.59,2025-05-15T01:20:06Z,processed,FALSE,GeoTIFF raster
/Users/cjtinant/Documents/Rprojects_not-class/FFA_regional-skew/data/processed/prism/tmax_1210_C.tif,file, 61.68M,rw-r--r--,2025-05-15T01:20:06Z,cjtinant,staff,16777234,1,0,209554082,4096,126320,64,0,2025-07-18T04:48:29Z,2025-07-14T21:44:34Z,2025-05-15T01:20:06Z,tif,tmax_1210_C.tif,prism/tmax_1210_C.tif,prism,64.67,2025-05-15T01:20:06Z,processed,FALSE,GeoTIFF raster
/Users/cjtinant/Documents/Rprojects_not-class/FFA_regional-skew/data/processed/prism/tmax_1211_C.tif,file, 61.75M,rw-r--r--,2025-05-15T01:20:06Z,cjtinant,staff,16777234,1,0,209554083,4096,126456,64,0,2025-07-18T04:48:29Z,2025-07-14T21:44:43Z,2025-05-15T01:20:06Z,tif,tmax_1211_C.tif,prism/tmax_1211_C.tif,prism,64.74,2025-05-15T01:20:06Z,processed,FALSE,GeoTIFF raster
/Users/cjtinant/Documents/Rprojects_not-class/FFA_regional-skew/data/processed/prism/tmax_1212_C.tif,file, 61.8M,rw-r--r--,2025-05-15T01:20:06Z,cjtinant,staff,16777234,1,0,209554084,4096,126568,64,0,2025-07-18T04:48:29Z,2025-07-14T21:44:53Z,2025-05-15T01:20:06Z,tif,tmax_1212_C.tif,prism/tmax_1212_C.tif,prism,64.8,2025-05-15T01:20:06Z,processed,FALSE,GeoTIFF raster
/Users/cjtinant/Documents/Rprojects_not-class/FFA_regional-skew/data/processed/prism/tmax_1213_C.tif,file, 61.83M,rw-r--r--,2025-05-15T01:20:06Z,cjtinant,staff,16777234,1,0,209554085,4096,126640,64,0,2025-07-18T04:48:29Z,2025-07-14T21:45:07Z,2025-05-15T01:20:06Z,tif,tmax_1213_C.tif,prism/tmax_1213_C.tif,prism,64.84,2025-05-15T01:20:06Z,processed,FALSE,GeoTIFF raster
/Users/cjtinant/Documents/Rprojects_not-class/FFA_regional-skew/data/processed/prism/tmax_1214_C.tif,file, 61.87M,rw-r--r--,2025-05-15T01:20:06Z,cjtinant,staff,16777234,1,0,209554086,4096,126712,64,0,2025-07-18T04:48:29Z,2025-07-14T21:45:18Z,2025-05-15T01:20:06Z,tif,tmax_1214_C.tif,prism/tmax_1214_C.tif,prism,64.88,2025-05-15T01:20:06Z,processed,FALSE,GeoTIFF raster
/Users/cjtinant/Documents/Rprojects_not-class/FFA_regional-skew/data/processed/prism/tmax_1215_C.tif,file, 61.9M,rw-r--r--,2025-05-15T01:20:07Z,cjtinant,staff,16777234,1,0,209554087,4096,126784,64,0,2025-07-18T04:48:29Z,2025-07-14T21:45:26Z,2025-05-15T01:20:06Z,tif,tmax_1215_C.tif,prism/tmax_1215_C.tif,prism,64.91,2025-05-15T01:20:07Z,processed,FALSE,GeoTIFF raster
/Users/cjtinant/Documents/Rprojects_not-class/FFA_regional-skew/data/processed/prism/tmax_1216_C.tif,file, 61.94M,rw-r--r--,2025-05-15T01:20:07Z,cjtinant,staff,16777234,1,0,209554088,4096,126848,64,0,2025-07-18T04:48:29Z,2025-07-14T21:45:41Z,2025-05-15T01:20:07Z,tif,tmax_1216_C.tif,prism/tmax_1216_C.tif,prism,64.94,2025-05-15T01:20:07Z,processed,FALSE,GeoTIFF raster
/Users/cjtinant/Documents/Rprojects_not-class/FFA_regional-skew/data/processed/prism/tmax_1217_C.tif,file, 61.97M,rw-r--r--,2025-05-15T01:20:07Z,cjtinant,staff,16777234,1,0,209554089,4096,126920,64,0,2025-07-20T04:30:54Z,2025-07-14T21:45:51Z,2025-05-15T01:20:07Z,tif,tmax_1217_C.tif,prism/tmax_1217_C.tif,prism,64.98,2025-05-15T01:20:07Z,processed,FALSE,GeoTIFF raster
/Users/cjtinant/Documents/Rprojects_not-class/FFA_regional-skew/data/processed/prism/tmax_1218_C.tif,file, 62.01M,rw-r--r--,2025-05-15T01:20:07Z,cjtinant,staff,16777234,1,0,209554090,4096,126992,64,0,2025-07-18T04:48:29Z,2025-07-14T21:46:02Z,2025-05-15T01:20:07Z,tif,tmax_1218_C.tif,prism/tmax_1218_C.tif,prism,65.02,2025-05-15T01:20:07Z,processed,FALSE,GeoTIFF raster
/Users/cjtinant/Documents/Rprojects_not-class/FFA_regional-skew/data/processed/prism/tmax_1219_C.tif,file, 62.04M,rw-r--r--,2025-05-15T01:20:07Z,cjtinant,staff,16777234,1,0,209554091,4096,127056,64,0,2025-07-18T04:48:29Z,2025-07-14T21:46:11Z,2025-05-15T01:20:07Z,tif,tmax_1219_C.tif,prism/tmax_1219_C.tif,prism,65.05,2025-05-15T01:20:07Z,processed,FALSE,GeoTIFF raster
/Users/cjtinant/Documents/Rprojects_not-class/FFA_regional-skew/data/processed/prism/tmax_1220_C.tif,file, 62.07M,rw-r--r--,2025-05-15T01:20:07Z,cjtinant,staff,16777234,1,0,209554092,4096,127120,64,0,2025-07-18T04:48:29Z,2025-07-14T21:46:21Z,2025-05-15T01:20:07Z,tif,tmax_1220_C.tif,prism/tmax_1220_C.tif,prism,65.08,2025-05-15T01:20:07Z,processed,FALSE,GeoTIFF raster
/Users/cjtinant/Documents/Rprojects_not-class/FFA_regional-skew/data/processed/prism/tmax_1221_C.tif,file, 62.1M,rw-r--r--,2025-05-15T01:20:07Z,cjtinant,staff,16777234,1,0,209554093,4096,127176,64,0,2025-07-18T04:48:29Z,2025-07-14T21:46:39Z,2025-05-15T01:20:07Z,tif,tmax_1221_C.tif,prism/tmax_1221_C.tif,prism,65.11,2025-05-15T01:20:07Z,processed,FALSE,GeoTIFF raster
/Users/cjtinant/Documents/Rprojects_not-class/FFA_regional-skew/data/processed/prism/tmax_1222_C.tif,file, 62.12M,rw-r--r--,2025-05-15T01:20:07Z,cjtinant,staff,16777234,1,0,209554094,4096,127224,64,0,2025-07-18T04:48:29Z,2025-07-14T21:46:51Z,2025-05-15T01:20:07Z,tif,tmax_1222_C.tif,prism/tmax_1222_C.tif,prism,65.13,2025-05-15T01:20:07Z,processed,FALSE,GeoTIFF raster
/Users/cjtinant/Documents/Rprojects_not-class/FFA_regional-skew/data/processed/prism/tmax_1223_C.tif,file, 62.13M,rw-r--r--,2025-05-15T01:20:07Z,cjtinant,staff,16777234,1,0,209554095,4096,127256,64,0,2025-07-18T04:48:29Z,2025-07-14T21:46:59Z,2025-05-15T01:20:07Z,tif,tmax_1223_C.tif,prism/tmax_1223_C.tif,prism,65.15,2025-05-15T01:20:07Z,processed,FALSE,GeoTIFF raster
/Users/cjtinant/Documents/Rprojects_not-class/FFA_regional-skew/data/processed/prism/tmax_1224_C.tif,file, 62.15M,rw-r--r--,2025-05-15T01:20:07Z,cjtinant,staff,16777234,1,0,209554096,4096,127288,64,0,2025-07-18T04:48:29Z,2025-07-14T21:47:16Z,2025-05-15T01:20:07Z,tif,tmax_1224_C.tif,prism/tmax_1224_C.tif,prism,65.17,2025-05-15T01:20:07Z,processed,FALSE,GeoTIFF raster
/Users/cjtinant/Documents/Rprojects_not-class/FFA_regional-skew/data/processed/prism/tmax_1225_C.tif,file, 62.17M,rw-r--r--,2025-05-15T01:20:07Z,cjtinant,staff,16777234,1,0,209554097,4096,127320,64,0,2025-07-18T04:48:29Z,2025-07-14T21:47:20Z,2025-05-15T01:20:07Z,tif,tmax_1225_C.tif,prism/tmax_1225_C.tif,prism,65.19,2025-05-15T01:20:07Z,processed,FALSE,GeoTIFF raster
/Users/cjtinant/Documents/Rprojects_not-class/FFA_regional-skew/data/processed/prism/tmax_1226_C.tif,file, 62.18M,rw-r--r--,2025-05-15T01:20:07Z,cjtinant,staff,16777234,1,0,209554098,4096,127344,64,0,2025-07-18T04:48:29Z,2025-07-14T21:47:34Z,2025-05-15T01:20:07Z,tif,tmax_1226_C.tif,prism/tmax_1226_C.tif,prism,65.2,2025-05-15T01:20:07Z,processed,FALSE,GeoTIFF raster
/Users/cjtinant/Documents/Rprojects_not-class/FFA_regional-skew/data/processed/prism/tmax_1227_C.tif,file, 62.19M,rw-r--r--,2025-05-15T01:20:07Z,cjtinant,staff,16777234,1,0,209554099,4096,127376,64,0,2025-07-18T04:48:29Z,2025-07-14T21:47:45Z,2025-05-15T01:20:07Z,tif,tmax_1227_C.tif,prism/tmax_1227_C.tif,prism,65.21,2025-05-15T01:20:07Z,processed,FALSE,GeoTIFF raster
/Users/cjtinant/Documents/Rprojects_not-class/FFA_regional-skew/data/processed/prism/tmax_1228_C.tif,file, 62.21M,rw-r--r--,2025-05-15T01:20:07Z,cjtinant,staff,16777234,1,0,209554101,4096,127400,64,0,2025-07-18T04:48:29Z,2025-07-14T21:47:56Z,2025-05-15T01:20:07Z,tif,tmax_1228_C.tif,prism/tmax_1228_C.tif,prism,65.23,2025-05-15T01:20:07Z,processed,FALSE,GeoTIFF raster
/Users/cjtinant/Documents/Rprojects_not-class/FFA_regional-skew/data/processed/prism/tmax_1229_C.tif,file, 62.22M,rw-r--r--,2025-05-15T01:20:07Z,cjtinant,staff,16777234,1,0,209554102,4096,127424,64,0,2025-07-18T04:48:29Z,2025-07-14T21:48:03Z,2025-05-15T01:20:07Z,tif,tmax_1229_C.tif,prism/tmax_1229_C.tif,prism,65.24,2025-05-15T01:20:07Z,processed,FALSE,GeoTIFF raster
/Users/cjtinant/Documents/Rprojects_not-class/FFA_regional-skew/data/processed/prism/tmax_1230_C.tif,file, 62.23M,rw-r--r--,2025-05-15T01:20:07Z,cjtinant,staff,16777234,1,0,209554103,4096,127448,64,0,2025-07-18T04:48:29Z,2025-07-14T21:48:12Z,2025-05-15T01:20:07Z,tif,tmax_1230_C.tif,prism/tmax_1230_C.tif,prism,65.25,2025-05-15T01:20:07Z,processed,FALSE,GeoTIFF raster
/Users/cjtinant/Documents/Rprojects_not-class/FFA_regional-skew/data/processed/prism/tmax_1231_C.tif,file, 62.24M,rw-r--r--,2025-05-15T01:20:07Z,cjtinant,staff,16777234,1,0,209554104,4096,127464,64,0,2025-07-18T04:48:29Z,2025-07-14T21:48:19Z,2025-05-15T01:20:07Z,tif,tmax_1231_C.tif,prism/tmax_1231_C.tif,prism,65.26,2025-05-15T01:20:07Z,processed,FALSE,GeoTIFF raster
/Users/cjtinant/Documents/Rprojects_not-class/FFA_regional-skew/data/processed/prism/tmin_0101_C.tif,file, 62.12M,rw-r--r--,2025-05-15T01:20:07Z,cjtinant,staff,16777234,1,0,209554105,4096,127224,64,0,2025-07-18T04:48:29Z,2025-07-14T21:48:25Z,2025-05-15T01:20:07Z,tif,tmin_0101_C.tif,prism/tmin_0101_C.tif,prism,65.14,2025-05-15T01:20:07Z,processed,FALSE,GeoTIFF raster
/Users/cjtinant/Documents/Rprojects_not-class/FFA_regional-skew/data/processed/prism/tmin_0102_C.tif,file, 62.11M,rw-r--r--,2025-05-15T01:20:07Z,cjtinant,staff,16777234,1,0,209554106,4096,127200,64,0,2025-07-18T04:48:29Z,2025-07-14T21:48:33Z,2025-05-15T01:20:07Z,tif,tmin_0102_C.tif,prism/tmin_0102_C.tif,prism,65.12,2025-05-15T01:20:07Z,processed,FALSE,GeoTIFF raster
/Users/cjtinant/Documents/Rprojects_not-class/FFA_regional-skew/data/processed/prism/tmin_0103_C.tif,file, 62.09M,rw-r--r--,2025-05-15T01:20:08Z,cjtinant,staff,16777234,1,0,209554108,4096,127176,64,0,2025-07-18T04:48:29Z,2025-07-14T21:48:38Z,2025-05-15T01:20:07Z,tif,tmin_0103_C.tif,prism/tmin_0103_C.tif,prism,65.11,2025-05-15T01:20:08Z,processed,FALSE,GeoTIFF raster
/Users/cjtinant/Documents/Rprojects_not-class/FFA_regional-skew/data/processed/prism/tmin_0104_C.tif,file, 62.09M,rw-r--r--,2025-05-15T01:20:08Z,cjtinant,staff,16777234,1,0,209554110,4096,127168,64,0,2025-07-18T04:48:29Z,2025-07-14T21:48:44Z,2025-05-15T01:20:08Z,tif,tmin_0104_C.tif,prism/tmin_0104_C.tif,prism,65.11,2025-05-15T01:20:08Z,processed,FALSE,GeoTIFF raster
/Users/cjtinant/Documents/Rprojects_not-class/FFA_regional-skew/data/processed/prism/tmin_0105_C.tif,file, 62.09M,rw-r--r--,2025-05-15T01:20:08Z,cjtinant,staff,16777234,1,0,209554111,4096,127160,64,0,2025-07-18T04:48:29Z,2025-07-14T21:48:52Z,2025-05-15T01:20:08Z,tif,tmin_0105_C.tif,prism/tmin_0105_C.tif,prism,65.1,2025-05-15T01:20:08Z,processed,FALSE,GeoTIFF raster
/Users/cjtinant/Documents/Rprojects_not-class/FFA_regional-skew/data/processed/prism/tmin_0106_C.tif,file, 62.08M,rw-r--r--,2025-05-15T01:20:08Z,cjtinant,staff,16777234,1,0,209554112,4096,127152,64,0,2025-07-18T04:48:29Z,2025-07-14T21:48:59Z,2025-05-15T01:20:08Z,tif,tmin_0106_C.tif,prism/tmin_0106_C.tif,prism,65.1,2025-05-15T01:20:08Z,processed,FALSE,GeoTIFF raster
/Users/cjtinant/Documents/Rprojects_not-class/FFA_regional-skew/data/processed/prism/tmin_0107_C.tif,file, 62.08M,rw-r--r--,2025-05-15T01:20:08Z,cjtinant,staff,16777234,1,0,209554113,4096,127136,64,0,2025-07-18T04:48:29Z,2025-07-14T21:49:09Z,2025-05-15T01:20:08Z,tif,tmin_0107_C.tif,prism/tmin_0107_C.tif,prism,65.09,2025-05-15T01:20:08Z,processed,FALSE,GeoTIFF raster
/Users/cjtinant/Documents/Rprojects_not-class/FFA_regional-skew/data/processed/prism/tmin_0108_C.tif,file, 62.07M,rw-r--r--,2025-05-15T01:20:08Z,cjtinant,staff,16777234,1,0,209554114,4096,127128,64,0,2025-07-18T04:48:29Z,2025-07-14T21:49:23Z,2025-05-15T01:20:08Z,tif,tmin_0108_C.tif,prism/tmin_0108_C.tif,prism,65.09,2025-05-15T01:20:08Z,processed,FALSE,GeoTIFF raster
/Users/cjtinant/Documents/Rprojects_not-class/FFA_regional-skew/data/processed/prism/tmin_0109_C.tif,file, 62.06M,rw-r--r--,2025-05-15T01:20:08Z,cjtinant,staff,16777234,1,0,209554115,4096,127112,64,0,2025-07-18T04:48:29Z,2025-07-14T21:49:37Z,2025-05-15T01:20:08Z,tif,tmin_0109_C.tif,prism/tmin_0109_C.tif,prism,65.08,2025-05-15T01:20:08Z,processed,FALSE,GeoTIFF raster
/Users/cjtinant/Documents/Rprojects_not-class/FFA_regional-skew/data/processed/prism/tmin_0110_C.tif,file, 62.05M,rw-r--r--,2025-05-15T01:20:08Z,cjtinant,staff,16777234,1,0,209554116,4096,127080,64,0,2025-07-18T04:48:29Z,2025-07-14T21:49:44Z,2025-05-15T01:20:08Z,tif,tmin_0110_C.tif,prism/tmin_0110_C.tif,prism,65.06,2025-05-15T01:20:08Z,processed,FALSE,GeoTIFF raster
/Users/cjtinant/Documents/Rprojects_not-class/FFA_regional-skew/data/processed/prism/tmin_0111_C.tif,file, 62.04M,rw-r--r--,2025-05-15T01:20:08Z,cjtinant,staff,16777234,1,0,209554117,4096,127072,64,0,2025-07-18T04:48:29Z,2025-07-14T21:49:55Z,2025-05-15T01:20:08Z,tif,tmin_0111_C.tif,prism/tmin_0111_C.tif,prism,65.06,2025-05-15T01:20:08Z,processed,FALSE,GeoTIFF raster
/Users/cjtinant/Documents/Rprojects_not-class/FFA_regional-skew/data/processed/prism/tmin_0112_C.tif,file, 62.03M,rw-r--r--,2025-05-15T01:20:08Z,cjtinant,staff,16777234,1,0,209554119,4096,127032,64,0,2025-07-18T04:48:29Z,2025-07-14T21:50:04Z,2025-05-15T01:20:08Z,tif,tmin_0112_C.tif,prism/tmin_0112_C.tif,prism,65.04,2025-05-15T01:20:08Z,processed,FALSE,GeoTIFF raster
/Users/cjtinant/Documents/Rprojects_not-class/FFA_regional-skew/data/processed/prism/tmin_0113_C.tif,file, 62.02M,rw-r--r--,2025-05-15T01:20:08Z,cjtinant,staff,16777234,1,0,209554120,4096,127016,64,0,2025-07-18T04:48:29Z,2025-07-14T21:50:16Z,2025-05-15T01:20:08Z,tif,tmin_0113_C.tif,prism/tmin_0113_C.tif,prism,65.03,2025-05-15T01:20:08Z,processed,FALSE,GeoTIFF raster
/Users/cjtinant/Documents/Rprojects_not-class/FFA_regional-skew/data/processed/prism/tmin_0114_C.tif,file, 62.01M,rw-r--r--,2025-05-15T01:20:08Z,cjtinant,staff,16777234,1,0,209554121,4096,126992,64,0,2025-07-18T04:48:29Z,2025-07-14T21:50:30Z,2025-05-15T01:20:08Z,tif,tmin_0114_C.tif,prism/tmin_0114_C.tif,prism,65.02,2025-05-15T01:20:08Z,processed,FALSE,GeoTIFF raster
/Users/cjtinant/Documents/Rprojects_not-class/FFA_regional-skew/data/processed/prism/tmin_0115_C.tif,file, 62M,rw-r--r--,2025-05-15T01:20:08Z,cjtinant,staff,16777234,1,0,209554122,4096,126976,64,0,2025-07-18T04:48:29Z,2025-07-14T21:50:43Z,2025-05-15T01:20:08Z,tif,tmin_0115_C.tif,prism/tmin_0115_C.tif,prism,65.01,2025-05-15T01:20:08Z,processed,FALSE,GeoTIFF raster
/Users/cjtinant/Documents/Rprojects_not-class/FFA_regional-skew/data/processed/prism/tmin_0116_C.tif,file, 61.99M,rw-r--r--,2025-05-15T01:20:08Z,cjtinant,staff,16777234,1,0,209554123,4096,126960,64,0,2025-07-18T04:48:29Z,2025-07-14T21:50:56Z,2025-05-15T01:20:08Z,tif,tmin_0116_C.tif,prism/tmin_0116_C.tif,prism,65,2025-05-15T01:20:08Z,processed,FALSE,GeoTIFF raster
/Users/cjtinant/Documents/Rprojects_not-class/FFA_regional-skew/data/processed/prism/tmin_0117_C.tif,file, 61.99M,rw-r--r--,2025-05-15T01:20:08Z,cjtinant,staff,16777234,1,0,209554124,4096,126952,64,0,2025-07-18T04:48:31Z,2025-07-14T21:51:06Z,2025-05-15T01:20:08Z,tif,tmin_0117_C.tif,prism/tmin_0117_C.tif,prism,65,2025-05-15T01:20:08Z,processed,FALSE,GeoTIFF raster
/Users/cjtinant/Documents/Rprojects_not-class/FFA_regional-skew/data/processed/prism/tmin_0118_C.tif,file, 61.98M,rw-r--r--,2025-05-15T01:20:08Z,cjtinant,staff,16777234,1,0,209554125,4096,126936,64,0,2025-07-18T04:48:31Z,2025-07-14T21:51:19Z,2025-05-15T01:20:08Z,tif,tmin_0118_C.tif,prism/tmin_0118_C.tif,prism,64.99,2025-05-15T01:20:08Z,processed,FALSE,GeoTIFF raster
/Users/cjtinant/Documents/Rprojects_not-class/FFA_regional-skew/data/processed/prism/tmin_0119_C.tif,file, 61.97M,rw-r--r--,2025-05-15T01:20:08Z,cjtinant,staff,16777234,1,0,209554126,4096,126912,64,0,2025-07-18T04:48:31Z,2025-07-14T21:51:29Z,2025-05-15T01:20:08Z,tif,tmin_0119_C.tif,prism/tmin_0119_C.tif,prism,64.98,2025-05-15T01:20:08Z,processed,FALSE,GeoTIFF raster
/Users/cjtinant/Documents/Rprojects_not-class/FFA_regional-skew/data/processed/prism/tmin_0120_C.tif,file, 61.95M,rw-r--r--,2025-05-15T01:20:08Z,cjtinant,staff,16777234,1,0,209554127,4096,126872,64,0,2025-07-20T04:30:54Z,2025-07-14T21:51:39Z,2025-05-15T01:20:08Z,tif,tmin_0120_C.tif,prism/tmin_0120_C.tif,prism,64.96,2025-05-15T01:20:08Z,processed,FALSE,GeoTIFF raster
/Users/cjtinant/Documents/Rprojects_not-class/FFA_regional-skew/data/processed/prism/tmin_0121_C.tif,file, 61.94M,rw-r--r--,2025-05-15T01:20:09Z,cjtinant,staff,16777234,1,0,209554128,4096,126856,64,0,2025-07-18T04:48:31Z,2025-07-14T21:51:47Z,2025-05-15T01:20:08Z,tif,tmin_0121_C.tif,prism/tmin_0121_C.tif,prism,64.95,2025-05-15T01:20:09Z,processed,FALSE,GeoTIFF raster
/Users/cjtinant/Documents/Rprojects_not-class/FFA_regional-skew/data/processed/prism/tmin_0122_C.tif,file, 61.94M,rw-r--r--,2025-05-15T01:20:09Z,cjtinant,staff,16777234,1,0,209554129,4096,126848,64,0,2025-07-18T04:48:31Z,2025-07-14T21:51:59Z,2025-05-15T01:20:09Z,tif,tmin_0122_C.tif,prism/tmin_0122_C.tif,prism,64.95,2025-05-15T01:20:09Z,processed,FALSE,GeoTIFF raster
/Users/cjtinant/Documents/Rprojects_not-class/FFA_regional-skew/data/processed/prism/tmin_0123_C.tif,file, 61.94M,rw-r--r--,2025-05-15T01:20:09Z,cjtinant,staff,16777234,1,0,209554130,4096,126856,64,0,2025-07-18T04:48:31Z,2025-07-14T21:52:10Z,2025-05-15T01:20:09Z,tif,tmin_0123_C.tif,prism/tmin_0123_C.tif,prism,64.95,2025-05-15T01:20:09Z,processed,FALSE,GeoTIFF raster
/Users/cjtinant/Documents/Rprojects_not-class/FFA_regional-skew/data/processed/prism/tmin_0124_C.tif,file, 61.95M,rw-r--r--,2025-05-15T01:20:09Z,cjtinant,staff,16777234,1,0,209554131,4096,126864,64,0,2025-07-18T04:48:31Z,2025-07-14T21:52:22Z,2025-05-15T01:20:09Z,tif,tmin_0124_C.tif,prism/tmin_0124_C.tif,prism,64.95,2025-05-15T01:20:09Z,processed,FALSE,GeoTIFF raster
/Users/cjtinant/Documents/Rprojects_not-class/FFA_regional-skew/data/processed/prism/tmin_0125_C.tif,file, 61.95M,rw-r--r--,2025-05-15T01:20:09Z,cjtinant,staff,16777234,1,0,209554132,4096,126880,64,0,2025-07-18T04:48:31Z,2025-07-14T21:52:32Z,2025-05-15T01:20:09Z,tif,tmin_0125_C.tif,prism/tmin_0125_C.tif,prism,64.96,2025-05-15T01:20:09Z,processed,FALSE,GeoTIFF raster
/Users/cjtinant/Documents/Rprojects_not-class/FFA_regional-skew/data/processed/prism/tmin_0126_C.tif,file, 61.96M,rw-r--r--,2025-05-15T01:20:09Z,cjtinant,staff,16777234,1,0,209554133,4096,126904,64,0,2025-07-18T04:48:31Z,2025-07-14T21:52:43Z,2025-05-15T01:20:09Z,tif,tmin_0126_C.tif,prism/tmin_0126_C.tif,prism,64.97,2025-05-15T01:20:09Z,processed,FALSE,GeoTIFF raster
/Users/cjtinant/Documents/Rprojects_not-class/FFA_regional-skew/data/processed/prism/tmin_0127_C.tif,file, 61.97M,rw-r--r--,2025-05-15T01:20:09Z,cjtinant,staff,16777234,1,0,209554134,4096,126920,64,0,2025-07-20T04:30:53Z,2025-07-14T21:52:51Z,2025-05-15T01:20:09Z,tif,tmin_0127_C.tif,prism/tmin_0127_C.tif,prism,64.98,2025-05-15T01:20:09Z,processed,FALSE,GeoTIFF raster
/Users/cjtinant/Documents/Rprojects_not-class/FFA_regional-skew/data/processed/prism/tmin_0128_C.tif,file, 61.98M,rw-r--r--,2025-05-15T01:20:09Z,cjtinant,staff,16777234,1,0,209554135,4096,126944,64,0,2025-07-18T04:48:31Z,2025-07-14T21:52:59Z,2025-05-15T01:20:09Z,tif,tmin_0128_C.tif,prism/tmin_0128_C.tif,prism,64.99,2025-05-15T01:20:09Z,processed,FALSE,GeoTIFF raster
/Users/cjtinant/Documents/Rprojects_not-class/FFA_regional-skew/data/processed/prism/tmin_0129_C.tif,file, 62M,rw-r--r--,2025-05-15T01:20:09Z,cjtinant,staff,16777234,1,0,209554136,4096,126976,64,0,2025-07-18T04:48:31Z,2025-07-14T21:53:09Z,2025-05-15T01:20:09Z,tif,tmin_0129_C.tif,prism/tmin_0129_C.tif,prism,65.01,2025-05-15T01:20:09Z,processed,FALSE,GeoTIFF raster
/Users/cjtinant/Documents/Rprojects_not-class/FFA_regional-skew/data/processed/prism/tmin_0130_C.tif,file, 62.01M,rw-r--r--,2025-05-15T01:20:09Z,cjtinant,staff,16777234,1,0,209554137,4096,127000,64,0,2025-07-20T04:30:54Z,2025-07-14T21:53:22Z,2025-05-15T01:20:09Z,tif,tmin_0130_C.tif,prism/tmin_0130_C.tif,prism,65.02,2025-05-15T01:20:09Z,processed,FALSE,GeoTIFF raster
/Users/cjtinant/Documents/Rprojects_not-class/FFA_regional-skew/data/processed/prism/tmin_0131_C.tif,file, 62.03M,rw-r--r--,2025-05-15T01:20:09Z,cjtinant,staff,16777234,1,0,209554138,4096,127032,64,0,2025-07-18T04:48:31Z,2025-07-14T21:53:44Z,2025-05-15T01:20:09Z,tif,tmin_0131_C.tif,prism/tmin_0131_C.tif,prism,65.04,2025-05-15T01:20:09Z,processed,FALSE,GeoTIFF raster
/Users/cjtinant/Documents/Rprojects_not-class/FFA_regional-skew/data/processed/prism/tmin_0201_C.tif,file, 62.04M,rw-r--r--,2025-05-15T01:20:09Z,cjtinant,staff,16777234,1,0,209554139,4096,127056,64,0,2025-07-18T04:48:31Z,2025-07-14T21:53:53Z,2025-05-15T01:20:09Z,tif,tmin_0201_C.tif,prism/tmin_0201_C.tif,prism,65.05,2025-05-15T01:20:09Z,processed,FALSE,GeoTIFF raster
/Users/cjtinant/Documents/Rprojects_not-class/FFA_regional-skew/data/processed/prism/tmin_0202_C.tif,file, 62.05M,rw-r--r--,2025-05-15T01:20:09Z,cjtinant,staff,16777234,1,0,209554140,4096,127088,64,0,2025-07-20T04:30:53Z,2025-07-14T21:54:06Z,2025-05-15T01:20:09Z,tif,tmin_0202_C.tif,prism/tmin_0202_C.tif,prism,65.07,2025-05-15T01:20:09Z,processed,FALSE,GeoTIFF raster
/Users/cjtinant/Documents/Rprojects_not-class/FFA_regional-skew/data/processed/prism/tmin_0203_C.tif,file, 62.05M,rw-r--r--,2025-05-15T01:20:09Z,cjtinant,staff,16777234,1,0,209554141,4096,127088,64,0,2025-07-20T04:30:54Z,2025-07-14T21:54:19Z,2025-05-15T01:20:09Z,tif,tmin_0203_C.tif,prism/tmin_0203_C.tif,prism,65.07,2025-05-15T01:20:09Z,processed,FALSE,GeoTIFF raster
/Users/cjtinant/Documents/Rprojects_not-class/FFA_regional-skew/data/processed/prism/tmin_0204_C.tif,file, 62.06M,rw-r--r--,2025-05-15T01:20:09Z,cjtinant,staff,16777234,1,0,209554144,4096,127096,64,0,2025-07-20T04:30:53Z,2025-07-14T21:54:29Z,2025-05-15T01:20:09Z,tif,tmin_0204_C.tif,prism/tmin_0204_C.tif,prism,65.07,2025-05-15T01:20:09Z,processed,FALSE,GeoTIFF raster
/Users/cjtinant/Documents/Rprojects_not-class/FFA_regional-skew/data/processed/prism/tmin_0205_C.tif,file, 62.06M,rw-r--r--,2025-05-15T01:20:09Z,cjtinant,staff,16777234,1,0,209554145,4096,127096,64,0,2025-07-20T04:30:54Z,2025-07-14T21:54:36Z,2025-05-15T01:20:09Z,tif,tmin_0205_C.tif,prism/tmin_0205_C.tif,prism,65.07,2025-05-15T01:20:09Z,processed,FALSE,GeoTIFF raster
/Users/cjtinant/Documents/Rprojects_not-class/FFA_regional-skew/data/processed/prism/tmin_0206_C.tif,file, 62.05M,rw-r--r--,2025-05-15T01:20:09Z,cjtinant,staff,16777234,1,0,209554146,4096,127080,64,0,2025-07-20T04:30:53Z,2025-07-14T21:54:49Z,2025-05-15T01:20:09Z,tif,tmin_0206_C.tif,prism/tmin_0206_C.tif,prism,65.06,2025-05-15T01:20:09Z,processed,FALSE,GeoTIFF raster
/Users/cjtinant/Documents/Rprojects_not-class/FFA_regional-skew/data/processed/prism/tmin_0207_C.tif,file, 62.05M,rw-r--r--,2025-05-15T01:20:09Z,cjtinant,staff,16777234,1,0,209554147,4096,127088,64,0,2025-07-20T04:30:54Z,2025-07-14T21:54:59Z,2025-05-15T01:20:09Z,tif,tmin_0207_C.tif,prism/tmin_0207_C.tif,prism,65.07,2025-05-15T01:20:09Z,processed,FALSE,GeoTIFF raster
/Users/cjtinant/Documents/Rprojects_not-class/FFA_regional-skew/data/processed/prism/tmin_0208_C.tif,file, 62.06M,rw-r--r--,2025-05-15T01:20:10Z,cjtinant,staff,16777234,1,0,209554148,4096,127096,64,0,2025-07-20T04:30:54Z,2025-07-14T21:55:04Z,2025-05-15T01:20:09Z,tif,tmin_0208_C.tif,prism/tmin_0208_C.tif,prism,65.07,2025-05-15T01:20:10Z,processed,FALSE,GeoTIFF raster
/Users/cjtinant/Documents/Rprojects_not-class/FFA_regional-skew/data/processed/prism/tmin_0209_C.tif,file, 62.05M,rw-r--r--,2025-05-15T01:20:10Z,cjtinant,staff,16777234,1,0,209554149,4096,127088,64,0,2025-07-18T04:48:31Z,2025-07-14T21:55:14Z,2025-05-15T01:20:10Z,tif,tmin_0209_C.tif,prism/tmin_0209_C.tif,prism,65.07,2025-05-15T01:20:10Z,processed,FALSE,GeoTIFF raster
/Users/cjtinant/Documents/Rprojects_not-class/FFA_regional-skew/data/processed/prism/tmin_0210_C.tif,file, 62.05M,rw-r--r--,2025-05-15T01:20:10Z,cjtinant,staff,16777234,1,0,209554150,4096,127072,64,0,2025-07-18T04:48:31Z,2025-07-14T21:55:24Z,2025-05-15T01:20:10Z,tif,tmin_0210_C.tif,prism/tmin_0210_C.tif,prism,65.06,2025-05-15T01:20:10Z,processed,FALSE,GeoTIFF raster
/Users/cjtinant/Documents/Rprojects_not-class/FFA_regional-skew/data/processed/prism/tmin_0211_C.tif,file, 62.04M,rw-r--r--,2025-05-15T01:20:10Z,cjtinant,staff,16777234,1,0,209554151,4096,127064,64,0,2025-07-18T04:48:31Z,2025-07-14T21:55:34Z,2025-05-15T01:20:10Z,tif,tmin_0211_C.tif,prism/tmin_0211_C.tif,prism,65.06,2025-05-15T01:20:10Z,processed,FALSE,GeoTIFF raster
/Users/cjtinant/Documents/Rprojects_not-class/FFA_regional-skew/data/processed/prism/tmin_0212_C.tif,file, 62.04M,rw-r--r--,2025-05-15T01:20:10Z,cjtinant,staff,16777234,1,0,209554152,4096,127064,64,0,2025-07-18T04:48:31Z,2025-07-14T21:55:44Z,2025-05-15T01:20:10Z,tif,tmin_0212_C.tif,prism/tmin_0212_C.tif,prism,65.05,2025-05-15T01:20:10Z,processed,FALSE,GeoTIFF raster
/Users/cjtinant/Documents/Rprojects_not-class/FFA_regional-skew/data/processed/prism/tmin_0213_C.tif,file, 62.04M,rw-r--r--,2025-05-15T01:20:10Z,cjtinant,staff,16777234,1,0,209554153,4096,127064,64,0,2025-07-18T04:48:31Z,2025-07-14T21:55:59Z,2025-05-15T01:20:10Z,tif,tmin_0213_C.tif,prism/tmin_0213_C.tif,prism,65.05,2025-05-15T01:20:10Z,processed,FALSE,GeoTIFF raster
/Users/cjtinant/Documents/Rprojects_not-class/FFA_regional-skew/data/processed/prism/tmin_0214_C.tif,file, 62.04M,rw-r--r--,2025-05-15T01:20:10Z,cjtinant,staff,16777234,1,0,209554154,4096,127064,64,0,2025-07-18T04:48:31Z,2025-07-14T21:56:06Z,2025-05-15T01:20:10Z,tif,tmin_0214_C.tif,prism/tmin_0214_C.tif,prism,65.06,2025-05-15T01:20:10Z,processed,FALSE,GeoTIFF raster
/Users/cjtinant/Documents/Rprojects_not-class/FFA_regional-skew/data/processed/prism/tmin_0215_C.tif,file, 62.05M,rw-r--r--,2025-05-15T01:20:10Z,cjtinant,staff,16777234,1,0,209554171,4096,127080,64,0,2025-07-18T04:48:31Z,2025-07-14T21:56:13Z,2025-05-15T01:20:10Z,tif,tmin_0215_C.tif,prism/tmin_0215_C.tif,prism,65.06,2025-05-15T01:20:10Z,processed,FALSE,GeoTIFF raster
/Users/cjtinant/Documents/Rprojects_not-class/FFA_regional-skew/data/processed/prism/tmin_0216_C.tif,file, 62.06M,rw-r--r--,2025-05-15T01:20:10Z,cjtinant,staff,16777234,1,0,209554173,4096,127096,64,0,2025-07-18T04:48:29Z,2025-07-14T21:56:23Z,2025-05-15T01:20:10Z,tif,tmin_0216_C.tif,prism/tmin_0216_C.tif,prism,65.07,2025-05-15T01:20:10Z,processed,FALSE,GeoTIFF raster
/Users/cjtinant/Documents/Rprojects_not-class/FFA_regional-skew/data/processed/prism/tmin_0217_C.tif,file, 62.06M,rw-r--r--,2025-05-15T01:20:10Z,cjtinant,staff,16777234,1,0,209554182,4096,127112,64,0,2025-07-18T04:48:29Z,2025-07-14T21:56:36Z,2025-05-15T01:20:10Z,tif,tmin_0217_C.tif,prism/tmin_0217_C.tif,prism,65.08,2025-05-15T01:20:10Z,processed,FALSE,GeoTIFF raster
/Users/cjtinant/Documents/Rprojects_not-class/FFA_regional-skew/data/processed/prism/tmin_0218_C.tif,file, 62.07M,rw-r--r--,2025-05-15T01:20:10Z,cjtinant,staff,16777234,1,0,209554190,4096,127128,64,0,2025-07-18T04:48:29Z,2025-07-14T21:56:45Z,2025-05-15T01:20:10Z,tif,tmin_0218_C.tif,prism/tmin_0218_C.tif,prism,65.09,2025-05-15T01:20:10Z,processed,FALSE,GeoTIFF raster
/Users/cjtinant/Documents/Rprojects_not-class/FFA_regional-skew/data/processed/prism/tmin_0219_C.tif,file, 62.09M,rw-r--r--,2025-05-15T01:20:10Z,cjtinant,staff,16777234,1,0,209554192,4096,127160,64,0,2025-07-18T04:48:29Z,2025-07-14T21:56:53Z,2025-05-15T01:20:10Z,tif,tmin_0219_C.tif,prism/tmin_0219_C.tif,prism,65.1,2025-05-15T01:20:10Z,processed,FALSE,GeoTIFF raster
/Users/cjtinant/Documents/Rprojects_not-class/FFA_regional-skew/data/processed/prism/tmin_0220_C.tif,file, 62.1M,rw-r--r--,2025-05-15T01:20:10Z,cjtinant,staff,16777234,1,0,209554193,4096,127184,64,0,2025-07-18T04:48:29Z,2025-07-14T21:57:09Z,2025-05-15T01:20:10Z,tif,tmin_0220_C.tif,prism/tmin_0220_C.tif,prism,65.11,2025-05-15T01:20:10Z,processed,FALSE,GeoTIFF raster
/Users/cjtinant/Documents/Rprojects_not-class/FFA_regional-skew/data/processed/prism/tmin_0221_C.tif,file, 62.11M,rw-r--r--,2025-05-15T01:20:10Z,cjtinant,staff,16777234,1,0,209554239,4096,127216,64,0,2025-07-18T04:48:29Z,2025-07-14T21:57:22Z,2025-05-15T01:20:10Z,tif,tmin_0221_C.tif,prism/tmin_0221_C.tif,prism,65.13,2025-05-15T01:20:10Z,processed,FALSE,GeoTIFF raster
/Users/cjtinant/Documents/Rprojects_not-class/FFA_regional-skew/data/processed/prism/tmin_0222_C.tif,file, 62.13M,rw-r--r--,2025-05-15T01:20:10Z,cjtinant,staff,16777234,1,0,209554253,4096,127240,64,0,2025-07-18T04:48:29Z,2025-07-14T21:57:35Z,2025-05-15T01:20:10Z,tif,tmin_0222_C.tif,prism/tmin_0222_C.tif,prism,65.14,2025-05-15T01:20:10Z,processed,FALSE,GeoTIFF raster
/Users/cjtinant/Documents/Rprojects_not-class/FFA_regional-skew/data/processed/prism/tmin_0223_C.tif,file, 62.14M,rw-r--r--,2025-05-15T01:20:10Z,cjtinant,staff,16777234,1,0,209554257,4096,127272,64,0,2025-07-18T04:48:29Z,2025-07-14T21:57:42Z,2025-05-15T01:20:10Z,tif,tmin_0223_C.tif,prism/tmin_0223_C.tif,prism,65.16,2025-05-15T01:20:10Z,processed,FALSE,GeoTIFF raster
/Users/cjtinant/Documents/Rprojects_not-class/FFA_regional-skew/data/processed/prism/tmin_0224_C.tif,file, 62.15M,rw-r--r--,2025-05-15T01:20:11Z,cjtinant,staff,16777234,1,0,209554259,4096,127296,64,0,2025-07-18T04:48:29Z,2025-07-14T21:57:48Z,2025-05-15T01:20:10Z,tif,tmin_0224_C.tif,prism/tmin_0224_C.tif,prism,65.17,2025-05-15T01:20:11Z,processed,FALSE,GeoTIFF raster
/Users/cjtinant/Documents/Rprojects_not-class/FFA_regional-skew/data/processed/prism/tmin_0225_C.tif,file, 62.17M,rw-r--r--,2025-05-15T01:20:11Z,cjtinant,staff,16777234,1,0,209554260,4096,127320,64,0,2025-07-18T04:48:29Z,2025-07-14T21:57:55Z,2025-05-15T01:20:11Z,tif,tmin_0225_C.tif,prism/tmin_0225_C.tif,prism,65.19,2025-05-15T01:20:11Z,processed,FALSE,GeoTIFF raster
/Users/cjtinant/Documents/Rprojects_not-class/FFA_regional-skew/data/processed/prism/tmin_0226_C.tif,file, 62.18M,rw-r--r--,2025-05-15T01:20:11Z,cjtinant,staff,16777234,1,0,209554277,4096,127344,64,0,2025-07-18T04:48:29Z,2025-07-14T21:58:03Z,2025-05-15T01:20:11Z,tif,tmin_0226_C.tif,prism/tmin_0226_C.tif,prism,65.2,2025-05-15T01:20:11Z,processed,FALSE,GeoTIFF raster
/Users/cjtinant/Documents/Rprojects_not-class/FFA_regional-skew/data/processed/prism/tmin_0227_C.tif,file, 62.19M,rw-r--r--,2025-05-15T01:20:11Z,cjtinant,staff,16777234,1,0,209554278,4096,127360,64,0,2025-07-18T04:48:29Z,2025-07-14T21:58:12Z,2025-05-15T01:20:11Z,tif,tmin_0227_C.tif,prism/tmin_0227_C.tif,prism,65.21,2025-05-15T01:20:11Z,processed,FALSE,GeoTIFF raster
/Users/cjtinant/Documents/Rprojects_not-class/FFA_regional-skew/data/processed/prism/tmin_0228_C.tif,file, 62.2M,rw-r--r--,2025-05-15T01:20:11Z,cjtinant,staff,16777234,1,0,209554279,4096,127384,64,0,2025-07-18T04:48:29Z,2025-07-14T21:58:27Z,2025-05-15T01:20:11Z,tif,tmin_0228_C.tif,prism/tmin_0228_C.tif,prism,65.22,2025-05-15T01:20:11Z,processed,FALSE,GeoTIFF raster
/Users/cjtinant/Documents/Rprojects_not-class/FFA_regional-skew/data/processed/prism/tmin_0229_C.tif,file, 62.2M,rw-r--r--,2025-05-15T01:20:11Z,cjtinant,staff,16777234,1,0,209554280,4096,127392,64,0,2025-07-18T04:48:29Z,2025-07-14T21:58:36Z,2025-05-15T01:20:11Z,tif,tmin_0229_C.tif,prism/tmin_0229_C.tif,prism,65.22,2025-05-15T01:20:11Z,processed,FALSE,GeoTIFF raster
/Users/cjtinant/Documents/Rprojects_not-class/FFA_regional-skew/data/processed/prism/tmin_0301_C.tif,file, 62.21M,rw-r--r--,2025-05-15T01:20:11Z,cjtinant,staff,16777234,1,0,209554281,4096,127408,64,0,2025-07-18T04:48:29Z,2025-07-14T21:58:46Z,2025-05-15T01:20:11Z,tif,tmin_0301_C.tif,prism/tmin_0301_C.tif,prism,65.23,2025-05-15T01:20:11Z,processed,FALSE,GeoTIFF raster
/Users/cjtinant/Documents/Rprojects_not-class/FFA_regional-skew/data/processed/prism/tmin_0302_C.tif,file, 62.23M,rw-r--r--,2025-05-15T01:20:11Z,cjtinant,staff,16777234,1,0,209554282,4096,127448,64,0,2025-07-18T04:48:29Z,2025-07-14T21:58:57Z,2025-05-15T01:20:11Z,tif,tmin_0302_C.tif,prism/tmin_0302_C.tif,prism,65.25,2025-05-15T01:20:11Z,processed,FALSE,GeoTIFF raster
/Users/cjtinant/Documents/Rprojects_not-class/FFA_regional-skew/data/processed/prism/tmin_0303_C.tif,file, 62.25M,rw-r--r--,2025-05-15T01:20:11Z,cjtinant,staff,16777234,1,0,209554283,4096,127504,64,0,2025-07-18T04:48:29Z,2025-07-14T21:59:03Z,2025-05-15T01:20:11Z,tif,tmin_0303_C.tif,prism/tmin_0303_C.tif,prism,65.28,2025-05-15T01:20:11Z,processed,FALSE,GeoTIFF raster
/Users/cjtinant/Documents/Rprojects_not-class/FFA_regional-skew/data/processed/prism/tmin_0304_C.tif,file, 62.3M,rw-r--r--,2025-05-15T01:20:11Z,cjtinant,staff,16777234,1,0,209554284,4096,127592,64,0,2025-07-18T04:48:29Z,2025-07-14T21:59:13Z,2025-05-15T01:20:11Z,tif,tmin_0304_C.tif,prism/tmin_0304_C.tif,prism,65.32,2025-05-15T01:20:11Z,processed,FALSE,GeoTIFF raster
/Users/cjtinant/Documents/Rprojects_not-class/FFA_regional-skew/data/processed/prism/tmin_0305_C.tif,file, 62.36M,rw-r--r--,2025-05-15T01:20:11Z,cjtinant,staff,16777234,1,0,209554285,4096,127712,64,0,2025-07-18T04:48:29Z,2025-07-14T21:59:23Z,2025-05-15T01:20:11Z,tif,tmin_0305_C.tif,prism/tmin_0305_C.tif,prism,65.38,2025-05-15T01:20:11Z,processed,FALSE,GeoTIFF raster
/Users/cjtinant/Documents/Rprojects_not-class/FFA_regional-skew/data/processed/prism/tmin_0306_C.tif,file, 62.42M,rw-r--r--,2025-05-15T01:20:11Z,cjtinant,staff,16777234,1,0,209554291,4096,127848,64,0,2025-07-18T04:48:29Z,2025-07-14T21:59:32Z,2025-05-15T01:20:11Z,tif,tmin_0306_C.tif,prism/tmin_0306_C.tif,prism,65.46,2025-05-15T01:20:11Z,processed,FALSE,GeoTIFF raster
/Users/cjtinant/Documents/Rprojects_not-class/FFA_regional-skew/data/processed/prism/tmin_0307_C.tif,file, 62.5M,rw-r--r--,2025-05-15T01:20:11Z,cjtinant,staff,16777234,1,0,209554292,4096,128000,64,0,2025-07-18T04:48:29Z,2025-07-14T21:59:39Z,2025-05-15T01:20:11Z,tif,tmin_0307_C.tif,prism/tmin_0307_C.tif,prism,65.54,2025-05-15T01:20:11Z,processed,FALSE,GeoTIFF raster
/Users/cjtinant/Documents/Rprojects_not-class/FFA_regional-skew/data/processed/prism/tmin_0308_C.tif,file, 62.58M,rw-r--r--,2025-05-15T01:20:11Z,cjtinant,staff,16777234,1,0,209554298,4096,128168,64,0,2025-07-18T04:48:49Z,2025-07-14T21:59:44Z,2025-05-15T01:20:11Z,tif,tmin_0308_C.tif,prism/tmin_0308_C.tif,prism,65.62,2025-05-15T01:20:11Z,processed,FALSE,GeoTIFF raster
/Users/cjtinant/Documents/Rprojects_not-class/FFA_regional-skew/data/processed/prism/tmin_0309_C.tif,file, 62.66M,rw-r--r--,2025-05-15T01:20:11Z,cjtinant,staff,16777234,1,0,209554299,4096,128336,64,0,2025-07-18T04:48:29Z,2025-07-14T21:59:59Z,2025-05-15T01:20:11Z,tif,tmin_0309_C.tif,prism/tmin_0309_C.tif,prism,65.71,2025-05-15T01:20:11Z,processed,FALSE,GeoTIFF raster
/Users/cjtinant/Documents/Rprojects_not-class/FFA_regional-skew/data/processed/prism/tmin_0310_C.tif,file, 62.72M,rw-r--r--,2025-05-15T01:20:11Z,cjtinant,staff,16777234,1,0,209554302,4096,128456,64,0,2025-07-18T04:48:29Z,2025-07-14T22:00:07Z,2025-05-15T01:20:11Z,tif,tmin_0310_C.tif,prism/tmin_0310_C.tif,prism,65.77,2025-05-15T01:20:11Z,processed,FALSE,GeoTIFF raster
/Users/cjtinant/Documents/Rprojects_not-class/FFA_regional-skew/data/processed/prism/tmin_0311_C.tif,file, 62.76M,rw-r--r--,2025-05-15T01:20:11Z,cjtinant,staff,16777234,1,0,209554305,4096,128536,64,0,2025-07-18T04:48:29Z,2025-07-14T22:00:17Z,2025-05-15T01:20:11Z,tif,tmin_0311_C.tif,prism/tmin_0311_C.tif,prism,65.81,2025-05-15T01:20:11Z,processed,FALSE,GeoTIFF raster
/Users/cjtinant/Documents/Rprojects_not-class/FFA_regional-skew/data/processed/prism/tmin_0312_C.tif,file, 62.78M,rw-r--r--,2025-05-15T01:20:12Z,cjtinant,staff,16777234,1,0,209554306,4096,128568,64,0,2025-07-18T04:48:29Z,2025-07-14T22:00:33Z,2025-05-15T01:20:11Z,tif,tmin_0312_C.tif,prism/tmin_0312_C.tif,prism,65.82,2025-05-15T01:20:12Z,processed,FALSE,GeoTIFF raster
/Users/cjtinant/Documents/Rprojects_not-class/FFA_regional-skew/data/processed/prism/tmin_0313_C.tif,file, 62.79M,rw-r--r--,2025-05-15T01:20:12Z,cjtinant,staff,16777234,1,0,209554308,4096,128608,64,0,2025-07-18T04:48:29Z,2025-07-14T22:00:42Z,2025-05-15T01:20:12Z,tif,tmin_0313_C.tif,prism/tmin_0313_C.tif,prism,65.84,2025-05-15T01:20:12Z,processed,FALSE,GeoTIFF raster
/Users/cjtinant/Documents/Rprojects_not-class/FFA_regional-skew/data/processed/prism/tmin_0314_C.tif,file, 62.81M,rw-r--r--,2025-05-15T01:20:12Z,cjtinant,staff,16777234,1,0,209554310,4096,128640,64,0,2025-07-18T04:48:49Z,2025-07-14T22:00:50Z,2025-05-15T01:20:12Z,tif,tmin_0314_C.tif,prism/tmin_0314_C.tif,prism,65.86,2025-05-15T01:20:12Z,processed,FALSE,GeoTIFF raster
/Users/cjtinant/Documents/Rprojects_not-class/FFA_regional-skew/data/processed/prism/tmin_0315_C.tif,file, 62.85M,rw-r--r--,2025-05-15T01:20:12Z,cjtinant,staff,16777234,1,0,209554311,4096,128712,64,0,2025-07-18T04:48:29Z,2025-07-14T22:01:00Z,2025-05-15T01:20:12Z,tif,tmin_0315_C.tif,prism/tmin_0315_C.tif,prism,65.9,2025-05-15T01:20:12Z,processed,FALSE,GeoTIFF raster
/Users/cjtinant/Documents/Rprojects_not-class/FFA_regional-skew/data/processed/prism/tmin_0316_C.tif,file, 62.87M,rw-r--r--,2025-05-15T01:20:12Z,cjtinant,staff,16777234,1,0,209554315,4096,128768,64,0,2025-07-18T04:48:29Z,2025-07-14T22:01:09Z,2025-05-15T01:20:12Z,tif,tmin_0316_C.tif,prism/tmin_0316_C.tif,prism,65.93,2025-05-15T01:20:12Z,processed,FALSE,GeoTIFF raster
/Users/cjtinant/Documents/Rprojects_not-class/FFA_regional-skew/data/processed/prism/tmin_0317_C.tif,file, 62.9M,rw-r--r--,2025-05-15T01:20:12Z,cjtinant,staff,16777234,1,0,209554316,4096,128832,64,0,2025-07-18T04:48:29Z,2025-07-14T22:01:16Z,2025-05-15T01:20:12Z,tif,tmin_0317_C.tif,prism/tmin_0317_C.tif,prism,65.96,2025-05-15T01:20:12Z,processed,FALSE,GeoTIFF raster
/Users/cjtinant/Documents/Rprojects_not-class/FFA_regional-skew/data/processed/prism/tmin_0318_C.tif,file, 62.93M,rw-r--r--,2025-05-15T01:20:12Z,cjtinant,staff,16777234,1,0,209554317,4096,128880,64,0,2025-07-18T04:48:29Z,2025-07-14T22:01:37Z,2025-05-15T01:20:12Z,tif,tmin_0318_C.tif,prism/tmin_0318_C.tif,prism,65.98,2025-05-15T01:20:12Z,processed,FALSE,GeoTIFF raster
/Users/cjtinant/Documents/Rprojects_not-class/FFA_regional-skew/data/processed/prism/tmin_0319_C.tif,file, 62.94M,rw-r--r--,2025-05-15T01:20:12Z,cjtinant,staff,16777234,1,0,209554318,4096,128912,64,0,2025-07-18T04:48:29Z,2025-07-14T22:01:55Z,2025-05-15T01:20:12Z,tif,tmin_0319_C.tif,prism/tmin_0319_C.tif,prism,66,2025-05-15T01:20:12Z,processed,FALSE,GeoTIFF raster
/Users/cjtinant/Documents/Rprojects_not-class/FFA_regional-skew/data/processed/prism/tmin_0320_C.tif,file, 62.95M,rw-r--r--,2025-05-15T01:20:12Z,cjtinant,staff,16777234,1,0,209554322,4096,128928,64,0,2025-07-18T04:48:29Z,2025-07-14T22:02:10Z,2025-05-15T01:20:12Z,tif,tmin_0320_C.tif,prism/tmin_0320_C.tif,prism,66.01,2025-05-15T01:20:12Z,processed,FALSE,GeoTIFF raster
/Users/cjtinant/Documents/Rprojects_not-class/FFA_regional-skew/data/processed/prism/tmin_0321_C.tif,file, 62.97M,rw-r--r--,2025-05-15T01:20:12Z,cjtinant,staff,16777234,1,0,209554323,4096,128968,64,0,2025-07-18T04:48:29Z,2025-07-14T22:02:22Z,2025-05-15T01:20:12Z,tif,tmin_0321_C.tif,prism/tmin_0321_C.tif,prism,66.03,2025-05-15T01:20:12Z,processed,FALSE,GeoTIFF raster
/Users/cjtinant/Documents/Rprojects_not-class/FFA_regional-skew/data/processed/prism/tmin_0322_C.tif,file, 63M,rw-r--r--,2025-05-15T01:20:12Z,cjtinant,staff,16777234,1,0,209554324,4096,129032,64,0,2025-07-18T04:48:29Z,2025-07-14T22:02:34Z,2025-05-15T01:20:12Z,tif,tmin_0322_C.tif,prism/tmin_0322_C.tif,prism,66.06,2025-05-15T01:20:12Z,processed,FALSE,GeoTIFF raster
/Users/cjtinant/Documents/Rprojects_not-class/FFA_regional-skew/data/processed/prism/tmin_0323_C.tif,file, 63.03M,rw-r--r--,2025-05-15T01:20:12Z,cjtinant,staff,16777234,1,0,209554325,4096,129088,64,0,2025-07-20T04:30:54Z,2025-07-14T22:02:45Z,2025-05-15T01:20:12Z,tif,tmin_0323_C.tif,prism/tmin_0323_C.tif,prism,66.09,2025-05-15T01:20:12Z,processed,FALSE,GeoTIFF raster
/Users/cjtinant/Documents/Rprojects_not-class/FFA_regional-skew/data/processed/prism/tmin_0324_C.tif,file, 63.05M,rw-r--r--,2025-05-15T01:20:12Z,cjtinant,staff,16777234,1,0,209554326,4096,129128,64,0,2025-07-18T04:48:29Z,2025-07-14T22:02:54Z,2025-05-15T01:20:12Z,tif,tmin_0324_C.tif,prism/tmin_0324_C.tif,prism,66.11,2025-05-15T01:20:12Z,processed,FALSE,GeoTIFF raster
/Users/cjtinant/Documents/Rprojects_not-class/FFA_regional-skew/data/processed/prism/tmin_0325_C.tif,file, 63.05M,rw-r--r--,2025-05-15T01:20:12Z,cjtinant,staff,16777234,1,0,209554327,4096,129144,64,0,2025-07-18T04:48:49Z,2025-07-14T22:03:03Z,2025-05-15T01:20:12Z,tif,tmin_0325_C.tif,prism/tmin_0325_C.tif,prism,66.12,2025-05-15T01:20:12Z,processed,FALSE,GeoTIFF raster
/Users/cjtinant/Documents/Rprojects_not-class/FFA_regional-skew/data/processed/prism/tmin_0326_C.tif,file, 63.06M,rw-r--r--,2025-05-15T01:20:12Z,cjtinant,staff,16777234,1,0,209554328,4096,129152,64,0,2025-07-18T04:48:29Z,2025-07-14T22:03:14Z,2025-05-15T01:20:12Z,tif,tmin_0326_C.tif,prism/tmin_0326_C.tif,prism,66.12,2025-05-15T01:20:12Z,processed,FALSE,GeoTIFF raster
/Users/cjtinant/Documents/Rprojects_not-class/FFA_regional-skew/data/processed/prism/tmin_0327_C.tif,file, 63.07M,rw-r--r--,2025-05-15T01:20:12Z,cjtinant,staff,16777234,1,0,209554329,4096,129168,64,0,2025-07-18T04:48:29Z,2025-07-14T22:03:18Z,2025-05-15T01:20:12Z,tif,tmin_0327_C.tif,prism/tmin_0327_C.tif,prism,66.13,2025-05-15T01:20:12Z,processed,FALSE,GeoTIFF raster
/Users/cjtinant/Documents/Rprojects_not-class/FFA_regional-skew/data/processed/prism/tmin_0328_C.tif,file, 63.08M,rw-r--r--,2025-05-15T01:20:13Z,cjtinant,staff,16777234,1,0,209554330,4096,129184,64,0,2025-07-18T04:48:29Z,2025-07-14T22:03:29Z,2025-05-15T01:20:12Z,tif,tmin_0328_C.tif,prism/tmin_0328_C.tif,prism,66.14,2025-05-15T01:20:13Z,processed,FALSE,GeoTIFF raster
/Users/cjtinant/Documents/Rprojects_not-class/FFA_regional-skew/data/processed/prism/tmin_0329_C.tif,file, 63.09M,rw-r--r--,2025-05-15T01:20:13Z,cjtinant,staff,16777234,1,0,209554331,4096,129208,64,0,2025-07-18T04:48:29Z,2025-07-14T22:03:38Z,2025-05-15T01:20:13Z,tif,tmin_0329_C.tif,prism/tmin_0329_C.tif,prism,66.15,2025-05-15T01:20:13Z,processed,FALSE,GeoTIFF raster
/Users/cjtinant/Documents/Rprojects_not-class/FFA_regional-skew/data/processed/prism/tmin_0330_C.tif,file, 63.09M,rw-r--r--,2025-05-15T01:20:13Z,cjtinant,staff,16777234,1,0,209554334,4096,129200,64,0,2025-07-18T04:48:29Z,2025-07-14T22:03:48Z,2025-05-15T01:20:13Z,tif,tmin_0330_C.tif,prism/tmin_0330_C.tif,prism,66.15,2025-05-15T01:20:13Z,processed,FALSE,GeoTIFF raster
/Users/cjtinant/Documents/Rprojects_not-class/FFA_regional-skew/data/processed/prism/tmin_0331_C.tif,file, 63.09M,rw-r--r--,2025-05-15T01:20:13Z,cjtinant,staff,16777234,1,0,209554335,4096,129208,64,0,2025-07-18T04:48:29Z,2025-07-14T22:03:54Z,2025-05-15T01:20:13Z,tif,tmin_0331_C.tif,prism/tmin_0331_C.tif,prism,66.15,2025-05-15T01:20:13Z,processed,FALSE,GeoTIFF raster
/Users/cjtinant/Documents/Rprojects_not-class/FFA_regional-skew/data/processed/prism/tmin_0401_C.tif,file, 63.1M,rw-r--r--,2025-05-15T01:20:13Z,cjtinant,staff,16777234,1,0,209554336,4096,129232,64,0,2025-07-18T04:48:29Z,2025-07-14T22:04:01Z,2025-05-15T01:20:13Z,tif,tmin_0401_C.tif,prism/tmin_0401_C.tif,prism,66.17,2025-05-15T01:20:13Z,processed,FALSE,GeoTIFF raster
/Users/cjtinant/Documents/Rprojects_not-class/FFA_regional-skew/data/processed/prism/tmin_0402_C.tif,file, 63.12M,rw-r--r--,2025-05-15T01:20:13Z,cjtinant,staff,16777234,1,0,209554337,4096,129272,64,0,2025-07-18T04:48:29Z,2025-07-14T22:04:09Z,2025-05-15T01:20:13Z,tif,tmin_0402_C.tif,prism/tmin_0402_C.tif,prism,66.18,2025-05-15T01:20:13Z,processed,FALSE,GeoTIFF raster
/Users/cjtinant/Documents/Rprojects_not-class/FFA_regional-skew/data/processed/prism/tmin_0403_C.tif,file, 63.15M,rw-r--r--,2025-05-15T01:20:13Z,cjtinant,staff,16777234,1,0,209554341,4096,129328,64,0,2025-07-18T04:48:29Z,2025-07-14T22:04:20Z,2025-05-15T01:20:13Z,tif,tmin_0403_C.tif,prism/tmin_0403_C.tif,prism,66.21,2025-05-15T01:20:13Z,processed,FALSE,GeoTIFF raster
/Users/cjtinant/Documents/Rprojects_not-class/FFA_regional-skew/data/processed/prism/tmin_0404_C.tif,file, 63.18M,rw-r--r--,2025-05-15T01:20:13Z,cjtinant,staff,16777234,1,0,209554342,4096,129392,64,0,2025-07-18T04:48:29Z,2025-07-14T22:04:30Z,2025-05-15T01:20:13Z,tif,tmin_0404_C.tif,prism/tmin_0404_C.tif,prism,66.25,2025-05-15T01:20:13Z,processed,FALSE,GeoTIFF raster
/Users/cjtinant/Documents/Rprojects_not-class/FFA_regional-skew/data/processed/prism/tmin_0405_C.tif,file, 63.21M,rw-r--r--,2025-05-15T01:20:13Z,cjtinant,staff,16777234,1,0,209554343,4096,129456,64,0,2025-07-18T04:48:29Z,2025-07-14T22:04:39Z,2025-05-15T01:20:13Z,tif,tmin_0405_C.tif,prism/tmin_0405_C.tif,prism,66.28,2025-05-15T01:20:13Z,processed,FALSE,GeoTIFF raster
/Users/cjtinant/Documents/Rprojects_not-class/FFA_regional-skew/data/processed/prism/tmin_0406_C.tif,file, 63.24M,rw-r--r--,2025-05-15T01:20:13Z,cjtinant,staff,16777234,1,0,209554344,4096,129528,64,0,2025-07-18T04:48:29Z,2025-07-14T22:04:47Z,2025-05-15T01:20:13Z,tif,tmin_0406_C.tif,prism/tmin_0406_C.tif,prism,66.32,2025-05-15T01:20:13Z,processed,FALSE,GeoTIFF raster
/Users/cjtinant/Documents/Rprojects_not-class/FFA_regional-skew/data/processed/prism/tmin_0407_C.tif,file, 63.28M,rw-r--r--,2025-05-15T01:20:13Z,cjtinant,staff,16777234,1,0,209554345,4096,129608,64,0,2025-07-18T04:48:29Z,2025-07-14T22:04:52Z,2025-05-15T01:20:13Z,tif,tmin_0407_C.tif,prism/tmin_0407_C.tif,prism,66.36,2025-05-15T01:20:13Z,processed,FALSE,GeoTIFF raster
/Users/cjtinant/Documents/Rprojects_not-class/FFA_regional-skew/data/processed/prism/tmin_0408_C.tif,file, 63.32M,rw-r--r--,2025-05-15T01:20:13Z,cjtinant,staff,16777234,1,0,209554346,4096,129672,64,0,2025-07-18T04:48:29Z,2025-07-14T22:05:06Z,2025-05-15T01:20:13Z,tif,tmin_0408_C.tif,prism/tmin_0408_C.tif,prism,66.39,2025-05-15T01:20:13Z,processed,FALSE,GeoTIFF raster
/Users/cjtinant/Documents/Rprojects_not-class/FFA_regional-skew/data/processed/prism/tmin_0409_C.tif,file, 63.34M,rw-r--r--,2025-05-15T01:20:13Z,cjtinant,staff,16777234,1,0,209554347,4096,129720,64,0,2025-07-18T04:48:29Z,2025-07-14T22:05:17Z,2025-05-15T01:20:13Z,tif,tmin_0409_C.tif,prism/tmin_0409_C.tif,prism,66.41,2025-05-15T01:20:13Z,processed,FALSE,GeoTIFF raster
/Users/cjtinant/Documents/Rprojects_not-class/FFA_regional-skew/data/processed/prism/tmin_0410_C.tif,file, 63.36M,rw-r--r--,2025-05-15T01:20:13Z,cjtinant,staff,16777234,1,0,209554348,4096,129760,64,0,2025-07-18T04:48:29Z,2025-07-14T22:05:29Z,2025-05-15T01:20:13Z,tif,tmin_0410_C.tif,prism/tmin_0410_C.tif,prism,66.43,2025-05-15T01:20:13Z,processed,FALSE,GeoTIFF raster
/Users/cjtinant/Documents/Rprojects_not-class/FFA_regional-skew/data/processed/prism/tmin_0411_C.tif,file, 63.36M,rw-r--r--,2025-05-15T01:20:13Z,cjtinant,staff,16777234,1,0,209554349,4096,129768,64,0,2025-07-18T04:48:29Z,2025-07-14T22:05:55Z,2025-05-15T01:20:13Z,tif,tmin_0411_C.tif,prism/tmin_0411_C.tif,prism,66.44,2025-05-15T01:20:13Z,processed,FALSE,GeoTIFF raster
/Users/cjtinant/Documents/Rprojects_not-class/FFA_regional-skew/data/processed/prism/tmin_0412_C.tif,file, 63.37M,rw-r--r--,2025-05-15T01:20:13Z,cjtinant,staff,16777234,1,0,209554350,4096,129792,64,0,2025-07-18T04:48:29Z,2025-07-14T22:06:01Z,2025-05-15T01:20:13Z,tif,tmin_0412_C.tif,prism/tmin_0412_C.tif,prism,66.45,2025-05-15T01:20:13Z,processed,FALSE,GeoTIFF raster
/Users/cjtinant/Documents/Rprojects_not-class/FFA_regional-skew/data/processed/prism/tmin_0413_C.tif,file, 63.39M,rw-r--r--,2025-05-15T01:20:13Z,cjtinant,staff,16777234,1,0,209554351,4096,129832,64,0,2025-07-18T04:48:29Z,2025-07-14T22:06:08Z,2025-05-15T01:20:13Z,tif,tmin_0413_C.tif,prism/tmin_0413_C.tif,prism,66.47,2025-05-15T01:20:13Z,processed,FALSE,GeoTIFF raster
/Users/cjtinant/Documents/Rprojects_not-class/FFA_regional-skew/data/processed/prism/tmin_0414_C.tif,file, 63.41M,rw-r--r--,2025-05-15T01:20:14Z,cjtinant,staff,16777234,1,0,209554352,4096,129864,64,0,2025-07-18T04:48:29Z,2025-07-14T22:06:17Z,2025-05-15T01:20:13Z,tif,tmin_0414_C.tif,prism/tmin_0414_C.tif,prism,66.49,2025-05-15T01:20:14Z,processed,FALSE,GeoTIFF raster
/Users/cjtinant/Documents/Rprojects_not-class/FFA_regional-skew/data/processed/prism/tmin_0415_C.tif,file, 63.43M,rw-r--r--,2025-05-15T01:20:14Z,cjtinant,staff,16777234,1,0,209554356,4096,129912,64,0,2025-07-18T04:48:29Z,2025-07-14T22:06:41Z,2025-05-15T01:20:14Z,tif,tmin_0415_C.tif,prism/tmin_0415_C.tif,prism,66.51,2025-05-15T01:20:14Z,processed,FALSE,GeoTIFF raster
/Users/cjtinant/Documents/Rprojects_not-class/FFA_regional-skew/data/processed/prism/tmin_0416_C.tif,file, 63.44M,rw-r--r--,2025-05-15T01:20:14Z,cjtinant,staff,16777234,1,0,209554357,4096,129920,64,0,2025-07-18T04:48:29Z,2025-07-14T22:06:48Z,2025-05-15T01:20:14Z,tif,tmin_0416_C.tif,prism/tmin_0416_C.tif,prism,66.52,2025-05-15T01:20:14Z,processed,FALSE,GeoTIFF raster
/Users/cjtinant/Documents/Rprojects_not-class/FFA_regional-skew/data/processed/prism/tmin_0417_C.tif,file, 63.44M,rw-r--r--,2025-05-15T01:20:14Z,cjtinant,staff,16777234,1,0,209554358,4096,129920,64,0,2025-07-18T04:48:29Z,2025-07-14T22:06:57Z,2025-05-15T01:20:14Z,tif,tmin_0417_C.tif,prism/tmin_0417_C.tif,prism,66.52,2025-05-15T01:20:14Z,processed,FALSE,GeoTIFF raster
/Users/cjtinant/Documents/Rprojects_not-class/FFA_regional-skew/data/processed/prism/tmin_0418_C.tif,file, 63.45M,rw-r--r--,2025-05-15T01:20:14Z,cjtinant,staff,16777234,1,0,209554359,4096,129944,64,0,2025-07-18T04:48:29Z,2025-07-14T22:07:02Z,2025-05-15T01:20:14Z,tif,tmin_0418_C.tif,prism/tmin_0418_C.tif,prism,66.53,2025-05-15T01:20:14Z,processed,FALSE,GeoTIFF raster
/Users/cjtinant/Documents/Rprojects_not-class/FFA_regional-skew/data/processed/prism/tmin_0419_C.tif,file, 63.45M,rw-r--r--,2025-05-15T01:20:14Z,cjtinant,staff,16777234,1,0,209554360,4096,129952,64,0,2025-07-18T04:48:29Z,2025-07-14T22:07:11Z,2025-05-15T01:20:14Z,tif,tmin_0419_C.tif,prism/tmin_0419_C.tif,prism,66.53,2025-05-15T01:20:14Z,processed,FALSE,GeoTIFF raster
/Users/cjtinant/Documents/Rprojects_not-class/FFA_regional-skew/data/processed/prism/tmin_0420_C.tif,file, 63.44M,rw-r--r--,2025-05-15T01:20:14Z,cjtinant,staff,16777234,1,0,209554361,4096,129920,64,0,2025-07-18T04:48:29Z,2025-07-14T22:07:21Z,2025-05-15T01:20:14Z,tif,tmin_0420_C.tif,prism/tmin_0420_C.tif,prism,66.52,2025-05-15T01:20:14Z,processed,FALSE,GeoTIFF raster
/Users/cjtinant/Documents/Rprojects_not-class/FFA_regional-skew/data/processed/prism/tmin_0421_C.tif,file, 63.4M,rw-r--r--,2025-05-15T01:20:14Z,cjtinant,staff,16777234,1,0,209554362,4096,129856,64,0,2025-07-18T04:48:29Z,2025-07-14T22:07:28Z,2025-05-15T01:20:14Z,tif,tmin_0421_C.tif,prism/tmin_0421_C.tif,prism,66.48,2025-05-15T01:20:14Z,processed,FALSE,GeoTIFF raster
/Users/cjtinant/Documents/Rprojects_not-class/FFA_regional-skew/data/processed/prism/tmin_0422_C.tif,file, 63.34M,rw-r--r--,2025-05-15T01:20:14Z,cjtinant,staff,16777234,1,0,209554363,4096,129736,64,0,2025-07-18T04:48:29Z,2025-07-14T22:07:34Z,2025-05-15T01:20:14Z,tif,tmin_0422_C.tif,prism/tmin_0422_C.tif,prism,66.42,2025-05-15T01:20:14Z,processed,FALSE,GeoTIFF raster
/Users/cjtinant/Documents/Rprojects_not-class/FFA_regional-skew/data/processed/prism/tmin_0423_C.tif,file, 63.27M,rw-r--r--,2025-05-15T01:20:14Z,cjtinant,staff,16777234,1,0,209554364,4096,129576,64,0,2025-07-18T04:48:29Z,2025-07-14T22:07:41Z,2025-05-15T01:20:14Z,tif,tmin_0423_C.tif,prism/tmin_0423_C.tif,prism,66.34,2025-05-15T01:20:14Z,processed,FALSE,GeoTIFF raster
/Users/cjtinant/Documents/Rprojects_not-class/FFA_regional-skew/data/processed/prism/tmin_0424_C.tif,file, 63.19M,rw-r--r--,2025-05-15T01:20:14Z,cjtinant,staff,16777234,1,0,209554365,4096,129424,64,0,2025-07-18T04:48:29Z,2025-07-14T22:07:53Z,2025-05-15T01:20:14Z,tif,tmin_0424_C.tif,prism/tmin_0424_C.tif,prism,66.26,2025-05-15T01:20:14Z,processed,FALSE,GeoTIFF raster
/Users/cjtinant/Documents/Rprojects_not-class/FFA_regional-skew/data/processed/prism/tmin_0425_C.tif,file, 63.11M,rw-r--r--,2025-05-15T01:20:14Z,cjtinant,staff,16777234,1,0,209554366,4096,129256,64,0,2025-07-20T12:07:05Z,2025-07-14T22:08:03Z,2025-05-15T01:20:14Z,tif,tmin_0425_C.tif,prism/tmin_0425_C.tif,prism,66.18,2025-05-15T01:20:14Z,processed,FALSE,GeoTIFF raster
/Users/cjtinant/Documents/Rprojects_not-class/FFA_regional-skew/data/processed/prism/tmin_0426_C.tif,file, 63.02M,rw-r--r--,2025-05-15T01:20:14Z,cjtinant,staff,16777234,1,0,209554370,4096,129064,64,0,2025-07-20T12:07:05Z,2025-07-14T22:08:12Z,2025-05-15T01:20:14Z,tif,tmin_0426_C.tif,prism/tmin_0426_C.tif,prism,66.08,2025-05-15T01:20:14Z,processed,FALSE,GeoTIFF raster
/Users/cjtinant/Documents/Rprojects_not-class/FFA_regional-skew/data/processed/prism/tmin_0427_C.tif,file, 62.9M,rw-r--r--,2025-05-15T01:20:14Z,cjtinant,staff,16777234,1,0,209554371,4096,128824,64,0,2025-07-20T12:07:05Z,2025-07-14T22:08:22Z,2025-05-15T01:20:14Z,tif,tmin_0427_C.tif,prism/tmin_0427_C.tif,prism,65.96,2025-05-15T01:20:14Z,processed,FALSE,GeoTIFF raster
/Users/cjtinant/Documents/Rprojects_not-class/FFA_regional-skew/data/processed/prism/tmin_0428_C.tif,file, 62.77M,rw-r--r--,2025-05-15T01:20:14Z,cjtinant,staff,16777234,1,0,209554372,4096,128560,64,0,2025-07-20T12:07:05Z,2025-07-14T22:08:30Z,2025-05-15T01:20:14Z,tif,tmin_0428_C.tif,prism/tmin_0428_C.tif,prism,65.82,2025-05-15T01:20:14Z,processed,FALSE,GeoTIFF raster
/Users/cjtinant/Documents/Rprojects_not-class/FFA_regional-skew/data/processed/prism/tmin_0429_C.tif,file, 62.65M,rw-r--r--,2025-05-15T01:20:14Z,cjtinant,staff,16777234,1,0,209554373,4096,128312,64,0,2025-07-20T12:07:05Z,2025-07-14T22:08:37Z,2025-05-15T01:20:14Z,tif,tmin_0429_C.tif,prism/tmin_0429_C.tif,prism,65.69,2025-05-15T01:20:14Z,processed,FALSE,GeoTIFF raster
/Users/cjtinant/Documents/Rprojects_not-class/FFA_regional-skew/data/processed/prism/tmin_0430_C.tif,file, 62.54M,rw-r--r--,2025-05-15T01:20:14Z,cjtinant,staff,16777234,1,0,209554374,4096,128080,64,0,2025-07-20T12:07:05Z,2025-07-14T22:08:43Z,2025-05-15T01:20:14Z,tif,tmin_0430_C.tif,prism/tmin_0430_C.tif,prism,65.57,2025-05-15T01:20:14Z,processed,FALSE,GeoTIFF raster
/Users/cjtinant/Documents/Rprojects_not-class/FFA_regional-skew/data/processed/prism/tmin_0501_C.tif,file, 62.43M,rw-r--r--,2025-05-15T01:20:15Z,cjtinant,staff,16777234,1,0,209554375,4096,127848,64,0,2025-07-20T12:07:05Z,2025-07-14T22:08:56Z,2025-05-15T01:20:14Z,tif,tmin_0501_C.tif,prism/tmin_0501_C.tif,prism,65.46,2025-05-15T01:20:15Z,processed,FALSE,GeoTIFF raster
/Users/cjtinant/Documents/Rprojects_not-class/FFA_regional-skew/data/processed/prism/tmin_0502_C.tif,file, 62.33M,rw-r--r--,2025-05-15T01:20:15Z,cjtinant,staff,16777234,1,0,209554376,4096,127648,64,0,2025-07-20T12:07:05Z,2025-07-14T22:09:11Z,2025-05-15T01:20:15Z,tif,tmin_0502_C.tif,prism/tmin_0502_C.tif,prism,65.36,2025-05-15T01:20:15Z,processed,FALSE,GeoTIFF raster
/Users/cjtinant/Documents/Rprojects_not-class/FFA_regional-skew/data/processed/prism/tmin_0503_C.tif,file, 62.23M,rw-r--r--,2025-05-15T01:20:15Z,cjtinant,staff,16777234,1,0,209554377,4096,127440,64,0,2025-07-20T11:03:43Z,2025-07-14T22:09:25Z,2025-05-15T01:20:15Z,tif,tmin_0503_C.tif,prism/tmin_0503_C.tif,prism,65.25,2025-05-15T01:20:15Z,processed,FALSE,GeoTIFF raster
/Users/cjtinant/Documents/Rprojects_not-class/FFA_regional-skew/data/processed/prism/tmin_0504_C.tif,file, 62.13M,rw-r--r--,2025-05-15T01:20:15Z,cjtinant,staff,16777234,1,0,209554378,4096,127248,64,0,2025-07-20T11:03:43Z,2025-07-14T22:09:38Z,2025-05-15T01:20:15Z,tif,tmin_0504_C.tif,prism/tmin_0504_C.tif,prism,65.15,2025-05-15T01:20:15Z,processed,FALSE,GeoTIFF raster
/Users/cjtinant/Documents/Rprojects_not-class/FFA_regional-skew/data/processed/prism/tmin_0505_C.tif,file, 62.05M,rw-r--r--,2025-05-15T01:20:15Z,cjtinant,staff,16777234,1,0,209554379,4096,127072,64,0,2025-07-20T11:03:43Z,2025-07-14T22:09:51Z,2025-05-15T01:20:15Z,tif,tmin_0505_C.tif,prism/tmin_0505_C.tif,prism,65.06,2025-05-15T01:20:15Z,processed,FALSE,GeoTIFF raster
/Users/cjtinant/Documents/Rprojects_not-class/FFA_regional-skew/data/processed/prism/tmin_0506_C.tif,file, 61.95M,rw-r--r--,2025-05-15T01:20:15Z,cjtinant,staff,16777234,1,0,209554383,4096,126880,64,0,2025-07-20T11:03:43Z,2025-07-14T22:10:03Z,2025-05-15T01:20:15Z,tif,tmin_0506_C.tif,prism/tmin_0506_C.tif,prism,64.96,2025-05-15T01:20:15Z,processed,FALSE,GeoTIFF raster
/Users/cjtinant/Documents/Rprojects_not-class/FFA_regional-skew/data/processed/prism/tmin_0507_C.tif,file, 61.85M,rw-r--r--,2025-05-15T01:20:15Z,cjtinant,staff,16777234,1,0,209554384,4096,126680,64,0,2025-07-20T11:03:43Z,2025-07-14T22:10:13Z,2025-05-15T01:20:15Z,tif,tmin_0507_C.tif,prism/tmin_0507_C.tif,prism,64.86,2025-05-15T01:20:15Z,processed,FALSE,GeoTIFF raster
/Users/cjtinant/Documents/Rprojects_not-class/FFA_regional-skew/data/processed/prism/tmin_0508_C.tif,file, 61.75M,rw-r--r--,2025-05-15T01:20:15Z,cjtinant,staff,16777234,1,0,209554385,4096,126472,64,0,2025-07-20T11:03:43Z,2025-07-14T22:10:23Z,2025-05-15T01:20:15Z,tif,tmin_0508_C.tif,prism/tmin_0508_C.tif,prism,64.75,2025-05-15T01:20:15Z,processed,FALSE,GeoTIFF raster
/Users/cjtinant/Documents/Rprojects_not-class/FFA_regional-skew/data/processed/prism/tmin_0509_C.tif,file, 61.64M,rw-r--r--,2025-05-15T01:20:15Z,cjtinant,staff,16777234,1,0,209554386,4096,126240,64,0,2025-07-20T11:03:43Z,2025-07-14T22:10:33Z,2025-05-15T01:20:15Z,tif,tmin_0509_C.tif,prism/tmin_0509_C.tif,prism,64.63,2025-05-15T01:20:15Z,processed,FALSE,GeoTIFF raster
/Users/cjtinant/Documents/Rprojects_not-class/FFA_regional-skew/data/processed/prism/tmin_0510_C.tif,file, 61.53M,rw-r--r--,2025-05-15T01:20:15Z,cjtinant,staff,16777234,1,0,209554387,4096,126024,64,0,2025-07-20T11:03:43Z,2025-07-14T22:10:43Z,2025-05-15T01:20:15Z,tif,tmin_0510_C.tif,prism/tmin_0510_C.tif,prism,64.52,2025-05-15T01:20:15Z,processed,FALSE,GeoTIFF raster
/Users/cjtinant/Documents/Rprojects_not-class/FFA_regional-skew/data/processed/prism/tmin_0511_C.tif,file, 61.44M,rw-r--r--,2025-05-15T01:20:15Z,cjtinant,staff,16777234,1,0,209554388,4096,125824,64,0,2025-07-20T11:03:43Z,2025-07-14T22:10:54Z,2025-05-15T01:20:15Z,tif,tmin_0511_C.tif,prism/tmin_0511_C.tif,prism,64.42,2025-05-15T01:20:15Z,processed,FALSE,GeoTIFF raster
/Users/cjtinant/Documents/Rprojects_not-class/FFA_regional-skew/data/processed/prism/tmin_0512_C.tif,file, 61.35M,rw-r--r--,2025-05-15T01:20:15Z,cjtinant,staff,16777234,1,0,209554389,4096,125648,64,0,2025-07-20T11:03:43Z,2025-07-14T22:11:16Z,2025-05-15T01:20:15Z,tif,tmin_0512_C.tif,prism/tmin_0512_C.tif,prism,64.33,2025-05-15T01:20:15Z,processed,FALSE,GeoTIFF raster
/Users/cjtinant/Documents/Rprojects_not-class/FFA_regional-skew/data/processed/prism/tmin_0513_C.tif,file, 61.27M,rw-r--r--,2025-05-15T01:20:15Z,cjtinant,staff,16777234,1,0,209554390,4096,125488,64,0,2025-07-20T11:03:43Z,2025-07-14T22:11:35Z,2025-05-15T01:20:15Z,tif,tmin_0513_C.tif,prism/tmin_0513_C.tif,prism,64.25,2025-05-15T01:20:15Z,processed,FALSE,GeoTIFF raster
/Users/cjtinant/Documents/Rprojects_not-class/FFA_regional-skew/data/processed/prism/tmin_0514_C.tif,file, 61.19M,rw-r--r--,2025-05-15T01:20:15Z,cjtinant,staff,16777234,1,0,209554391,4096,125328,64,0,2025-07-20T11:03:43Z,2025-07-14T22:11:52Z,2025-05-15T01:20:15Z,tif,tmin_0514_C.tif,prism/tmin_0514_C.tif,prism,64.17,2025-05-15T01:20:15Z,processed,FALSE,GeoTIFF raster
/Users/cjtinant/Documents/Rprojects_not-class/FFA_regional-skew/data/processed/prism/tmin_0515_C.tif,file, 61.13M,rw-r--r--,2025-05-15T01:20:15Z,cjtinant,staff,16777234,1,0,209554392,4096,125192,64,0,2025-07-20T11:03:43Z,2025-07-14T22:12:19Z,2025-05-15T01:20:15Z,tif,tmin_0515_C.tif,prism/tmin_0515_C.tif,prism,64.1,2025-05-15T01:20:15Z,processed,FALSE,GeoTIFF raster
/Users/cjtinant/Documents/Rprojects_not-class/FFA_regional-skew/data/processed/prism/tmin_0516_C.tif,file, 61.06M,rw-r--r--,2025-05-15T01:20:15Z,cjtinant,staff,16777234,1,0,209554393,4096,125048,64,0,2025-07-20T11:03:43Z,2025-07-14T22:12:56Z,2025-05-15T01:20:15Z,tif,tmin_0516_C.tif,prism/tmin_0516_C.tif,prism,64.02,2025-05-15T01:20:15Z,processed,FALSE,GeoTIFF raster
/Users/cjtinant/Documents/Rprojects_not-class/FFA_regional-skew/data/processed/prism/tmin_0517_C.tif,file, 60.98M,rw-r--r--,2025-05-15T01:20:15Z,cjtinant,staff,16777234,1,0,209554394,4096,124896,64,0,2025-07-20T11:03:43Z,2025-07-14T22:13:27Z,2025-05-15T01:20:15Z,tif,tmin_0517_C.tif,prism/tmin_0517_C.tif,prism,63.94,2025-05-15T01:20:15Z,processed,FALSE,GeoTIFF raster
/Users/cjtinant/Documents/Rprojects_not-class/FFA_regional-skew/data/processed/prism/tmin_0518_C.tif,file, 60.9M,rw-r--r--,2025-05-15T01:20:15Z,cjtinant,staff,16777234,1,0,209554395,4096,124736,64,0,2025-07-20T11:03:43Z,2025-07-14T22:13:45Z,2025-05-15T01:20:15Z,tif,tmin_0518_C.tif,prism/tmin_0518_C.tif,prism,63.86,2025-05-15T01:20:15Z,processed,FALSE,GeoTIFF raster
/Users/cjtinant/Documents/Rprojects_not-class/FFA_regional-skew/data/processed/prism/tmin_0519_C.tif,file, 60.83M,rw-r--r--,2025-05-15T01:20:16Z,cjtinant,staff,16777234,1,0,209554399,4096,124576,64,0,2025-07-20T11:03:43Z,2025-07-14T22:13:55Z,2025-05-15T01:20:15Z,tif,tmin_0519_C.tif,prism/tmin_0519_C.tif,prism,63.78,2025-05-15T01:20:16Z,processed,FALSE,GeoTIFF raster
/Users/cjtinant/Documents/Rprojects_not-class/FFA_regional-skew/data/processed/prism/tmin_0520_C.tif,file, 60.76M,rw-r--r--,2025-05-15T01:20:16Z,cjtinant,staff,16777234,1,0,209554400,4096,124432,64,0,2025-07-20T11:03:43Z,2025-07-14T22:14:06Z,2025-05-15T01:20:16Z,tif,tmin_0520_C.tif,prism/tmin_0520_C.tif,prism,63.71,2025-05-15T01:20:16Z,processed,FALSE,GeoTIFF raster
/Users/cjtinant/Documents/Rprojects_not-class/FFA_regional-skew/data/processed/prism/tmin_0521_C.tif,file, 60.69M,rw-r--r--,2025-05-15T01:20:16Z,cjtinant,staff,16777234,1,0,209554401,4096,124296,64,0,2025-07-20T11:03:43Z,2025-07-14T22:14:20Z,2025-05-15T01:20:16Z,tif,tmin_0521_C.tif,prism/tmin_0521_C.tif,prism,63.64,2025-05-15T01:20:16Z,processed,FALSE,GeoTIFF raster
/Users/cjtinant/Documents/Rprojects_not-class/FFA_regional-skew/data/processed/prism/tmin_0522_C.tif,file, 60.63M,rw-r--r--,2025-05-15T01:20:16Z,cjtinant,staff,16777234,1,0,209554402,4096,124184,64,0,2025-07-20T11:03:43Z,2025-07-14T22:14:34Z,2025-05-15T01:20:16Z,tif,tmin_0522_C.tif,prism/tmin_0522_C.tif,prism,63.58,2025-05-15T01:20:16Z,processed,FALSE,GeoTIFF raster
/Users/cjtinant/Documents/Rprojects_not-class/FFA_regional-skew/data/processed/prism/tmin_0523_C.tif,file, 60.58M,rw-r--r--,2025-05-15T01:20:16Z,cjtinant,staff,16777234,1,0,209554403,4096,124064,64,0,2025-07-20T11:03:43Z,2025-07-14T22:14:58Z,2025-05-15T01:20:16Z,tif,tmin_0523_C.tif,prism/tmin_0523_C.tif,prism,63.52,2025-05-15T01:20:16Z,processed,FALSE,GeoTIFF raster
/Users/cjtinant/Documents/Rprojects_not-class/FFA_regional-skew/data/processed/prism/tmin_0524_C.tif,file, 60.53M,rw-r--r--,2025-05-15T01:20:16Z,cjtinant,staff,16777234,1,0,209554404,4096,123968,64,0,2025-07-20T11:03:43Z,2025-07-14T22:15:03Z,2025-05-15T01:20:16Z,tif,tmin_0524_C.tif,prism/tmin_0524_C.tif,prism,63.47,2025-05-15T01:20:16Z,processed,FALSE,GeoTIFF raster
/Users/cjtinant/Documents/Rprojects_not-class/FFA_regional-skew/data/processed/prism/tmin_0525_C.tif,file, 60.48M,rw-r--r--,2025-05-15T01:20:16Z,cjtinant,staff,16777234,1,0,209554406,4096,123864,64,0,2025-07-20T11:03:43Z,2025-07-14T22:15:15Z,2025-05-15T01:20:16Z,tif,tmin_0525_C.tif,prism/tmin_0525_C.tif,prism,63.42,2025-05-15T01:20:16Z,processed,FALSE,GeoTIFF raster
/Users/cjtinant/Documents/Rprojects_not-class/FFA_regional-skew/data/processed/prism/tmin_0526_C.tif,file, 60.43M,rw-r--r--,2025-05-15T01:20:16Z,cjtinant,staff,16777234,1,0,209554407,4096,123760,64,0,2025-07-20T11:03:43Z,2025-07-14T22:15:24Z,2025-05-15T01:20:16Z,tif,tmin_0526_C.tif,prism/tmin_0526_C.tif,prism,63.36,2025-05-15T01:20:16Z,processed,FALSE,GeoTIFF raster
/Users/cjtinant/Documents/Rprojects_not-class/FFA_regional-skew/data/processed/prism/tmin_0527_C.tif,file, 60.38M,rw-r--r--,2025-05-15T01:20:16Z,cjtinant,staff,16777234,1,0,209554408,4096,123664,64,0,2025-07-20T11:03:43Z,2025-07-14T22:15:31Z,2025-05-15T01:20:16Z,tif,tmin_0527_C.tif,prism/tmin_0527_C.tif,prism,63.31,2025-05-15T01:20:16Z,processed,FALSE,GeoTIFF raster
/Users/cjtinant/Documents/Rprojects_not-class/FFA_regional-skew/data/processed/prism/tmin_0528_C.tif,file, 60.33M,rw-r--r--,2025-05-15T01:20:16Z,cjtinant,staff,16777234,1,0,209554409,4096,123560,64,0,2025-07-20T11:03:43Z,2025-07-14T22:15:37Z,2025-05-15T01:20:16Z,tif,tmin_0528_C.tif,prism/tmin_0528_C.tif,prism,63.26,2025-05-15T01:20:16Z,processed,FALSE,GeoTIFF raster
/Users/cjtinant/Documents/Rprojects_not-class/FFA_regional-skew/data/processed/prism/tmin_0529_C.tif,file, 60.27M,rw-r--r--,2025-05-15T01:20:16Z,cjtinant,staff,16777234,1,0,209554410,4096,123448,64,0,2025-07-20T11:03:43Z,2025-07-14T22:15:43Z,2025-05-15T01:20:16Z,tif,tmin_0529_C.tif,prism/tmin_0529_C.tif,prism,63.2,2025-05-15T01:20:16Z,processed,FALSE,GeoTIFF raster
/Users/cjtinant/Documents/Rprojects_not-class/FFA_regional-skew/data/processed/prism/tmin_0530_C.tif,file, 60.22M,rw-r--r--,2025-05-15T01:20:16Z,cjtinant,staff,16777234,1,0,209554411,4096,123344,64,0,2025-07-18T04:48:29Z,2025-07-14T22:15:52Z,2025-05-15T01:20:16Z,tif,tmin_0530_C.tif,prism/tmin_0530_C.tif,prism,63.15,2025-05-15T01:20:16Z,processed,FALSE,GeoTIFF raster
/Users/cjtinant/Documents/Rprojects_not-class/FFA_regional-skew/data/processed/prism/tmin_0531_C.tif,file, 60.18M,rw-r--r--,2025-05-15T01:20:16Z,cjtinant,staff,16777234,1,0,209554415,4096,123256,64,0,2025-07-18T04:48:29Z,2025-07-14T22:16:00Z,2025-05-15T01:20:16Z,tif,tmin_0531_C.tif,prism/tmin_0531_C.tif,prism,63.11,2025-05-15T01:20:16Z,processed,FALSE,GeoTIFF raster
/Users/cjtinant/Documents/Rprojects_not-class/FFA_regional-skew/data/processed/prism/tmin_0601_C.tif,file, 60.13M,rw-r--r--,2025-05-15T01:20:16Z,cjtinant,staff,16777234,1,0,209554416,4096,123160,64,0,2025-07-18T04:48:29Z,2025-07-14T22:16:05Z,2025-05-15T01:20:16Z,tif,tmin_0601_C.tif,prism/tmin_0601_C.tif,prism,63.06,2025-05-15T01:20:16Z,processed,FALSE,GeoTIFF raster
/Users/cjtinant/Documents/Rprojects_not-class/FFA_regional-skew/data/processed/prism/tmin_0602_C.tif,file, 60.1M,rw-r--r--,2025-05-15T01:20:16Z,cjtinant,staff,16777234,1,0,209554418,4096,123080,64,0,2025-07-18T04:48:29Z,2025-07-14T22:16:10Z,2025-05-15T01:20:16Z,tif,tmin_0602_C.tif,prism/tmin_0602_C.tif,prism,63.02,2025-05-15T01:20:16Z,processed,FALSE,GeoTIFF raster
/Users/cjtinant/Documents/Rprojects_not-class/FFA_regional-skew/data/processed/prism/tmin_0603_C.tif,file, 60.06M,rw-r--r--,2025-05-15T01:20:16Z,cjtinant,staff,16777234,1,0,209554420,4096,123016,64,0,2025-07-18T04:48:29Z,2025-07-14T22:16:16Z,2025-05-15T01:20:16Z,tif,tmin_0603_C.tif,prism/tmin_0603_C.tif,prism,62.98,2025-05-15T01:20:16Z,processed,FALSE,GeoTIFF raster
/Users/cjtinant/Documents/Rprojects_not-class/FFA_regional-skew/data/processed/prism/tmin_0604_C.tif,file, 60.03M,rw-r--r--,2025-05-15T01:20:16Z,cjtinant,staff,16777234,1,0,209554422,4096,122944,64,0,2025-07-18T04:48:29Z,2025-07-14T22:16:23Z,2025-05-15T01:20:16Z,tif,tmin_0604_C.tif,prism/tmin_0604_C.tif,prism,62.95,2025-05-15T01:20:16Z,processed,FALSE,GeoTIFF raster
/Users/cjtinant/Documents/Rprojects_not-class/FFA_regional-skew/data/processed/prism/tmin_0605_C.tif,file, 60M,rw-r--r--,2025-05-15T01:20:16Z,cjtinant,staff,16777234,1,0,209554424,4096,122880,64,0,2025-07-18T04:48:29Z,2025-07-14T22:16:31Z,2025-05-15T01:20:16Z,tif,tmin_0605_C.tif,prism/tmin_0605_C.tif,prism,62.91,2025-05-15T01:20:16Z,processed,FALSE,GeoTIFF raster
/Users/cjtinant/Documents/Rprojects_not-class/FFA_regional-skew/data/processed/prism/tmin_0606_C.tif,file, 59.98M,rw-r--r--,2025-05-15T01:20:17Z,cjtinant,staff,16777234,1,0,209554425,4096,122832,64,0,2025-07-18T04:48:29Z,2025-07-14T22:16:42Z,2025-05-15T01:20:16Z,tif,tmin_0606_C.tif,prism/tmin_0606_C.tif,prism,62.89,2025-05-15T01:20:17Z,processed,FALSE,GeoTIFF raster
/Users/cjtinant/Documents/Rprojects_not-class/FFA_regional-skew/data/processed/prism/tmin_0607_C.tif,file, 59.95M,rw-r--r--,2025-05-15T01:20:17Z,cjtinant,staff,16777234,1,0,209554428,4096,122784,64,0,2025-07-18T04:48:29Z,2025-07-14T22:16:54Z,2025-05-15T01:20:17Z,tif,tmin_0607_C.tif,prism/tmin_0607_C.tif,prism,62.87,2025-05-15T01:20:17Z,processed,FALSE,GeoTIFF raster
/Users/cjtinant/Documents/Rprojects_not-class/FFA_regional-skew/data/processed/prism/tmin_0608_C.tif,file, 59.93M,rw-r--r--,2025-05-15T01:20:17Z,cjtinant,staff,16777234,1,0,209554430,4096,122744,64,0,2025-07-18T04:48:29Z,2025-07-14T22:17:04Z,2025-05-15T01:20:17Z,tif,tmin_0608_C.tif,prism/tmin_0608_C.tif,prism,62.84,2025-05-15T01:20:17Z,processed,FALSE,GeoTIFF raster
/Users/cjtinant/Documents/Rprojects_not-class/FFA_regional-skew/data/processed/prism/tmin_0609_C.tif,file, 59.91M,rw-r--r--,2025-05-15T01:20:17Z,cjtinant,staff,16777234,1,0,209554431,4096,122696,64,0,2025-07-18T04:48:29Z,2025-07-14T22:17:11Z,2025-05-15T01:20:17Z,tif,tmin_0609_C.tif,prism/tmin_0609_C.tif,prism,62.82,2025-05-15T01:20:17Z,processed,FALSE,GeoTIFF raster
/Users/cjtinant/Documents/Rprojects_not-class/FFA_regional-skew/data/processed/prism/tmin_0610_C.tif,file, 59.88M,rw-r--r--,2025-05-15T01:20:17Z,cjtinant,staff,16777234,1,0,209554432,4096,122640,64,0,2025-07-18T04:48:29Z,2025-07-14T22:17:16Z,2025-05-15T01:20:17Z,tif,tmin_0610_C.tif,prism/tmin_0610_C.tif,prism,62.79,2025-05-15T01:20:17Z,processed,FALSE,GeoTIFF raster
/Users/cjtinant/Documents/Rprojects_not-class/FFA_regional-skew/data/processed/prism/tmin_0611_C.tif,file, 59.85M,rw-r--r--,2025-05-15T01:20:17Z,cjtinant,staff,16777234,1,0,209554434,4096,122584,64,0,2025-07-18T04:48:29Z,2025-07-14T22:17:21Z,2025-05-15T01:20:17Z,tif,tmin_0611_C.tif,prism/tmin_0611_C.tif,prism,62.76,2025-05-15T01:20:17Z,processed,FALSE,GeoTIFF raster
/Users/cjtinant/Documents/Rprojects_not-class/FFA_regional-skew/data/processed/prism/tmin_0612_C.tif,file, 59.82M,rw-r--r--,2025-05-15T01:20:17Z,cjtinant,staff,16777234,1,0,209554435,4096,122528,64,0,2025-07-18T04:48:29Z,2025-07-14T22:17:26Z,2025-05-15T01:20:17Z,tif,tmin_0612_C.tif,prism/tmin_0612_C.tif,prism,62.73,2025-05-15T01:20:17Z,processed,FALSE,GeoTIFF raster
/Users/cjtinant/Documents/Rprojects_not-class/FFA_regional-skew/data/processed/prism/tmin_0613_C.tif,file, 59.8M,rw-r--r--,2025-05-15T01:20:17Z,cjtinant,staff,16777234,1,0,209554439,4096,122464,64,0,2025-07-18T04:48:29Z,2025-07-14T22:17:31Z,2025-05-15T01:20:17Z,tif,tmin_0613_C.tif,prism/tmin_0613_C.tif,prism,62.7,2025-05-15T01:20:17Z,processed,FALSE,GeoTIFF raster
/Users/cjtinant/Documents/Rprojects_not-class/FFA_regional-skew/data/processed/prism/tmin_0614_C.tif,file, 59.76M,rw-r--r--,2025-05-15T01:20:17Z,cjtinant,staff,16777234,1,0,209554440,4096,122400,64,0,2025-07-18T04:48:29Z,2025-07-14T22:17:37Z,2025-05-15T01:20:17Z,tif,tmin_0614_C.tif,prism/tmin_0614_C.tif,prism,62.66,2025-05-15T01:20:17Z,processed,FALSE,GeoTIFF raster
/Users/cjtinant/Documents/Rprojects_not-class/FFA_regional-skew/data/processed/prism/tmin_0615_C.tif,file, 59.72M,rw-r--r--,2025-05-15T01:20:17Z,cjtinant,staff,16777234,1,0,209554441,4096,122320,64,0,2025-07-18T04:48:29Z,2025-07-14T22:17:42Z,2025-05-15T01:20:17Z,tif,tmin_0615_C.tif,prism/tmin_0615_C.tif,prism,62.63,2025-05-15T01:20:17Z,processed,FALSE,GeoTIFF raster
/Users/cjtinant/Documents/Rprojects_not-class/FFA_regional-skew/data/processed/prism/tmin_0616_C.tif,file, 59.68M,rw-r--r--,2025-05-15T01:20:17Z,cjtinant,staff,16777234,1,0,209554442,4096,122240,64,0,2025-07-18T04:48:29Z,2025-07-14T22:17:47Z,2025-05-15T01:20:17Z,tif,tmin_0616_C.tif,prism/tmin_0616_C.tif,prism,62.58,2025-05-15T01:20:17Z,processed,FALSE,GeoTIFF raster
/Users/cjtinant/Documents/Rprojects_not-class/FFA_regional-skew/data/processed/prism/tmin_0617_C.tif,file, 59.65M,rw-r--r--,2025-05-15T01:20:17Z,cjtinant,staff,16777234,1,0,209554443,4096,122160,64,0,2025-07-18T04:48:29Z,2025-07-14T22:17:52Z,2025-05-15T01:20:17Z,tif,tmin_0617_C.tif,prism/tmin_0617_C.tif,prism,62.54,2025-05-15T01:20:17Z,processed,FALSE,GeoTIFF raster
/Users/cjtinant/Documents/Rprojects_not-class/FFA_regional-skew/data/processed/prism/tmin_0618_C.tif,file, 59.6M,rw-r--r--,2025-05-15T01:20:17Z,cjtinant,staff,16777234,1,0,209554444,4096,122072,64,0,2025-07-18T04:48:29Z,2025-07-14T22:17:58Z,2025-05-15T01:20:17Z,tif,tmin_0618_C.tif,prism/tmin_0618_C.tif,prism,62.5,2025-05-15T01:20:17Z,processed,FALSE,GeoTIFF raster
/Users/cjtinant/Documents/Rprojects_not-class/FFA_regional-skew/data/processed/prism/tmin_0619_C.tif,file, 59.56M,rw-r--r--,2025-05-15T01:20:17Z,cjtinant,staff,16777234,1,0,209554445,4096,121984,64,0,2025-07-18T04:48:29Z,2025-07-14T22:18:03Z,2025-05-15T01:20:17Z,tif,tmin_0619_C.tif,prism/tmin_0619_C.tif,prism,62.45,2025-05-15T01:20:17Z,processed,FALSE,GeoTIFF raster
/Users/cjtinant/Documents/Rprojects_not-class/FFA_regional-skew/data/processed/prism/tmin_0620_C.tif,file, 59.52M,rw-r--r--,2025-05-15T01:20:17Z,cjtinant,staff,16777234,1,0,209554446,4096,121896,64,0,2025-07-18T04:48:29Z,2025-07-14T22:18:08Z,2025-05-15T01:20:17Z,tif,tmin_0620_C.tif,prism/tmin_0620_C.tif,prism,62.41,2025-05-15T01:20:17Z,processed,FALSE,GeoTIFF raster
/Users/cjtinant/Documents/Rprojects_not-class/FFA_regional-skew/data/processed/prism/tmin_0621_C.tif,file, 59.47M,rw-r--r--,2025-05-15T01:20:17Z,cjtinant,staff,16777234,1,0,209554447,4096,121808,64,0,2025-07-18T04:48:29Z,2025-07-14T22:18:13Z,2025-05-15T01:20:17Z,tif,tmin_0621_C.tif,prism/tmin_0621_C.tif,prism,62.36,2025-05-15T01:20:17Z,processed,FALSE,GeoTIFF raster
/Users/cjtinant/Documents/Rprojects_not-class/FFA_regional-skew/data/processed/prism/tmin_0622_C.tif,file, 59.43M,rw-r--r--,2025-05-15T01:20:17Z,cjtinant,staff,16777234,1,0,209554448,4096,121720,64,0,2025-07-18T04:48:29Z,2025-07-14T22:18:18Z,2025-05-15T01:20:17Z,tif,tmin_0622_C.tif,prism/tmin_0622_C.tif,prism,62.32,2025-05-15T01:20:17Z,processed,FALSE,GeoTIFF raster
/Users/cjtinant/Documents/Rprojects_not-class/FFA_regional-skew/data/processed/prism/tmin_0623_C.tif,file, 59.39M,rw-r--r--,2025-05-15T01:20:17Z,cjtinant,staff,16777234,1,0,209554449,4096,121632,64,0,2025-07-18T04:48:29Z,2025-07-14T22:18:24Z,2025-05-15T01:20:17Z,tif,tmin_0623_C.tif,prism/tmin_0623_C.tif,prism,62.27,2025-05-15T01:20:17Z,processed,FALSE,GeoTIFF raster
/Users/cjtinant/Documents/Rprojects_not-class/FFA_regional-skew/data/processed/prism/tmin_0624_C.tif,file, 59.34M,rw-r--r--,2025-05-15T01:20:18Z,cjtinant,staff,16777234,1,0,209554450,4096,121544,64,0,2025-07-20T04:30:54Z,2025-07-14T22:18:30Z,2025-05-15T01:20:17Z,tif,tmin_0624_C.tif,prism/tmin_0624_C.tif,prism,62.23,2025-05-15T01:20:18Z,processed,FALSE,GeoTIFF raster
/Users/cjtinant/Documents/Rprojects_not-class/FFA_regional-skew/data/processed/prism/tmin_0625_C.tif,file, 59.31M,rw-r--r--,2025-05-15T01:20:18Z,cjtinant,staff,16777234,1,0,209554451,4096,121464,64,0,2025-07-18T04:48:29Z,2025-07-14T22:18:35Z,2025-05-15T01:20:18Z,tif,tmin_0625_C.tif,prism/tmin_0625_C.tif,prism,62.19,2025-05-15T01:20:18Z,processed,FALSE,GeoTIFF raster
/Users/cjtinant/Documents/Rprojects_not-class/FFA_regional-skew/data/processed/prism/tmin_0626_C.tif,file, 59.26M,rw-r--r--,2025-05-15T01:20:18Z,cjtinant,staff,16777234,1,0,209554456,4096,121376,64,0,2025-07-18T04:48:29Z,2025-07-14T22:18:40Z,2025-05-15T01:20:18Z,tif,tmin_0626_C.tif,prism/tmin_0626_C.tif,prism,62.14,2025-05-15T01:20:18Z,processed,FALSE,GeoTIFF raster
/Users/cjtinant/Documents/Rprojects_not-class/FFA_regional-skew/data/processed/prism/tmin_0627_C.tif,file, 59.23M,rw-r--r--,2025-05-15T01:20:18Z,cjtinant,staff,16777234,1,0,209554457,4096,121304,64,0,2025-07-18T04:48:29Z,2025-07-14T22:18:45Z,2025-05-15T01:20:18Z,tif,tmin_0627_C.tif,prism/tmin_0627_C.tif,prism,62.11,2025-05-15T01:20:18Z,processed,FALSE,GeoTIFF raster
/Users/cjtinant/Documents/Rprojects_not-class/FFA_regional-skew/data/processed/prism/tmin_0628_C.tif,file, 59.19M,rw-r--r--,2025-05-15T01:20:18Z,cjtinant,staff,16777234,1,0,209554458,4096,121232,64,0,2025-07-18T04:48:29Z,2025-07-14T22:18:50Z,2025-05-15T01:20:18Z,tif,tmin_0628_C.tif,prism/tmin_0628_C.tif,prism,62.07,2025-05-15T01:20:18Z,processed,FALSE,GeoTIFF raster
/Users/cjtinant/Documents/Rprojects_not-class/FFA_regional-skew/data/processed/prism/tmin_0629_C.tif,file, 59.16M,rw-r--r--,2025-05-15T01:20:18Z,cjtinant,staff,16777234,1,0,209554459,4096,121168,64,0,2025-07-18T04:48:29Z,2025-07-14T22:18:56Z,2025-05-15T01:20:18Z,tif,tmin_0629_C.tif,prism/tmin_0629_C.tif,prism,62.04,2025-05-15T01:20:18Z,processed,FALSE,GeoTIFF raster
/Users/cjtinant/Documents/Rprojects_not-class/FFA_regional-skew/data/processed/prism/tmin_0630_C.tif,file, 59.14M,rw-r--r--,2025-05-15T01:20:18Z,cjtinant,staff,16777234,1,0,209554460,4096,121120,64,0,2025-07-18T04:48:29Z,2025-07-14T22:19:03Z,2025-05-15T01:20:18Z,tif,tmin_0630_C.tif,prism/tmin_0630_C.tif,prism,62.01,2025-05-15T01:20:18Z,processed,FALSE,GeoTIFF raster
/Users/cjtinant/Documents/Rprojects_not-class/FFA_regional-skew/data/processed/prism/tmin_0701_C.tif,file, 59.11M,rw-r--r--,2025-05-15T01:20:18Z,cjtinant,staff,16777234,1,0,209554461,4096,121064,64,0,2025-07-18T04:48:29Z,2025-07-14T22:19:08Z,2025-05-15T01:20:18Z,tif,tmin_0701_C.tif,prism/tmin_0701_C.tif,prism,61.98,2025-05-15T01:20:18Z,processed,FALSE,GeoTIFF raster
/Users/cjtinant/Documents/Rprojects_not-class/FFA_regional-skew/data/processed/prism/tmin_0702_C.tif,file, 59.09M,rw-r--r--,2025-05-15T01:20:18Z,cjtinant,staff,16777234,1,0,209554462,4096,121008,64,0,2025-07-18T04:48:29Z,2025-07-14T22:19:12Z,2025-05-15T01:20:18Z,tif,tmin_0702_C.tif,prism/tmin_0702_C.tif,prism,61.96,2025-05-15T01:20:18Z,processed,FALSE,GeoTIFF raster
/Users/cjtinant/Documents/Rprojects_not-class/FFA_regional-skew/data/processed/prism/tmin_0703_C.tif,file, 59.07M,rw-r--r--,2025-05-15T01:20:18Z,cjtinant,staff,16777234,1,0,209554463,4096,120976,64,0,2025-07-18T04:48:29Z,2025-07-14T22:19:16Z,2025-05-15T01:20:18Z,tif,tmin_0703_C.tif,prism/tmin_0703_C.tif,prism,61.94,2025-05-15T01:20:18Z,processed,FALSE,GeoTIFF raster
/Users/cjtinant/Documents/Rprojects_not-class/FFA_regional-skew/data/processed/prism/tmin_0704_C.tif,file, 59.05M,rw-r--r--,2025-05-15T01:20:18Z,cjtinant,staff,16777234,1,0,209554464,4096,120952,64,0,2025-07-18T04:48:29Z,2025-07-14T22:19:21Z,2025-05-15T01:20:18Z,tif,tmin_0704_C.tif,prism/tmin_0704_C.tif,prism,61.92,2025-05-15T01:20:18Z,processed,FALSE,GeoTIFF raster
/Users/cjtinant/Documents/Rprojects_not-class/FFA_regional-skew/data/processed/prism/tmin_0705_C.tif,file, 59.04M,rw-r--r--,2025-05-15T01:20:18Z,cjtinant,staff,16777234,1,0,209554465,4096,120920,64,0,2025-07-18T04:48:29Z,2025-07-14T22:19:26Z,2025-05-15T01:20:18Z,tif,tmin_0705_C.tif,prism/tmin_0705_C.tif,prism,61.91,2025-05-15T01:20:18Z,processed,FALSE,GeoTIFF raster
/Users/cjtinant/Documents/Rprojects_not-class/FFA_regional-skew/data/processed/prism/tmin_0706_C.tif,file, 59.03M,rw-r--r--,2025-05-15T01:20:18Z,cjtinant,staff,16777234,1,0,209554466,4096,120896,64,0,2025-07-18T04:48:29Z,2025-07-14T22:19:31Z,2025-05-15T01:20:18Z,tif,tmin_0706_C.tif,prism/tmin_0706_C.tif,prism,61.9,2025-05-15T01:20:18Z,processed,FALSE,GeoTIFF raster
/Users/cjtinant/Documents/Rprojects_not-class/FFA_regional-skew/data/processed/prism/tmin_0707_C.tif,file, 59.01M,rw-r--r--,2025-05-15T01:20:18Z,cjtinant,staff,16777234,1,0,209554467,4096,120864,64,0,2025-07-18T04:48:29Z,2025-07-14T22:19:36Z,2025-05-15T01:20:18Z,tif,tmin_0707_C.tif,prism/tmin_0707_C.tif,prism,61.88,2025-05-15T01:20:18Z,processed,FALSE,GeoTIFF raster
/Users/cjtinant/Documents/Rprojects_not-class/FFA_regional-skew/data/processed/prism/tmin_0708_C.tif,file, 59M,rw-r--r--,2025-05-15T01:20:18Z,cjtinant,staff,16777234,1,0,209554468,4096,120824,64,0,2025-07-18T04:48:29Z,2025-07-14T22:19:41Z,2025-05-15T01:20:18Z,tif,tmin_0708_C.tif,prism/tmin_0708_C.tif,prism,61.86,2025-05-15T01:20:18Z,processed,FALSE,GeoTIFF raster
/Users/cjtinant/Documents/Rprojects_not-class/FFA_regional-skew/data/processed/prism/tmin_0709_C.tif,file, 58.98M,rw-r--r--,2025-05-15T01:20:18Z,cjtinant,staff,16777234,1,0,209554472,4096,120792,64,0,2025-07-18T00:13:28Z,2025-07-14T22:19:46Z,2025-05-15T01:20:18Z,tif,tmin_0709_C.tif,prism/tmin_0709_C.tif,prism,61.84,2025-05-15T01:20:18Z,processed,FALSE,GeoTIFF raster
/Users/cjtinant/Documents/Rprojects_not-class/FFA_regional-skew/data/processed/prism/tmin_0710_C.tif,file, 58.96M,rw-r--r--,2025-05-15T01:20:18Z,cjtinant,staff,16777234,1,0,209554473,4096,120760,64,0,2025-07-18T00:13:28Z,2025-07-14T22:19:51Z,2025-05-15T01:20:18Z,tif,tmin_0710_C.tif,prism/tmin_0710_C.tif,prism,61.83,2025-05-15T01:20:18Z,processed,FALSE,GeoTIFF raster
/Users/cjtinant/Documents/Rprojects_not-class/FFA_regional-skew/data/processed/prism/tmin_0711_C.tif,file, 58.95M,rw-r--r--,2025-05-15T01:20:18Z,cjtinant,staff,16777234,1,0,209554474,4096,120728,64,0,2025-07-18T00:13:28Z,2025-07-14T22:19:58Z,2025-05-15T01:20:18Z,tif,tmin_0711_C.tif,prism/tmin_0711_C.tif,prism,61.81,2025-05-15T01:20:18Z,processed,FALSE,GeoTIFF raster
/Users/cjtinant/Documents/Rprojects_not-class/FFA_regional-skew/data/processed/prism/tmin_0712_C.tif,file, 58.93M,rw-r--r--,2025-05-15T01:20:19Z,cjtinant,staff,16777234,1,0,209554475,4096,120696,64,0,2025-07-18T00:13:28Z,2025-07-14T22:20:04Z,2025-05-15T01:20:18Z,tif,tmin_0712_C.tif,prism/tmin_0712_C.tif,prism,61.8,2025-05-15T01:20:19Z,processed,FALSE,GeoTIFF raster
/Users/cjtinant/Documents/Rprojects_not-class/FFA_regional-skew/data/processed/prism/tmin_0713_C.tif,file, 58.92M,rw-r--r--,2025-05-15T01:20:19Z,cjtinant,staff,16777234,1,0,209554476,4096,120680,64,0,2025-07-18T00:13:28Z,2025-07-14T22:20:11Z,2025-05-15T01:20:19Z,tif,tmin_0713_C.tif,prism/tmin_0713_C.tif,prism,61.78,2025-05-15T01:20:19Z,processed,FALSE,GeoTIFF raster
/Users/cjtinant/Documents/Rprojects_not-class/FFA_regional-skew/data/processed/prism/tmin_0714_C.tif,file, 58.91M,rw-r--r--,2025-05-15T01:20:19Z,cjtinant,staff,16777234,1,0,209554477,4096,120648,64,0,2025-07-18T00:13:28Z,2025-07-14T22:20:17Z,2025-05-15T01:20:19Z,tif,tmin_0714_C.tif,prism/tmin_0714_C.tif,prism,61.77,2025-05-15T01:20:19Z,processed,FALSE,GeoTIFF raster
/Users/cjtinant/Documents/Rprojects_not-class/FFA_regional-skew/data/processed/prism/tmin_0715_C.tif,file, 58.9M,rw-r--r--,2025-05-15T01:20:19Z,cjtinant,staff,16777234,1,0,209554478,4096,120624,64,0,2025-07-18T00:13:28Z,2025-07-14T22:20:23Z,2025-05-15T01:20:19Z,tif,tmin_0715_C.tif,prism/tmin_0715_C.tif,prism,61.76,2025-05-15T01:20:19Z,processed,FALSE,GeoTIFF raster
/Users/cjtinant/Documents/Rprojects_not-class/FFA_regional-skew/data/processed/prism/tmin_0716_C.tif,file, 58.89M,rw-r--r--,2025-05-15T01:20:19Z,cjtinant,staff,16777234,1,0,209554479,4096,120600,64,0,2025-07-18T00:13:28Z,2025-07-14T22:20:30Z,2025-05-15T01:20:19Z,tif,tmin_0716_C.tif,prism/tmin_0716_C.tif,prism,61.75,2025-05-15T01:20:19Z,processed,FALSE,GeoTIFF raster
/Users/cjtinant/Documents/Rprojects_not-class/FFA_regional-skew/data/processed/prism/tmin_0717_C.tif,file, 58.87M,rw-r--r--,2025-05-15T01:20:19Z,cjtinant,staff,16777234,1,0,209554480,4096,120576,64,0,2025-07-18T00:13:28Z,2025-07-14T22:20:36Z,2025-05-15T01:20:19Z,tif,tmin_0717_C.tif,prism/tmin_0717_C.tif,prism,61.73,2025-05-15T01:20:19Z,processed,FALSE,GeoTIFF raster
/Users/cjtinant/Documents/Rprojects_not-class/FFA_regional-skew/data/processed/prism/tmin_0718_C.tif,file, 58.86M,rw-r--r--,2025-05-15T01:20:19Z,cjtinant,staff,16777234,1,0,209554481,4096,120552,64,0,2025-07-18T00:13:28Z,2025-07-14T22:20:43Z,2025-05-15T01:20:19Z,tif,tmin_0718_C.tif,prism/tmin_0718_C.tif,prism,61.72,2025-05-15T01:20:19Z,processed,FALSE,GeoTIFF raster
/Users/cjtinant/Documents/Rprojects_not-class/FFA_regional-skew/data/processed/prism/tmin_0719_C.tif,file, 58.85M,rw-r--r--,2025-05-15T01:20:19Z,cjtinant,staff,16777234,1,0,209554482,4096,120528,64,0,2025-07-18T00:13:28Z,2025-07-14T22:20:49Z,2025-05-15T01:20:19Z,tif,tmin_0719_C.tif,prism/tmin_0719_C.tif,prism,61.71,2025-05-15T01:20:19Z,processed,FALSE,GeoTIFF raster
/Users/cjtinant/Documents/Rprojects_not-class/FFA_regional-skew/data/processed/prism/tmin_0720_C.tif,file, 58.84M,rw-r--r--,2025-05-15T01:20:19Z,cjtinant,staff,16777234,1,0,209554486,4096,120504,64,0,2025-07-18T00:13:28Z,2025-07-14T22:20:55Z,2025-05-15T01:20:19Z,tif,tmin_0720_C.tif,prism/tmin_0720_C.tif,prism,61.7,2025-05-15T01:20:19Z,processed,FALSE,GeoTIFF raster
/Users/cjtinant/Documents/Rprojects_not-class/FFA_regional-skew/data/processed/prism/tmin_0721_C.tif,file, 58.83M,rw-r--r--,2025-05-15T01:20:19Z,cjtinant,staff,16777234,1,0,209554487,4096,120488,64,0,2025-07-18T00:13:28Z,2025-07-14T22:21:01Z,2025-05-15T01:20:19Z,tif,tmin_0721_C.tif,prism/tmin_0721_C.tif,prism,61.69,2025-05-15T01:20:19Z,processed,FALSE,GeoTIFF raster
/Users/cjtinant/Documents/Rprojects_not-class/FFA_regional-skew/data/processed/prism/tmin_0722_C.tif,file, 58.83M,rw-r--r--,2025-05-15T01:20:19Z,cjtinant,staff,16777234,1,0,209554488,4096,120488,64,0,2025-07-18T00:13:28Z,2025-07-14T22:21:18Z,2025-05-15T01:20:19Z,tif,tmin_0722_C.tif,prism/tmin_0722_C.tif,prism,61.69,2025-05-15T01:20:19Z,processed,FALSE,GeoTIFF raster
/Users/cjtinant/Documents/Rprojects_not-class/FFA_regional-skew/data/processed/prism/tmin_0723_C.tif,file, 58.83M,rw-r--r--,2025-05-15T01:20:19Z,cjtinant,staff,16777234,1,0,209554491,4096,120480,64,0,2025-07-18T00:13:28Z,2025-07-14T22:21:42Z,2025-05-15T01:20:19Z,tif,tmin_0723_C.tif,prism/tmin_0723_C.tif,prism,61.68,2025-05-15T01:20:19Z,processed,FALSE,GeoTIFF raster
/Users/cjtinant/Documents/Rprojects_not-class/FFA_regional-skew/data/processed/prism/tmin_0724_C.tif,file, 58.82M,rw-r--r--,2025-05-15T01:20:19Z,cjtinant,staff,16777234,1,0,209554492,4096,120480,64,0,2025-07-18T00:13:28Z,2025-07-14T22:21:52Z,2025-05-15T01:20:19Z,tif,tmin_0724_C.tif,prism/tmin_0724_C.tif,prism,61.68,2025-05-15T01:20:19Z,processed,FALSE,GeoTIFF raster
/Users/cjtinant/Documents/Rprojects_not-class/FFA_regional-skew/data/processed/prism/tmin_0725_C.tif,file, 58.83M,rw-r--r--,2025-05-15T01:20:19Z,cjtinant,staff,16777234,1,0,209554493,4096,120480,64,0,2025-07-18T00:13:28Z,2025-07-14T22:22:00Z,2025-05-15T01:20:19Z,tif,tmin_0725_C.tif,prism/tmin_0725_C.tif,prism,61.69,2025-05-15T01:20:19Z,processed,FALSE,GeoTIFF raster
/Users/cjtinant/Documents/Rprojects_not-class/FFA_regional-skew/data/processed/prism/tmin_0726_C.tif,file, 58.83M,rw-r--r--,2025-05-15T01:20:19Z,cjtinant,staff,16777234,1,0,209554494,4096,120480,64,0,2025-07-18T00:13:28Z,2025-07-14T22:22:09Z,2025-05-15T01:20:19Z,tif,tmin_0726_C.tif,prism/tmin_0726_C.tif,prism,61.68,2025-05-15T01:20:19Z,processed,FALSE,GeoTIFF raster
/Users/cjtinant/Documents/Rprojects_not-class/FFA_regional-skew/data/processed/prism/tmin_0727_C.tif,file, 58.83M,rw-r--r--,2025-05-15T01:20:19Z,cjtinant,staff,16777234,1,0,209554496,4096,120480,64,0,2025-07-18T00:13:28Z,2025-07-14T22:22:19Z,2025-05-15T01:20:19Z,tif,tmin_0727_C.tif,prism/tmin_0727_C.tif,prism,61.68,2025-05-15T01:20:19Z,processed,FALSE,GeoTIFF raster
/Users/cjtinant/Documents/Rprojects_not-class/FFA_regional-skew/data/processed/prism/tmin_0728_C.tif,file, 58.83M,rw-r--r--,2025-05-15T01:20:19Z,cjtinant,staff,16777234,1,0,209554497,4096,120496,64,0,2025-07-18T00:13:28Z,2025-07-14T22:22:28Z,2025-05-15T01:20:19Z,tif,tmin_0728_C.tif,prism/tmin_0728_C.tif,prism,61.69,2025-05-15T01:20:19Z,processed,FALSE,GeoTIFF raster
/Users/cjtinant/Documents/Rprojects_not-class/FFA_regional-skew/data/processed/prism/tmin_0729_C.tif,file, 58.84M,rw-r--r--,2025-05-15T01:20:19Z,cjtinant,staff,16777234,1,0,209554498,4096,120512,64,0,2025-07-18T00:13:28Z,2025-07-14T22:22:35Z,2025-05-15T01:20:19Z,tif,tmin_0729_C.tif,prism/tmin_0729_C.tif,prism,61.7,2025-05-15T01:20:19Z,processed,FALSE,GeoTIFF raster
/Users/cjtinant/Documents/Rprojects_not-class/FFA_regional-skew/data/processed/prism/tmin_0730_C.tif,file, 58.85M,rw-r--r--,2025-05-15T01:20:19Z,cjtinant,staff,16777234,1,0,209554499,4096,120536,64,0,2025-07-18T00:13:28Z,2025-07-14T22:22:48Z,2025-05-15T01:20:19Z,tif,tmin_0730_C.tif,prism/tmin_0730_C.tif,prism,61.71,2025-05-15T01:20:19Z,processed,FALSE,GeoTIFF raster
/Users/cjtinant/Documents/Rprojects_not-class/FFA_regional-skew/data/processed/prism/tmin_0731_C.tif,file, 58.87M,rw-r--r--,2025-05-15T01:20:20Z,cjtinant,staff,16777234,1,0,209554500,4096,120560,64,0,2025-07-18T00:13:28Z,2025-07-14T22:23:00Z,2025-05-15T01:20:19Z,tif,tmin_0731_C.tif,prism/tmin_0731_C.tif,prism,61.72,2025-05-15T01:20:20Z,processed,FALSE,GeoTIFF raster
/Users/cjtinant/Documents/Rprojects_not-class/FFA_regional-skew/data/processed/prism/tmin_0801_C.tif,file, 58.88M,rw-r--r--,2025-05-15T01:20:20Z,cjtinant,staff,16777234,1,0,209554501,4096,120592,64,0,2025-07-18T00:13:28Z,2025-07-14T22:23:08Z,2025-05-15T01:20:20Z,tif,tmin_0801_C.tif,prism/tmin_0801_C.tif,prism,61.74,2025-05-15T01:20:20Z,processed,FALSE,GeoTIFF raster
/Users/cjtinant/Documents/Rprojects_not-class/FFA_regional-skew/data/processed/prism/tmin_0802_C.tif,file, 58.89M,rw-r--r--,2025-05-15T01:20:20Z,cjtinant,staff,16777234,1,0,209554503,4096,120608,64,0,2025-07-18T00:13:28Z,2025-07-14T22:23:16Z,2025-05-15T01:20:20Z,tif,tmin_0802_C.tif,prism/tmin_0802_C.tif,prism,61.75,2025-05-15T01:20:20Z,processed,FALSE,GeoTIFF raster
/Users/cjtinant/Documents/Rprojects_not-class/FFA_regional-skew/data/processed/prism/tmin_0803_C.tif,file, 58.9M,rw-r--r--,2025-05-15T01:20:20Z,cjtinant,staff,16777234,1,0,209554506,4096,120640,64,0,2025-07-18T00:13:28Z,2025-07-14T22:23:24Z,2025-05-15T01:20:20Z,tif,tmin_0803_C.tif,prism/tmin_0803_C.tif,prism,61.77,2025-05-15T01:20:20Z,processed,FALSE,GeoTIFF raster
/Users/cjtinant/Documents/Rprojects_not-class/FFA_regional-skew/data/processed/prism/tmin_0804_C.tif,file, 58.91M,rw-r--r--,2025-05-15T01:20:20Z,cjtinant,staff,16777234,1,0,209554507,4096,120656,64,0,2025-07-18T00:13:28Z,2025-07-14T22:23:33Z,2025-05-15T01:20:20Z,tif,tmin_0804_C.tif,prism/tmin_0804_C.tif,prism,61.77,2025-05-15T01:20:20Z,processed,FALSE,GeoTIFF raster
/Users/cjtinant/Documents/Rprojects_not-class/FFA_regional-skew/data/processed/prism/tmin_0805_C.tif,file, 58.92M,rw-r--r--,2025-05-15T01:20:20Z,cjtinant,staff,16777234,1,0,209554508,4096,120680,64,0,2025-07-18T00:13:28Z,2025-07-14T22:23:40Z,2025-05-15T01:20:20Z,tif,tmin_0805_C.tif,prism/tmin_0805_C.tif,prism,61.79,2025-05-15T01:20:20Z,processed,FALSE,GeoTIFF raster
/Users/cjtinant/Documents/Rprojects_not-class/FFA_regional-skew/data/processed/prism/tmin_0806_C.tif,file, 58.93M,rw-r--r--,2025-05-15T01:20:20Z,cjtinant,staff,16777234,1,0,209554510,4096,120696,64,0,2025-07-18T00:13:28Z,2025-07-14T22:23:48Z,2025-05-15T01:20:20Z,tif,tmin_0806_C.tif,prism/tmin_0806_C.tif,prism,61.79,2025-05-15T01:20:20Z,processed,FALSE,GeoTIFF raster
/Users/cjtinant/Documents/Rprojects_not-class/FFA_regional-skew/data/processed/prism/tmin_0807_C.tif,file, 58.94M,rw-r--r--,2025-05-15T01:20:20Z,cjtinant,staff,16777234,1,0,209554511,4096,120720,64,0,2025-07-18T00:13:28Z,2025-07-14T22:23:57Z,2025-05-15T01:20:20Z,tif,tmin_0807_C.tif,prism/tmin_0807_C.tif,prism,61.81,2025-05-15T01:20:20Z,processed,FALSE,GeoTIFF raster
/Users/cjtinant/Documents/Rprojects_not-class/FFA_regional-skew/data/processed/prism/tmin_0808_C.tif,file, 58.95M,rw-r--r--,2025-05-15T01:20:20Z,cjtinant,staff,16777234,1,0,209554512,4096,120736,64,0,2025-07-18T00:13:28Z,2025-07-14T22:24:05Z,2025-05-15T01:20:20Z,tif,tmin_0808_C.tif,prism/tmin_0808_C.tif,prism,61.81,2025-05-15T01:20:20Z,processed,FALSE,GeoTIFF raster
/Users/cjtinant/Documents/Rprojects_not-class/FFA_regional-skew/data/processed/prism/tmin_0809_C.tif,file, 58.96M,rw-r--r--,2025-05-15T01:20:20Z,cjtinant,staff,16777234,1,0,209554513,4096,120752,64,0,2025-07-18T00:13:28Z,2025-07-14T22:24:16Z,2025-05-15T01:20:20Z,tif,tmin_0809_C.tif,prism/tmin_0809_C.tif,prism,61.82,2025-05-15T01:20:20Z,processed,FALSE,GeoTIFF raster
/Users/cjtinant/Documents/Rprojects_not-class/FFA_regional-skew/data/processed/prism/tmin_0810_C.tif,file, 58.98M,rw-r--r--,2025-05-15T01:20:20Z,cjtinant,staff,16777234,1,0,209554514,4096,120784,64,0,2025-07-18T00:13:28Z,2025-07-14T22:24:29Z,2025-05-15T01:20:20Z,tif,tmin_0810_C.tif,prism/tmin_0810_C.tif,prism,61.84,2025-05-15T01:20:20Z,processed,FALSE,GeoTIFF raster
/Users/cjtinant/Documents/Rprojects_not-class/FFA_regional-skew/data/processed/prism/tmin_0811_C.tif,file, 58.99M,rw-r--r--,2025-05-15T01:20:20Z,cjtinant,staff,16777234,1,0,209554520,4096,120808,64,0,2025-07-18T00:13:28Z,2025-07-14T22:24:44Z,2025-05-15T01:20:20Z,tif,tmin_0811_C.tif,prism/tmin_0811_C.tif,prism,61.85,2025-05-15T01:20:20Z,processed,FALSE,GeoTIFF raster
/Users/cjtinant/Documents/Rprojects_not-class/FFA_regional-skew/data/processed/prism/tmin_0812_C.tif,file, 58.99M,rw-r--r--,2025-05-15T01:20:20Z,cjtinant,staff,16777234,1,0,209554524,4096,120816,64,0,2025-07-18T00:13:28Z,2025-07-14T22:24:57Z,2025-05-15T01:20:20Z,tif,tmin_0812_C.tif,prism/tmin_0812_C.tif,prism,61.85,2025-05-15T01:20:20Z,processed,FALSE,GeoTIFF raster
/Users/cjtinant/Documents/Rprojects_not-class/FFA_regional-skew/data/processed/prism/tmin_0813_C.tif,file, 59M,rw-r--r--,2025-05-15T01:20:20Z,cjtinant,staff,16777234,1,0,209554530,4096,120832,64,0,2025-07-18T04:48:29Z,2025-07-14T22:25:05Z,2025-05-15T01:20:20Z,tif,tmin_0813_C.tif,prism/tmin_0813_C.tif,prism,61.87,2025-05-15T01:20:20Z,processed,FALSE,GeoTIFF raster
/Users/cjtinant/Documents/Rprojects_not-class/FFA_regional-skew/data/processed/prism/tmin_0814_C.tif,file, 59M,rw-r--r--,2025-05-15T01:20:20Z,cjtinant,staff,16777234,1,0,209554536,4096,120840,64,0,2025-07-18T04:48:29Z,2025-07-14T22:25:17Z,2025-05-15T01:20:20Z,tif,tmin_0814_C.tif,prism/tmin_0814_C.tif,prism,61.87,2025-05-15T01:20:20Z,processed,FALSE,GeoTIFF raster
/Users/cjtinant/Documents/Rprojects_not-class/FFA_regional-skew/data/processed/prism/tmin_0815_C.tif,file, 59.01M,rw-r--r--,2025-05-15T01:20:20Z,cjtinant,staff,16777234,1,0,209554537,4096,120864,64,0,2025-07-18T04:48:29Z,2025-07-14T22:25:24Z,2025-05-15T01:20:20Z,tif,tmin_0815_C.tif,prism/tmin_0815_C.tif,prism,61.88,2025-05-15T01:20:20Z,processed,FALSE,GeoTIFF raster
/Users/cjtinant/Documents/Rprojects_not-class/FFA_regional-skew/data/processed/prism/tmin_0816_C.tif,file, 59.03M,rw-r--r--,2025-05-15T01:20:20Z,cjtinant,staff,16777234,1,0,209554538,4096,120888,64,0,2025-07-18T04:48:29Z,2025-07-14T22:25:33Z,2025-05-15T01:20:20Z,tif,tmin_0816_C.tif,prism/tmin_0816_C.tif,prism,61.89,2025-05-15T01:20:20Z,processed,FALSE,GeoTIFF raster
/Users/cjtinant/Documents/Rprojects_not-class/FFA_regional-skew/data/processed/prism/tmin_0817_C.tif,file, 59.04M,rw-r--r--,2025-05-15T01:20:21Z,cjtinant,staff,16777234,1,0,209554539,4096,120912,64,0,2025-07-18T04:48:29Z,2025-07-14T22:25:40Z,2025-05-15T01:20:20Z,tif,tmin_0817_C.tif,prism/tmin_0817_C.tif,prism,61.91,2025-05-15T01:20:21Z,processed,FALSE,GeoTIFF raster
/Users/cjtinant/Documents/Rprojects_not-class/FFA_regional-skew/data/processed/prism/tmin_0818_C.tif,file, 59.05M,rw-r--r--,2025-05-15T01:20:21Z,cjtinant,staff,16777234,1,0,209554540,4096,120944,64,0,2025-07-18T04:48:29Z,2025-07-14T22:25:47Z,2025-05-15T01:20:21Z,tif,tmin_0818_C.tif,prism/tmin_0818_C.tif,prism,61.92,2025-05-15T01:20:21Z,processed,FALSE,GeoTIFF raster
/Users/cjtinant/Documents/Rprojects_not-class/FFA_regional-skew/data/processed/prism/tmin_0819_C.tif,file, 59.07M,rw-r--r--,2025-05-15T01:20:21Z,cjtinant,staff,16777234,1,0,209554542,4096,120976,64,0,2025-07-18T04:48:29Z,2025-07-14T22:25:56Z,2025-05-15T01:20:21Z,tif,tmin_0819_C.tif,prism/tmin_0819_C.tif,prism,61.94,2025-05-15T01:20:21Z,processed,FALSE,GeoTIFF raster
/Users/cjtinant/Documents/Rprojects_not-class/FFA_regional-skew/data/processed/prism/tmin_0820_C.tif,file, 59.09M,rw-r--r--,2025-05-15T01:20:21Z,cjtinant,staff,16777234,1,0,209554543,4096,121016,64,0,2025-07-18T04:48:29Z,2025-07-14T22:26:04Z,2025-05-15T01:20:21Z,tif,tmin_0820_C.tif,prism/tmin_0820_C.tif,prism,61.96,2025-05-15T01:20:21Z,processed,FALSE,GeoTIFF raster
/Users/cjtinant/Documents/Rprojects_not-class/FFA_regional-skew/data/processed/prism/tmin_0821_C.tif,file, 59.1M,rw-r--r--,2025-05-15T01:20:21Z,cjtinant,staff,16777234,1,0,209554544,4096,121040,64,0,2025-07-18T04:48:29Z,2025-07-14T22:26:14Z,2025-05-15T01:20:21Z,tif,tmin_0821_C.tif,prism/tmin_0821_C.tif,prism,61.97,2025-05-15T01:20:21Z,processed,FALSE,GeoTIFF raster
/Users/cjtinant/Documents/Rprojects_not-class/FFA_regional-skew/data/processed/prism/tmin_0822_C.tif,file, 59.12M,rw-r--r--,2025-05-15T01:20:21Z,cjtinant,staff,16777234,1,0,209554545,4096,121080,64,0,2025-07-18T04:48:29Z,2025-07-14T22:26:23Z,2025-05-15T01:20:21Z,tif,tmin_0822_C.tif,prism/tmin_0822_C.tif,prism,61.99,2025-05-15T01:20:21Z,processed,FALSE,GeoTIFF raster
/Users/cjtinant/Documents/Rprojects_not-class/FFA_regional-skew/data/processed/prism/tmin_0823_C.tif,file, 59.13M,rw-r--r--,2025-05-15T01:20:21Z,cjtinant,staff,16777234,1,0,209554546,4096,121112,64,0,2025-07-18T04:48:29Z,2025-07-14T22:26:33Z,2025-05-15T01:20:21Z,tif,tmin_0823_C.tif,prism/tmin_0823_C.tif,prism,62.01,2025-05-15T01:20:21Z,processed,FALSE,GeoTIFF raster
/Users/cjtinant/Documents/Rprojects_not-class/FFA_regional-skew/data/processed/prism/tmin_0824_C.tif,file, 59.15M,rw-r--r--,2025-05-15T01:20:21Z,cjtinant,staff,16777234,1,0,209554547,4096,121144,64,0,2025-07-18T04:48:29Z,2025-07-14T22:26:43Z,2025-05-15T01:20:21Z,tif,tmin_0824_C.tif,prism/tmin_0824_C.tif,prism,62.02,2025-05-15T01:20:21Z,processed,FALSE,GeoTIFF raster
/Users/cjtinant/Documents/Rprojects_not-class/FFA_regional-skew/data/processed/prism/tmin_0825_C.tif,file, 59.16M,rw-r--r--,2025-05-15T01:20:21Z,cjtinant,staff,16777234,1,0,209554548,4096,121168,64,0,2025-07-18T04:48:29Z,2025-07-14T22:26:52Z,2025-05-15T01:20:21Z,tif,tmin_0825_C.tif,prism/tmin_0825_C.tif,prism,62.04,2025-05-15T01:20:21Z,processed,FALSE,GeoTIFF raster
/Users/cjtinant/Documents/Rprojects_not-class/FFA_regional-skew/data/processed/prism/tmin_0826_C.tif,file, 59.18M,rw-r--r--,2025-05-15T01:20:21Z,cjtinant,staff,16777234,1,0,209554552,4096,121208,64,0,2025-07-18T04:48:29Z,2025-07-14T22:27:00Z,2025-05-15T01:20:21Z,tif,tmin_0826_C.tif,prism/tmin_0826_C.tif,prism,62.06,2025-05-15T01:20:21Z,processed,FALSE,GeoTIFF raster
/Users/cjtinant/Documents/Rprojects_not-class/FFA_regional-skew/data/processed/prism/tmin_0827_C.tif,file, 59.2M,rw-r--r--,2025-05-15T01:20:21Z,cjtinant,staff,16777234,1,0,209554553,4096,121248,64,0,2025-07-18T04:48:29Z,2025-07-14T22:27:10Z,2025-05-15T01:20:21Z,tif,tmin_0827_C.tif,prism/tmin_0827_C.tif,prism,62.08,2025-05-15T01:20:21Z,processed,FALSE,GeoTIFF raster
/Users/cjtinant/Documents/Rprojects_not-class/FFA_regional-skew/data/processed/prism/tmin_0828_C.tif,file, 59.22M,rw-r--r--,2025-05-15T01:20:21Z,cjtinant,staff,16777234,1,0,209554554,4096,121296,64,0,2025-07-18T04:48:29Z,2025-07-14T22:27:19Z,2025-05-15T01:20:21Z,tif,tmin_0828_C.tif,prism/tmin_0828_C.tif,prism,62.1,2025-05-15T01:20:21Z,processed,FALSE,GeoTIFF raster
/Users/cjtinant/Documents/Rprojects_not-class/FFA_regional-skew/data/processed/prism/tmin_0829_C.tif,file, 59.24M,rw-r--r--,2025-05-15T01:20:21Z,cjtinant,staff,16777234,1,0,209554555,4096,121328,64,0,2025-07-18T04:48:29Z,2025-07-14T22:27:29Z,2025-05-15T01:20:21Z,tif,tmin_0829_C.tif,prism/tmin_0829_C.tif,prism,62.12,2025-05-15T01:20:21Z,processed,FALSE,GeoTIFF raster
/Users/cjtinant/Documents/Rprojects_not-class/FFA_regional-skew/data/processed/prism/tmin_0830_C.tif,file, 59.26M,rw-r--r--,2025-05-15T01:20:21Z,cjtinant,staff,16777234,1,0,209554556,4096,121368,64,0,2025-07-18T04:48:29Z,2025-07-14T22:27:47Z,2025-05-15T01:20:21Z,tif,tmin_0830_C.tif,prism/tmin_0830_C.tif,prism,62.14,2025-05-15T01:20:21Z,processed,FALSE,GeoTIFF raster
/Users/cjtinant/Documents/Rprojects_not-class/FFA_regional-skew/data/processed/prism/tmin_0831_C.tif,file, 59.28M,rw-r--r--,2025-05-15T01:20:21Z,cjtinant,staff,16777234,1,0,209554557,4096,121408,64,0,2025-07-18T04:48:29Z,2025-07-14T22:28:07Z,2025-05-15T01:20:21Z,tif,tmin_0831_C.tif,prism/tmin_0831_C.tif,prism,62.16,2025-05-15T01:20:21Z,processed,FALSE,GeoTIFF raster
/Users/cjtinant/Documents/Rprojects_not-class/FFA_regional-skew/data/processed/prism/tmin_0901_C.tif,file, 59.3M,rw-r--r--,2025-05-15T01:20:21Z,cjtinant,staff,16777234,1,0,209554558,4096,121456,64,0,2025-07-18T04:48:29Z,2025-07-14T22:28:15Z,2025-05-15T01:20:21Z,tif,tmin_0901_C.tif,prism/tmin_0901_C.tif,prism,62.19,2025-05-15T01:20:21Z,processed,FALSE,GeoTIFF raster
/Users/cjtinant/Documents/Rprojects_not-class/FFA_regional-skew/data/processed/prism/tmin_0902_C.tif,file, 59.33M,rw-r--r--,2025-05-15T01:20:21Z,cjtinant,staff,16777234,1,0,209554559,4096,121504,64,0,2025-07-18T04:48:29Z,2025-07-14T22:28:21Z,2025-05-15T01:20:21Z,tif,tmin_0902_C.tif,prism/tmin_0902_C.tif,prism,62.21,2025-05-15T01:20:21Z,processed,FALSE,GeoTIFF raster
/Users/cjtinant/Documents/Rprojects_not-class/FFA_regional-skew/data/processed/prism/tmin_0903_C.tif,file, 59.36M,rw-r--r--,2025-05-15T01:20:21Z,cjtinant,staff,16777234,1,0,209554560,4096,121568,64,0,2025-07-18T04:48:29Z,2025-07-14T22:28:31Z,2025-05-15T01:20:21Z,tif,tmin_0903_C.tif,prism/tmin_0903_C.tif,prism,62.24,2025-05-15T01:20:21Z,processed,FALSE,GeoTIFF raster
/Users/cjtinant/Documents/Rprojects_not-class/FFA_regional-skew/data/processed/prism/tmin_0904_C.tif,file, 59.39M,rw-r--r--,2025-05-15T01:20:22Z,cjtinant,staff,16777234,1,0,209554561,4096,121640,64,0,2025-07-18T04:48:29Z,2025-07-14T22:28:43Z,2025-05-15T01:20:21Z,tif,tmin_0904_C.tif,prism/tmin_0904_C.tif,prism,62.28,2025-05-15T01:20:22Z,processed,FALSE,GeoTIFF raster
/Users/cjtinant/Documents/Rprojects_not-class/FFA_regional-skew/data/processed/prism/tmin_0905_C.tif,file, 59.44M,rw-r--r--,2025-05-15T01:20:22Z,cjtinant,staff,16777234,1,0,209554562,4096,121728,64,0,2025-07-18T04:48:29Z,2025-07-14T22:28:54Z,2025-05-15T01:20:22Z,tif,tmin_0905_C.tif,prism/tmin_0905_C.tif,prism,62.32,2025-05-15T01:20:22Z,processed,FALSE,GeoTIFF raster
/Users/cjtinant/Documents/Rprojects_not-class/FFA_regional-skew/data/processed/prism/tmin_0906_C.tif,file, 59.48M,rw-r--r--,2025-05-15T01:20:22Z,cjtinant,staff,16777234,1,0,209554563,4096,121816,64,0,2025-07-18T04:48:29Z,2025-07-14T22:29:06Z,2025-05-15T01:20:22Z,tif,tmin_0906_C.tif,prism/tmin_0906_C.tif,prism,62.37,2025-05-15T01:20:22Z,processed,FALSE,GeoTIFF raster
/Users/cjtinant/Documents/Rprojects_not-class/FFA_regional-skew/data/processed/prism/tmin_0907_C.tif,file, 59.53M,rw-r--r--,2025-05-15T01:20:22Z,cjtinant,staff,16777234,1,0,209554564,4096,121920,64,0,2025-07-18T04:48:29Z,2025-07-14T22:29:20Z,2025-05-15T01:20:22Z,tif,tmin_0907_C.tif,prism/tmin_0907_C.tif,prism,62.42,2025-05-15T01:20:22Z,processed,FALSE,GeoTIFF raster
/Users/cjtinant/Documents/Rprojects_not-class/FFA_regional-skew/data/processed/prism/tmin_0908_C.tif,file, 59.58M,rw-r--r--,2025-05-15T01:20:22Z,cjtinant,staff,16777234,1,0,209554568,4096,122032,64,0,2025-07-18T04:48:29Z,2025-07-14T22:29:26Z,2025-05-15T01:20:22Z,tif,tmin_0908_C.tif,prism/tmin_0908_C.tif,prism,62.48,2025-05-15T01:20:22Z,processed,FALSE,GeoTIFF raster
/Users/cjtinant/Documents/Rprojects_not-class/FFA_regional-skew/data/processed/prism/tmin_0909_C.tif,file, 59.63M,rw-r--r--,2025-05-15T01:20:22Z,cjtinant,staff,16777234,1,0,209554570,4096,122136,64,0,2025-07-18T04:48:29Z,2025-07-14T22:29:36Z,2025-05-15T01:20:22Z,tif,tmin_0909_C.tif,prism/tmin_0909_C.tif,prism,62.53,2025-05-15T01:20:22Z,processed,FALSE,GeoTIFF raster
/Users/cjtinant/Documents/Rprojects_not-class/FFA_regional-skew/data/processed/prism/tmin_0910_C.tif,file, 59.68M,rw-r--r--,2025-05-15T01:20:22Z,cjtinant,staff,16777234,1,0,209554571,4096,122232,64,0,2025-07-18T04:48:29Z,2025-07-14T22:29:47Z,2025-05-15T01:20:22Z,tif,tmin_0910_C.tif,prism/tmin_0910_C.tif,prism,62.58,2025-05-15T01:20:22Z,processed,FALSE,GeoTIFF raster
/Users/cjtinant/Documents/Rprojects_not-class/FFA_regional-skew/data/processed/prism/tmin_0911_C.tif,file, 59.74M,rw-r--r--,2025-05-15T01:20:22Z,cjtinant,staff,16777234,1,0,209554572,4096,122352,64,0,2025-07-18T04:48:29Z,2025-07-14T22:30:08Z,2025-05-15T01:20:22Z,tif,tmin_0911_C.tif,prism/tmin_0911_C.tif,prism,62.64,2025-05-15T01:20:22Z,processed,FALSE,GeoTIFF raster
/Users/cjtinant/Documents/Rprojects_not-class/FFA_regional-skew/data/processed/prism/tmin_0912_C.tif,file, 59.8M,rw-r--r--,2025-05-15T01:20:22Z,cjtinant,staff,16777234,1,0,209554573,4096,122472,64,0,2025-07-18T04:48:29Z,2025-07-14T22:30:16Z,2025-05-15T01:20:22Z,tif,tmin_0912_C.tif,prism/tmin_0912_C.tif,prism,62.7,2025-05-15T01:20:22Z,processed,FALSE,GeoTIFF raster
/Users/cjtinant/Documents/Rprojects_not-class/FFA_regional-skew/data/processed/prism/tmin_0913_C.tif,file, 59.86M,rw-r--r--,2025-05-15T01:20:22Z,cjtinant,staff,16777234,1,0,209554574,4096,122592,64,0,2025-07-18T04:48:29Z,2025-07-14T22:30:23Z,2025-05-15T01:20:22Z,tif,tmin_0913_C.tif,prism/tmin_0913_C.tif,prism,62.76,2025-05-15T01:20:22Z,processed,FALSE,GeoTIFF raster
/Users/cjtinant/Documents/Rprojects_not-class/FFA_regional-skew/data/processed/prism/tmin_0914_C.tif,file, 59.92M,rw-r--r--,2025-05-15T01:20:22Z,cjtinant,staff,16777234,1,0,209554575,4096,122720,64,0,2025-07-18T04:48:29Z,2025-07-14T22:30:32Z,2025-05-15T01:20:22Z,tif,tmin_0914_C.tif,prism/tmin_0914_C.tif,prism,62.83,2025-05-15T01:20:22Z,processed,FALSE,GeoTIFF raster
/Users/cjtinant/Documents/Rprojects_not-class/FFA_regional-skew/data/processed/prism/tmin_0915_C.tif,file, 59.99M,rw-r--r--,2025-05-15T01:20:22Z,cjtinant,staff,16777234,1,0,209554576,4096,122856,64,0,2025-07-18T04:48:29Z,2025-07-14T22:30:40Z,2025-05-15T01:20:22Z,tif,tmin_0915_C.tif,prism/tmin_0915_C.tif,prism,62.9,2025-05-15T01:20:22Z,processed,FALSE,GeoTIFF raster
/Users/cjtinant/Documents/Rprojects_not-class/FFA_regional-skew/data/processed/prism/tmin_0916_C.tif,file, 60.05M,rw-r--r--,2025-05-15T01:20:22Z,cjtinant,staff,16777234,1,0,209554577,4096,122984,64,0,2025-07-18T04:48:29Z,2025-07-14T22:30:49Z,2025-05-15T01:20:22Z,tif,tmin_0916_C.tif,prism/tmin_0916_C.tif,prism,62.96,2025-05-15T01:20:22Z,processed,FALSE,GeoTIFF raster
/Users/cjtinant/Documents/Rprojects_not-class/FFA_regional-skew/data/processed/prism/tmin_0917_C.tif,file, 60.1M,rw-r--r--,2025-05-15T01:20:22Z,cjtinant,staff,16777234,1,0,209554578,4096,123096,64,0,2025-07-18T04:48:29Z,2025-07-14T22:31:03Z,2025-05-15T01:20:22Z,tif,tmin_0917_C.tif,prism/tmin_0917_C.tif,prism,63.02,2025-05-15T01:20:22Z,processed,FALSE,GeoTIFF raster
/Users/cjtinant/Documents/Rprojects_not-class/FFA_regional-skew/data/processed/prism/tmin_0918_C.tif,file, 60.16M,rw-r--r--,2025-05-15T01:20:22Z,cjtinant,staff,16777234,1,0,209554579,4096,123216,64,0,2025-07-18T04:48:29Z,2025-07-14T22:31:16Z,2025-05-15T01:20:22Z,tif,tmin_0918_C.tif,prism/tmin_0918_C.tif,prism,63.08,2025-05-15T01:20:22Z,processed,FALSE,GeoTIFF raster
/Users/cjtinant/Documents/Rprojects_not-class/FFA_regional-skew/data/processed/prism/tmin_0919_C.tif,file, 60.22M,rw-r--r--,2025-05-15T01:20:22Z,cjtinant,staff,16777234,1,0,209554580,4096,123344,64,0,2025-07-18T04:48:29Z,2025-07-14T22:31:25Z,2025-05-15T01:20:22Z,tif,tmin_0919_C.tif,prism/tmin_0919_C.tif,prism,63.15,2025-05-15T01:20:22Z,processed,FALSE,GeoTIFF raster
/Users/cjtinant/Documents/Rprojects_not-class/FFA_regional-skew/data/processed/prism/tmin_0920_C.tif,file, 60.28M,rw-r--r--,2025-05-15T01:20:22Z,cjtinant,staff,16777234,1,0,209554586,4096,123464,64,0,2025-07-18T04:48:29Z,2025-07-14T22:31:35Z,2025-05-15T01:20:22Z,tif,tmin_0920_C.tif,prism/tmin_0920_C.tif,prism,63.21,2025-05-15T01:20:22Z,processed,FALSE,GeoTIFF raster
/Users/cjtinant/Documents/Rprojects_not-class/FFA_regional-skew/data/processed/prism/tmin_0921_C.tif,file, 60.35M,rw-r--r--,2025-05-15T01:20:22Z,cjtinant,staff,16777234,1,0,209554587,4096,123608,64,0,2025-07-18T04:48:29Z,2025-07-14T22:31:46Z,2025-05-15T01:20:22Z,tif,tmin_0921_C.tif,prism/tmin_0921_C.tif,prism,63.28,2025-05-15T01:20:22Z,processed,FALSE,GeoTIFF raster
/Users/cjtinant/Documents/Rprojects_not-class/FFA_regional-skew/data/processed/prism/tmin_0922_C.tif,file, 60.41M,rw-r--r--,2025-05-15T01:20:23Z,cjtinant,staff,16777234,1,0,209554588,4096,123720,64,0,2025-07-18T04:48:40Z,2025-07-14T22:31:57Z,2025-05-15T01:20:22Z,tif,tmin_0922_C.tif,prism/tmin_0922_C.tif,prism,63.34,2025-05-15T01:20:23Z,processed,FALSE,GeoTIFF raster
/Users/cjtinant/Documents/Rprojects_not-class/FFA_regional-skew/data/processed/prism/tmin_0923_C.tif,file, 60.48M,rw-r--r--,2025-05-15T01:20:23Z,cjtinant,staff,16777234,1,0,209554592,4096,123856,64,0,2025-07-18T04:48:40Z,2025-07-14T22:32:13Z,2025-05-15T01:20:23Z,tif,tmin_0923_C.tif,prism/tmin_0923_C.tif,prism,63.41,2025-05-15T01:20:23Z,processed,FALSE,GeoTIFF raster
/Users/cjtinant/Documents/Rprojects_not-class/FFA_regional-skew/data/processed/prism/tmin_0924_C.tif,file, 60.54M,rw-r--r--,2025-05-15T01:20:23Z,cjtinant,staff,16777234,1,0,209554594,4096,123984,64,0,2025-07-18T04:48:40Z,2025-07-14T22:32:22Z,2025-05-15T01:20:23Z,tif,tmin_0924_C.tif,prism/tmin_0924_C.tif,prism,63.48,2025-05-15T01:20:23Z,processed,FALSE,GeoTIFF raster
/Users/cjtinant/Documents/Rprojects_not-class/FFA_regional-skew/data/processed/prism/tmin_0925_C.tif,file, 60.61M,rw-r--r--,2025-05-15T01:20:23Z,cjtinant,staff,16777234,1,0,209554596,4096,124128,64,0,2025-07-18T04:48:40Z,2025-07-15T16:52:50Z,2025-05-15T01:20:23Z,tif,tmin_0925_C.tif,prism/tmin_0925_C.tif,prism,63.55,2025-05-15T01:20:23Z,processed,FALSE,GeoTIFF raster
/Users/cjtinant/Documents/Rprojects_not-class/FFA_regional-skew/data/processed/prism/tmin_0926_C.tif,file, 60.68M,rw-r--r--,2025-05-15T01:20:23Z,cjtinant,staff,16777234,1,0,209554597,4096,124264,64,0,2025-07-18T04:48:40Z,2025-07-15T17:27:02Z,2025-05-15T01:20:23Z,tif,tmin_0926_C.tif,prism/tmin_0926_C.tif,prism,63.62,2025-05-15T01:20:23Z,processed,FALSE,GeoTIFF raster
/Users/cjtinant/Documents/Rprojects_not-class/FFA_regional-skew/data/processed/prism/tmin_0927_C.tif,file, 60.75M,rw-r--r--,2025-05-15T01:20:23Z,cjtinant,staff,16777234,1,0,209554598,4096,124408,64,0,2025-07-18T04:48:40Z,2025-07-15T17:27:11Z,2025-05-15T01:20:23Z,tif,tmin_0927_C.tif,prism/tmin_0927_C.tif,prism,63.7,2025-05-15T01:20:23Z,processed,FALSE,GeoTIFF raster
/Users/cjtinant/Documents/Rprojects_not-class/FFA_regional-skew/data/processed/prism/tmin_0928_C.tif,file, 60.83M,rw-r--r--,2025-05-15T01:20:23Z,cjtinant,staff,16777234,1,0,209554599,4096,124576,64,0,2025-07-18T04:48:40Z,2025-07-15T17:27:17Z,2025-05-15T01:20:23Z,tif,tmin_0928_C.tif,prism/tmin_0928_C.tif,prism,63.78,2025-05-15T01:20:23Z,processed,FALSE,GeoTIFF raster
/Users/cjtinant/Documents/Rprojects_not-class/FFA_regional-skew/data/processed/prism/tmin_0929_C.tif,file, 60.91M,rw-r--r--,2025-05-15T01:20:23Z,cjtinant,staff,16777234,1,0,209554600,4096,124744,64,0,2025-07-18T04:48:40Z,2025-07-15T17:27:23Z,2025-05-15T01:20:23Z,tif,tmin_0929_C.tif,prism/tmin_0929_C.tif,prism,63.87,2025-05-15T01:20:23Z,processed,FALSE,GeoTIFF raster
/Users/cjtinant/Documents/Rprojects_not-class/FFA_regional-skew/data/processed/prism/tmin_0930_C.tif,file, 60.99M,rw-r--r--,2025-05-15T01:20:23Z,cjtinant,staff,16777234,1,0,209554601,4096,124920,64,0,2025-07-18T04:48:40Z,2025-07-15T17:27:29Z,2025-05-15T01:20:23Z,tif,tmin_0930_C.tif,prism/tmin_0930_C.tif,prism,63.96,2025-05-15T01:20:23Z,processed,FALSE,GeoTIFF raster
/Users/cjtinant/Documents/Rprojects_not-class/FFA_regional-skew/data/processed/prism/tmin_1001_C.tif,file, 61.08M,rw-r--r--,2025-05-15T01:20:23Z,cjtinant,staff,16777234,1,0,209554602,4096,125096,64,0,2025-07-18T04:48:40Z,2025-07-15T17:27:34Z,2025-05-15T01:20:23Z,tif,tmin_1001_C.tif,prism/tmin_1001_C.tif,prism,64.05,2025-05-15T01:20:23Z,processed,FALSE,GeoTIFF raster
/Users/cjtinant/Documents/Rprojects_not-class/FFA_regional-skew/data/processed/prism/tmin_1002_C.tif,file, 61.18M,rw-r--r--,2025-05-15T01:20:23Z,cjtinant,staff,16777234,1,0,209554603,4096,125296,64,0,2025-07-18T04:48:29Z,2025-07-15T17:27:40Z,2025-05-15T01:20:23Z,tif,tmin_1002_C.tif,prism/tmin_1002_C.tif,prism,64.15,2025-05-15T01:20:23Z,processed,FALSE,GeoTIFF raster
/Users/cjtinant/Documents/Rprojects_not-class/FFA_regional-skew/data/processed/prism/tmin_1003_C.tif,file, 61.28M,rw-r--r--,2025-05-15T01:20:23Z,cjtinant,staff,16777234,1,0,209554604,4096,125512,64,0,2025-07-18T04:48:29Z,2025-07-15T17:27:49Z,2025-05-15T01:20:23Z,tif,tmin_1003_C.tif,prism/tmin_1003_C.tif,prism,64.26,2025-05-15T01:20:23Z,processed,FALSE,GeoTIFF raster
/Users/cjtinant/Documents/Rprojects_not-class/FFA_regional-skew/data/processed/prism/tmin_1004_C.tif,file, 61.4M,rw-r--r--,2025-05-15T01:20:23Z,cjtinant,staff,16777234,1,0,209554606,4096,125760,64,0,2025-07-18T04:48:29Z,2025-07-15T17:28:55Z,2025-05-15T01:20:23Z,tif,tmin_1004_C.tif,prism/tmin_1004_C.tif,prism,64.39,2025-05-15T01:20:23Z,processed,FALSE,GeoTIFF raster
/Users/cjtinant/Documents/Rprojects_not-class/FFA_regional-skew/data/processed/prism/tmin_1005_C.tif,file, 61.53M,rw-r--r--,2025-05-15T01:20:23Z,cjtinant,staff,16777234,1,0,209554609,4096,126008,64,0,2025-07-18T04:48:29Z,2025-07-15T17:29:03Z,2025-05-15T01:20:23Z,tif,tmin_1005_C.tif,prism/tmin_1005_C.tif,prism,64.51,2025-05-15T01:20:23Z,processed,FALSE,GeoTIFF raster
/Users/cjtinant/Documents/Rprojects_not-class/FFA_regional-skew/data/processed/prism/tmin_1006_C.tif,file, 61.67M,rw-r--r--,2025-05-15T01:20:23Z,cjtinant,staff,16777234,1,0,209554611,4096,126304,64,0,2025-07-18T04:48:29Z,2025-07-15T17:29:08Z,2025-05-15T01:20:23Z,tif,tmin_1006_C.tif,prism/tmin_1006_C.tif,prism,64.67,2025-05-15T01:20:23Z,processed,FALSE,GeoTIFF raster
/Users/cjtinant/Documents/Rprojects_not-class/FFA_regional-skew/data/processed/prism/tmin_1007_C.tif,file, 61.81M,rw-r--r--,2025-05-15T01:20:23Z,cjtinant,staff,16777234,1,0,209554614,4096,126600,64,0,2025-07-18T04:48:29Z,2025-07-15T17:29:13Z,2025-05-15T01:20:23Z,tif,tmin_1007_C.tif,prism/tmin_1007_C.tif,prism,64.82,2025-05-15T01:20:23Z,processed,FALSE,GeoTIFF raster
/Users/cjtinant/Documents/Rprojects_not-class/FFA_regional-skew/data/processed/prism/tmin_1008_C.tif,file, 61.95M,rw-r--r--,2025-05-15T01:20:23Z,cjtinant,staff,16777234,1,0,209554616,4096,126888,64,0,2025-07-18T04:48:29Z,2025-07-15T17:29:18Z,2025-05-15T01:20:23Z,tif,tmin_1008_C.tif,prism/tmin_1008_C.tif,prism,64.96,2025-05-15T01:20:23Z,processed,FALSE,GeoTIFF raster
/Users/cjtinant/Documents/Rprojects_not-class/FFA_regional-skew/data/processed/prism/tmin_1009_C.tif,file, 62.1M,rw-r--r--,2025-05-15T01:20:24Z,cjtinant,staff,16777234,1,0,209554617,4096,127192,64,0,2025-07-18T04:48:49Z,2025-07-15T17:29:24Z,2025-05-15T01:20:23Z,tif,tmin_1009_C.tif,prism/tmin_1009_C.tif,prism,65.12,2025-05-15T01:20:24Z,processed,FALSE,GeoTIFF raster
/Users/cjtinant/Documents/Rprojects_not-class/FFA_regional-skew/data/processed/prism/tmin_1010_C.tif,file, 62.24M,rw-r--r--,2025-05-15T01:20:24Z,cjtinant,staff,16777234,1,0,209554619,4096,127480,64,0,2025-07-18T04:48:29Z,2025-07-15T17:29:31Z,2025-05-15T01:20:24Z,tif,tmin_1010_C.tif,prism/tmin_1010_C.tif,prism,65.27,2025-05-15T01:20:24Z,processed,FALSE,GeoTIFF raster
/Users/cjtinant/Documents/Rprojects_not-class/FFA_regional-skew/data/processed/prism/tmin_1011_C.tif,file, 62.38M,rw-r--r--,2025-05-15T01:20:24Z,cjtinant,staff,16777234,1,0,209554625,4096,127768,64,0,2025-07-18T04:48:29Z,2025-07-15T17:29:45Z,2025-05-15T01:20:24Z,tif,tmin_1011_C.tif,prism/tmin_1011_C.tif,prism,65.41,2025-05-15T01:20:24Z,processed,FALSE,GeoTIFF raster
/Users/cjtinant/Documents/Rprojects_not-class/FFA_regional-skew/data/processed/prism/tmin_1012_C.tif,file, 62.52M,rw-r--r--,2025-05-15T01:20:24Z,cjtinant,staff,16777234,1,0,209554626,4096,128040,64,0,2025-07-18T04:48:29Z,2025-07-15T17:30:02Z,2025-05-15T01:20:24Z,tif,tmin_1012_C.tif,prism/tmin_1012_C.tif,prism,65.56,2025-05-15T01:20:24Z,processed,FALSE,GeoTIFF raster
/Users/cjtinant/Documents/Rprojects_not-class/FFA_regional-skew/data/processed/prism/tmin_1013_C.tif,file, 62.65M,rw-r--r--,2025-05-15T01:20:24Z,cjtinant,staff,16777234,1,0,209554633,4096,128320,64,0,2025-07-18T04:48:29Z,2025-07-15T17:30:14Z,2025-05-15T01:20:24Z,tif,tmin_1013_C.tif,prism/tmin_1013_C.tif,prism,65.7,2025-05-15T01:20:24Z,processed,FALSE,GeoTIFF raster
/Users/cjtinant/Documents/Rprojects_not-class/FFA_regional-skew/data/processed/prism/tmin_1014_C.tif,file, 62.79M,rw-r--r--,2025-05-15T01:20:24Z,cjtinant,staff,16777234,1,0,209554636,4096,128592,64,0,2025-07-18T04:48:29Z,2025-07-15T17:30:36Z,2025-05-15T01:20:24Z,tif,tmin_1014_C.tif,prism/tmin_1014_C.tif,prism,65.84,2025-05-15T01:20:24Z,processed,FALSE,GeoTIFF raster
/Users/cjtinant/Documents/Rprojects_not-class/FFA_regional-skew/data/processed/prism/tmin_1015_C.tif,file, 62.94M,rw-r--r--,2025-05-15T01:20:24Z,cjtinant,staff,16777234,1,0,209554637,4096,128904,64,0,2025-07-18T04:48:29Z,2025-07-15T17:31:04Z,2025-05-15T01:20:24Z,tif,tmin_1015_C.tif,prism/tmin_1015_C.tif,prism,66,2025-05-15T01:20:24Z,processed,FALSE,GeoTIFF raster
/Users/cjtinant/Documents/Rprojects_not-class/FFA_regional-skew/data/processed/prism/tmin_1016_C.tif,file, 63.07M,rw-r--r--,2025-05-15T01:20:24Z,cjtinant,staff,16777234,1,0,209554638,4096,129176,64,0,2025-07-18T04:48:29Z,2025-07-15T17:31:41Z,2025-05-15T01:20:24Z,tif,tmin_1016_C.tif,prism/tmin_1016_C.tif,prism,66.14,2025-05-15T01:20:24Z,processed,FALSE,GeoTIFF raster
/Users/cjtinant/Documents/Rprojects_not-class/FFA_regional-skew/data/processed/prism/tmin_1017_C.tif,file, 63.17M,rw-r--r--,2025-05-15T01:20:24Z,cjtinant,staff,16777234,1,0,209554639,4096,129376,64,0,2025-07-18T04:48:29Z,2025-07-15T17:31:54Z,2025-05-15T01:20:24Z,tif,tmin_1017_C.tif,prism/tmin_1017_C.tif,prism,66.24,2025-05-15T01:20:24Z,processed,FALSE,GeoTIFF raster
/Users/cjtinant/Documents/Rprojects_not-class/FFA_regional-skew/data/processed/prism/tmin_1018_C.tif,file, 63.27M,rw-r--r--,2025-05-15T01:20:24Z,cjtinant,staff,16777234,1,0,209554640,4096,129576,64,0,2025-07-18T04:48:29Z,2025-07-15T17:32:02Z,2025-05-15T01:20:24Z,tif,tmin_1018_C.tif,prism/tmin_1018_C.tif,prism,66.34,2025-05-15T01:20:24Z,processed,FALSE,GeoTIFF raster
/Users/cjtinant/Documents/Rprojects_not-class/FFA_regional-skew/data/processed/prism/tmin_1019_C.tif,file, 63.33M,rw-r--r--,2025-05-15T01:20:24Z,cjtinant,staff,16777234,1,0,209554641,4096,129696,64,0,2025-07-18T04:48:29Z,2025-07-15T17:32:13Z,2025-05-15T01:20:24Z,tif,tmin_1019_C.tif,prism/tmin_1019_C.tif,prism,66.4,2025-05-15T01:20:24Z,processed,FALSE,GeoTIFF raster
/Users/cjtinant/Documents/Rprojects_not-class/FFA_regional-skew/data/processed/prism/tmin_1020_C.tif,file, 63.37M,rw-r--r--,2025-05-15T01:20:24Z,cjtinant,staff,16777234,1,0,209554642,4096,129792,64,0,2025-07-18T04:48:29Z,2025-07-15T17:32:21Z,2025-05-15T01:20:24Z,tif,tmin_1020_C.tif,prism/tmin_1020_C.tif,prism,66.45,2025-05-15T01:20:24Z,processed,FALSE,GeoTIFF raster
/Users/cjtinant/Documents/Rprojects_not-class/FFA_regional-skew/data/processed/prism/tmin_1021_C.tif,file, 63.41M,rw-r--r--,2025-05-15T01:20:24Z,cjtinant,staff,16777234,1,0,209554643,4096,129872,64,0,2025-07-18T04:48:29Z,2025-07-15T17:32:27Z,2025-05-15T01:20:24Z,tif,tmin_1021_C.tif,prism/tmin_1021_C.tif,prism,66.49,2025-05-15T01:20:24Z,processed,FALSE,GeoTIFF raster
/Users/cjtinant/Documents/Rprojects_not-class/FFA_regional-skew/data/processed/prism/tmin_1022_C.tif,file, 63.44M,rw-r--r--,2025-05-15T01:20:24Z,cjtinant,staff,16777234,1,0,209554648,4096,129928,64,0,2025-07-18T04:48:29Z,2025-07-15T17:32:35Z,2025-05-15T01:20:24Z,tif,tmin_1022_C.tif,prism/tmin_1022_C.tif,prism,66.52,2025-05-15T01:20:24Z,processed,FALSE,GeoTIFF raster
/Users/cjtinant/Documents/Rprojects_not-class/FFA_regional-skew/data/processed/prism/tmin_1023_C.tif,file, 63.48M,rw-r--r--,2025-05-15T01:20:24Z,cjtinant,staff,16777234,1,0,209554649,4096,130000,64,0,2025-07-18T04:48:29Z,2025-07-15T17:32:42Z,2025-05-15T01:20:24Z,tif,tmin_1023_C.tif,prism/tmin_1023_C.tif,prism,66.56,2025-05-15T01:20:24Z,processed,FALSE,GeoTIFF raster
/Users/cjtinant/Documents/Rprojects_not-class/FFA_regional-skew/data/processed/prism/tmin_1024_C.tif,file, 63.5M,rw-r--r--,2025-05-15T01:20:24Z,cjtinant,staff,16777234,1,0,209554650,4096,130048,64,0,2025-07-18T04:48:29Z,2025-07-15T17:32:51Z,2025-05-15T01:20:24Z,tif,tmin_1024_C.tif,prism/tmin_1024_C.tif,prism,66.58,2025-05-15T01:20:24Z,processed,FALSE,GeoTIFF raster
/Users/cjtinant/Documents/Rprojects_not-class/FFA_regional-skew/data/processed/prism/tmin_1025_C.tif,file, 63.51M,rw-r--r--,2025-05-15T01:20:24Z,cjtinant,staff,16777234,1,0,209554651,4096,130064,64,0,2025-07-18T04:48:29Z,2025-07-15T17:33:01Z,2025-05-15T01:20:24Z,tif,tmin_1025_C.tif,prism/tmin_1025_C.tif,prism,66.59,2025-05-15T01:20:24Z,processed,FALSE,GeoTIFF raster
/Users/cjtinant/Documents/Rprojects_not-class/FFA_regional-skew/data/processed/prism/tmin_1026_C.tif,file, 63.51M,rw-r--r--,2025-05-15T01:20:24Z,cjtinant,staff,16777234,1,0,209554652,4096,130064,64,0,2025-07-18T04:48:29Z,2025-07-15T17:33:12Z,2025-05-15T01:20:24Z,tif,tmin_1026_C.tif,prism/tmin_1026_C.tif,prism,66.59,2025-05-15T01:20:24Z,processed,FALSE,GeoTIFF raster
/Users/cjtinant/Documents/Rprojects_not-class/FFA_regional-skew/data/processed/prism/tmin_1027_C.tif,file, 63.51M,rw-r--r--,2025-05-15T01:20:25Z,cjtinant,staff,16777234,1,0,209554654,4096,130072,64,0,2025-07-18T00:13:28Z,2025-07-15T17:33:22Z,2025-05-15T01:20:24Z,tif,tmin_1027_C.tif,prism/tmin_1027_C.tif,prism,66.59,2025-05-15T01:20:25Z,processed,FALSE,GeoTIFF raster
/Users/cjtinant/Documents/Rprojects_not-class/FFA_regional-skew/data/processed/prism/tmin_1028_C.tif,file, 63.51M,rw-r--r--,2025-05-15T01:20:25Z,cjtinant,staff,16777234,1,0,209554655,4096,130064,64,0,2025-07-18T00:13:28Z,2025-07-15T17:33:33Z,2025-05-15T01:20:25Z,tif,tmin_1028_C.tif,prism/tmin_1028_C.tif,prism,66.59,2025-05-15T01:20:25Z,processed,FALSE,GeoTIFF raster
/Users/cjtinant/Documents/Rprojects_not-class/FFA_regional-skew/data/processed/prism/tmin_1029_C.tif,file, 63.46M,rw-r--r--,2025-05-15T01:20:25Z,cjtinant,staff,16777234,1,0,209554656,4096,129968,64,0,2025-07-18T00:13:28Z,2025-07-15T17:33:42Z,2025-05-15T01:20:25Z,tif,tmin_1029_C.tif,prism/tmin_1029_C.tif,prism,66.54,2025-05-15T01:20:25Z,processed,FALSE,GeoTIFF raster
/Users/cjtinant/Documents/Rprojects_not-class/FFA_regional-skew/data/processed/prism/tmin_1030_C.tif,file, 63.45M,rw-r--r--,2025-05-15T01:20:25Z,cjtinant,staff,16777234,1,0,209554657,4096,129944,64,0,2025-07-18T00:13:28Z,2025-07-15T17:33:55Z,2025-05-15T01:20:25Z,tif,tmin_1030_C.tif,prism/tmin_1030_C.tif,prism,66.53,2025-05-15T01:20:25Z,processed,FALSE,GeoTIFF raster
/Users/cjtinant/Documents/Rprojects_not-class/FFA_regional-skew/data/processed/prism/tmin_1031_C.tif,file, 63.44M,rw-r--r--,2025-05-15T01:20:25Z,cjtinant,staff,16777234,1,0,209554658,4096,129928,64,0,2025-07-18T00:13:28Z,2025-07-15T17:34:01Z,2025-05-15T01:20:25Z,tif,tmin_1031_C.tif,prism/tmin_1031_C.tif,prism,66.52,2025-05-15T01:20:25Z,processed,FALSE,GeoTIFF raster
/Users/cjtinant/Documents/Rprojects_not-class/FFA_regional-skew/data/processed/prism/tmin_1101_C.tif,file, 63.41M,rw-r--r--,2025-05-15T01:20:25Z,cjtinant,staff,16777234,1,0,209554659,4096,129872,64,0,2025-07-18T04:48:29Z,2025-07-15T17:34:08Z,2025-05-15T01:20:25Z,tif,tmin_1101_C.tif,prism/tmin_1101_C.tif,prism,66.49,2025-05-15T01:20:25Z,processed,FALSE,GeoTIFF raster
/Users/cjtinant/Documents/Rprojects_not-class/FFA_regional-skew/data/processed/prism/tmin_1102_C.tif,file, 63.4M,rw-r--r--,2025-05-15T01:20:25Z,cjtinant,staff,16777234,1,0,209554662,4096,129840,64,0,2025-07-18T04:48:29Z,2025-07-15T17:34:17Z,2025-05-15T01:20:25Z,tif,tmin_1102_C.tif,prism/tmin_1102_C.tif,prism,66.48,2025-05-15T01:20:25Z,processed,FALSE,GeoTIFF raster
/Users/cjtinant/Documents/Rprojects_not-class/FFA_regional-skew/data/processed/prism/tmin_1103_C.tif,file, 63.39M,rw-r--r--,2025-05-15T01:20:25Z,cjtinant,staff,16777234,1,0,209554664,4096,129832,64,0,2025-07-18T04:48:29Z,2025-07-15T17:34:26Z,2025-05-15T01:20:25Z,tif,tmin_1103_C.tif,prism/tmin_1103_C.tif,prism,66.47,2025-05-15T01:20:25Z,processed,FALSE,GeoTIFF raster
/Users/cjtinant/Documents/Rprojects_not-class/FFA_regional-skew/data/processed/prism/tmin_1104_C.tif,file, 63.4M,rw-r--r--,2025-05-15T01:20:25Z,cjtinant,staff,16777234,1,0,209554665,4096,129840,64,0,2025-07-18T04:48:29Z,2025-07-15T17:34:33Z,2025-05-15T01:20:25Z,tif,tmin_1104_C.tif,prism/tmin_1104_C.tif,prism,66.48,2025-05-15T01:20:25Z,processed,FALSE,GeoTIFF raster
/Users/cjtinant/Documents/Rprojects_not-class/FFA_regional-skew/data/processed/prism/tmin_1105_C.tif,file, 63.39M,rw-r--r--,2025-05-15T01:20:25Z,cjtinant,staff,16777234,1,0,209554666,4096,129832,64,0,2025-07-18T04:48:29Z,2025-07-15T17:34:40Z,2025-05-15T01:20:25Z,tif,tmin_1105_C.tif,prism/tmin_1105_C.tif,prism,66.47,2025-05-15T01:20:25Z,processed,FALSE,GeoTIFF raster
/Users/cjtinant/Documents/Rprojects_not-class/FFA_regional-skew/data/processed/prism/tmin_1106_C.tif,file, 63.38M,rw-r--r--,2025-05-15T01:20:25Z,cjtinant,staff,16777234,1,0,209554670,4096,129808,64,0,2025-07-18T04:48:29Z,2025-07-15T17:34:46Z,2025-05-15T01:20:25Z,tif,tmin_1106_C.tif,prism/tmin_1106_C.tif,prism,66.46,2025-05-15T01:20:25Z,processed,FALSE,GeoTIFF raster
/Users/cjtinant/Documents/Rprojects_not-class/FFA_regional-skew/data/processed/prism/tmin_1107_C.tif,file, 63.37M,rw-r--r--,2025-05-15T01:20:25Z,cjtinant,staff,16777234,1,0,209554671,4096,129792,64,0,2025-07-18T04:48:29Z,2025-07-15T17:34:56Z,2025-05-15T01:20:25Z,tif,tmin_1107_C.tif,prism/tmin_1107_C.tif,prism,66.45,2025-05-15T01:20:25Z,processed,FALSE,GeoTIFF raster
/Users/cjtinant/Documents/Rprojects_not-class/FFA_regional-skew/data/processed/prism/tmin_1108_C.tif,file, 63.37M,rw-r--r--,2025-05-15T01:20:25Z,cjtinant,staff,16777234,1,0,209554672,4096,129784,64,0,2025-07-18T04:48:29Z,2025-07-15T17:35:10Z,2025-05-15T01:20:25Z,tif,tmin_1108_C.tif,prism/tmin_1108_C.tif,prism,66.45,2025-05-15T01:20:25Z,processed,FALSE,GeoTIFF raster
/Users/cjtinant/Documents/Rprojects_not-class/FFA_regional-skew/data/processed/prism/tmin_1109_C.tif,file, 63.39M,rw-r--r--,2025-05-15T01:20:25Z,cjtinant,staff,16777234,1,0,209554673,4096,129832,64,0,2025-07-18T04:48:29Z,2025-07-15T17:35:20Z,2025-05-15T01:20:25Z,tif,tmin_1109_C.tif,prism/tmin_1109_C.tif,prism,66.47,2025-05-15T01:20:25Z,processed,FALSE,GeoTIFF raster
/Users/cjtinant/Documents/Rprojects_not-class/FFA_regional-skew/data/processed/prism/tmin_1110_C.tif,file, 63.4M,rw-r--r--,2025-05-15T01:20:25Z,cjtinant,staff,16777234,1,0,209554674,4096,129856,64,0,2025-07-18T04:48:29Z,2025-07-15T17:35:27Z,2025-05-15T01:20:25Z,tif,tmin_1110_C.tif,prism/tmin_1110_C.tif,prism,66.48,2025-05-15T01:20:25Z,processed,FALSE,GeoTIFF raster
/Users/cjtinant/Documents/Rprojects_not-class/FFA_regional-skew/data/processed/prism/tmin_1111_C.tif,file, 63.41M,rw-r--r--,2025-05-15T01:20:25Z,cjtinant,staff,16777234,1,0,209554675,4096,129864,64,0,2025-07-18T00:13:28Z,2025-07-15T17:35:38Z,2025-05-15T01:20:25Z,tif,tmin_1111_C.tif,prism/tmin_1111_C.tif,prism,66.49,2025-05-15T01:20:25Z,processed,FALSE,GeoTIFF raster
/Users/cjtinant/Documents/Rprojects_not-class/FFA_regional-skew/data/processed/prism/tmin_1112_C.tif,file, 63.42M,rw-r--r--,2025-05-15T01:20:26Z,cjtinant,staff,16777234,1,0,209554676,4096,129896,64,0,2025-07-18T00:13:28Z,2025-07-15T17:35:47Z,2025-05-15T01:20:25Z,tif,tmin_1112_C.tif,prism/tmin_1112_C.tif,prism,66.51,2025-05-15T01:20:26Z,processed,FALSE,GeoTIFF raster
/Users/cjtinant/Documents/Rprojects_not-class/FFA_regional-skew/data/processed/prism/tmin_1113_C.tif,file, 63.41M,rw-r--r--,2025-05-15T01:20:26Z,cjtinant,staff,16777234,1,0,209554677,4096,129872,64,0,2025-07-18T00:13:28Z,2025-07-15T17:35:53Z,2025-05-15T01:20:26Z,tif,tmin_1113_C.tif,prism/tmin_1113_C.tif,prism,66.49,2025-05-15T01:20:26Z,processed,FALSE,GeoTIFF raster
/Users/cjtinant/Documents/Rprojects_not-class/FFA_regional-skew/data/processed/prism/tmin_1114_C.tif,file, 63.39M,rw-r--r--,2025-05-15T01:20:26Z,cjtinant,staff,16777234,1,0,209554678,4096,129824,64,0,2025-07-18T00:13:28Z,2025-07-15T17:35:59Z,2025-05-15T01:20:26Z,tif,tmin_1114_C.tif,prism/tmin_1114_C.tif,prism,66.47,2025-05-15T01:20:26Z,processed,FALSE,GeoTIFF raster
/Users/cjtinant/Documents/Rprojects_not-class/FFA_regional-skew/data/processed/prism/tmin_1115_C.tif,file, 63.36M,rw-r--r--,2025-05-15T01:20:26Z,cjtinant,staff,16777234,1,0,209554679,4096,129776,64,0,2025-07-18T00:13:28Z,2025-07-15T17:36:04Z,2025-05-15T01:20:26Z,tif,tmin_1115_C.tif,prism/tmin_1115_C.tif,prism,66.44,2025-05-15T01:20:26Z,processed,FALSE,GeoTIFF raster
/Users/cjtinant/Documents/Rprojects_not-class/FFA_regional-skew/data/processed/prism/tmin_1116_C.tif,file, 63.33M,rw-r--r--,2025-05-15T01:20:26Z,cjtinant,staff,16777234,1,0,209554680,4096,129712,64,0,2025-07-18T00:13:28Z,2025-07-15T17:36:09Z,2025-05-15T01:20:26Z,tif,tmin_1116_C.tif,prism/tmin_1116_C.tif,prism,66.41,2025-05-15T01:20:26Z,processed,FALSE,GeoTIFF raster
/Users/cjtinant/Documents/Rprojects_not-class/FFA_regional-skew/data/processed/prism/tmin_1117_C.tif,file, 63.29M,rw-r--r--,2025-05-15T01:20:26Z,cjtinant,staff,16777234,1,0,209554681,4096,129624,64,0,2025-07-18T00:13:28Z,2025-07-15T17:36:15Z,2025-05-15T01:20:26Z,tif,tmin_1117_C.tif,prism/tmin_1117_C.tif,prism,66.37,2025-05-15T01:20:26Z,processed,FALSE,GeoTIFF raster
/Users/cjtinant/Documents/Rprojects_not-class/FFA_regional-skew/data/processed/prism/tmin_1118_C.tif,file, 63.25M,rw-r--r--,2025-05-15T01:20:26Z,cjtinant,staff,16777234,1,0,209554682,4096,129544,64,0,2025-07-18T00:13:28Z,2025-07-15T17:36:24Z,2025-05-15T01:20:26Z,tif,tmin_1118_C.tif,prism/tmin_1118_C.tif,prism,66.32,2025-05-15T01:20:26Z,processed,FALSE,GeoTIFF raster
/Users/cjtinant/Documents/Rprojects_not-class/FFA_regional-skew/data/processed/prism/tmin_1119_C.tif,file, 63.22M,rw-r--r--,2025-05-15T01:20:26Z,cjtinant,staff,16777234,1,0,209554683,4096,129472,64,0,2025-07-18T00:13:28Z,2025-07-15T17:36:33Z,2025-05-15T01:20:26Z,tif,tmin_1119_C.tif,prism/tmin_1119_C.tif,prism,66.29,2025-05-15T01:20:26Z,processed,FALSE,GeoTIFF raster
/Users/cjtinant/Documents/Rprojects_not-class/FFA_regional-skew/data/processed/prism/tmin_1120_C.tif,file, 63.19M,rw-r--r--,2025-05-15T01:20:26Z,cjtinant,staff,16777234,1,0,209554684,4096,129416,64,0,2025-07-18T00:13:28Z,2025-07-15T17:36:42Z,2025-05-15T01:20:26Z,tif,tmin_1120_C.tif,prism/tmin_1120_C.tif,prism,66.26,2025-05-15T01:20:26Z,processed,FALSE,GeoTIFF raster
/Users/cjtinant/Documents/Rprojects_not-class/FFA_regional-skew/data/processed/prism/tmin_1121_C.tif,file, 63.17M,rw-r--r--,2025-05-15T01:20:26Z,cjtinant,staff,16777234,1,0,209554685,4096,129384,64,0,2025-07-18T00:13:28Z,2025-07-15T17:36:58Z,2025-05-15T01:20:26Z,tif,tmin_1121_C.tif,prism/tmin_1121_C.tif,prism,66.24,2025-05-15T01:20:26Z,processed,FALSE,GeoTIFF raster
/Users/cjtinant/Documents/Rprojects_not-class/FFA_regional-skew/data/processed/prism/tmin_1122_C.tif,file, 63.16M,rw-r--r--,2025-05-15T01:20:26Z,cjtinant,staff,16777234,1,0,209554686,4096,129360,64,0,2025-07-18T00:13:28Z,2025-07-15T17:37:12Z,2025-05-15T01:20:26Z,tif,tmin_1122_C.tif,prism/tmin_1122_C.tif,prism,66.23,2025-05-15T01:20:26Z,processed,FALSE,GeoTIFF raster
/Users/cjtinant/Documents/Rprojects_not-class/FFA_regional-skew/data/processed/prism/tmin_1123_C.tif,file, 63.15M,rw-r--r--,2025-05-15T01:20:26Z,cjtinant,staff,16777234,1,0,209554687,4096,129336,64,0,2025-07-18T00:13:28Z,2025-07-15T17:37:18Z,2025-05-15T01:20:26Z,tif,tmin_1123_C.tif,prism/tmin_1123_C.tif,prism,66.22,2025-05-15T01:20:26Z,processed,FALSE,GeoTIFF raster
/Users/cjtinant/Documents/Rprojects_not-class/FFA_regional-skew/data/processed/prism/tmin_1124_C.tif,file, 63.14M,rw-r--r--,2025-05-15T01:20:26Z,cjtinant,staff,16777234,1,0,209554688,4096,129320,64,0,2025-07-18T00:13:28Z,2025-07-15T17:37:26Z,2025-05-15T01:20:26Z,tif,tmin_1124_C.tif,prism/tmin_1124_C.tif,prism,66.21,2025-05-15T01:20:26Z,processed,FALSE,GeoTIFF raster
/Users/cjtinant/Documents/Rprojects_not-class/FFA_regional-skew/data/processed/prism/tmin_1125_C.tif,file, 63.12M,rw-r--r--,2025-05-15T01:20:26Z,cjtinant,staff,16777234,1,0,209554692,4096,129264,64,0,2025-07-18T00:13:28Z,2025-07-15T17:37:34Z,2025-05-15T01:20:26Z,tif,tmin_1125_C.tif,prism/tmin_1125_C.tif,prism,66.18,2025-05-15T01:20:26Z,processed,FALSE,GeoTIFF raster
/Users/cjtinant/Documents/Rprojects_not-class/FFA_regional-skew/data/processed/prism/tmin_1126_C.tif,file, 63.09M,rw-r--r--,2025-05-15T01:20:26Z,cjtinant,staff,16777234,1,0,209554693,4096,129208,64,0,2025-07-18T00:13:28Z,2025-07-15T17:37:47Z,2025-05-15T01:20:26Z,tif,tmin_1126_C.tif,prism/tmin_1126_C.tif,prism,66.15,2025-05-15T01:20:26Z,processed,FALSE,GeoTIFF raster
/Users/cjtinant/Documents/Rprojects_not-class/FFA_regional-skew/data/processed/prism/tmin_1127_C.tif,file, 63.05M,rw-r--r--,2025-05-15T01:20:26Z,cjtinant,staff,16777234,1,0,209554694,4096,129128,64,0,2025-07-18T00:13:28Z,2025-07-15T17:37:58Z,2025-05-15T01:20:26Z,tif,tmin_1127_C.tif,prism/tmin_1127_C.tif,prism,66.11,2025-05-15T01:20:26Z,processed,FALSE,GeoTIFF raster
/Users/cjtinant/Documents/Rprojects_not-class/FFA_regional-skew/data/processed/prism/tmin_1128_C.tif,file, 63M,rw-r--r--,2025-05-15T01:20:26Z,cjtinant,staff,16777234,1,0,209554695,4096,129032,64,0,2025-07-18T00:13:28Z,2025-07-15T17:38:08Z,2025-05-15T01:20:26Z,tif,tmin_1128_C.tif,prism/tmin_1128_C.tif,prism,66.06,2025-05-15T01:20:26Z,processed,FALSE,GeoTIFF raster
/Users/cjtinant/Documents/Rprojects_not-class/FFA_regional-skew/data/processed/prism/tmin_1129_C.tif,file, 62.93M,rw-r--r--,2025-05-15T01:20:26Z,cjtinant,staff,16777234,1,0,209554696,4096,128888,64,0,2025-07-18T00:13:28Z,2025-07-15T17:38:15Z,2025-05-15T01:20:26Z,tif,tmin_1129_C.tif,prism/tmin_1129_C.tif,prism,65.99,2025-05-15T01:20:26Z,processed,FALSE,GeoTIFF raster
/Users/cjtinant/Documents/Rprojects_not-class/FFA_regional-skew/data/processed/prism/tmin_1130_C.tif,file, 62.87M,rw-r--r--,2025-05-15T01:20:27Z,cjtinant,staff,16777234,1,0,209554697,4096,128760,64,0,2025-07-18T00:13:28Z,2025-07-15T17:38:23Z,2025-05-15T01:20:26Z,tif,tmin_1130_C.tif,prism/tmin_1130_C.tif,prism,65.92,2025-05-15T01:20:27Z,processed,FALSE,GeoTIFF raster
/Users/cjtinant/Documents/Rprojects_not-class/FFA_regional-skew/data/processed/prism/tmin_1201_C.tif,file, 62.81M,rw-r--r--,2025-05-15T01:20:27Z,cjtinant,staff,16777234,1,0,209554698,4096,128640,64,0,2025-07-18T00:13:28Z,2025-07-15T17:38:30Z,2025-05-15T01:20:27Z,tif,tmin_1201_C.tif,prism/tmin_1201_C.tif,prism,65.86,2025-05-15T01:20:27Z,processed,FALSE,GeoTIFF raster
/Users/cjtinant/Documents/Rprojects_not-class/FFA_regional-skew/data/processed/prism/tmin_1202_C.tif,file, 62.76M,rw-r--r--,2025-05-15T01:20:27Z,cjtinant,staff,16777234,1,0,209554699,4096,128536,64,0,2025-07-20T04:30:55Z,2025-07-15T17:38:49Z,2025-05-15T01:20:27Z,tif,tmin_1202_C.tif,prism/tmin_1202_C.tif,prism,65.81,2025-05-15T01:20:27Z,processed,FALSE,GeoTIFF raster
/Users/cjtinant/Documents/Rprojects_not-class/FFA_regional-skew/data/processed/prism/tmin_1203_C.tif,file, 62.7M,rw-r--r--,2025-05-15T01:20:27Z,cjtinant,staff,16777234,1,0,209554700,4096,128408,64,0,2025-07-20T04:30:54Z,2025-07-15T17:39:08Z,2025-05-15T01:20:27Z,tif,tmin_1203_C.tif,prism/tmin_1203_C.tif,prism,65.74,2025-05-15T01:20:27Z,processed,FALSE,GeoTIFF raster
/Users/cjtinant/Documents/Rprojects_not-class/FFA_regional-skew/data/processed/prism/tmin_1204_C.tif,file, 62.65M,rw-r--r--,2025-05-15T01:20:27Z,cjtinant,staff,16777234,1,0,209554701,4096,128304,64,0,2025-07-20T04:30:54Z,2025-07-15T17:39:20Z,2025-05-15T01:20:27Z,tif,tmin_1204_C.tif,prism/tmin_1204_C.tif,prism,65.69,2025-05-15T01:20:27Z,processed,FALSE,GeoTIFF raster
/Users/cjtinant/Documents/Rprojects_not-class/FFA_regional-skew/data/processed/prism/tmin_1205_C.tif,file, 62.6M,rw-r--r--,2025-05-15T01:20:27Z,cjtinant,staff,16777234,1,0,209554702,4096,128216,64,0,2025-07-18T00:13:28Z,2025-07-15T17:39:39Z,2025-05-15T01:20:27Z,tif,tmin_1205_C.tif,prism/tmin_1205_C.tif,prism,65.64,2025-05-15T01:20:27Z,processed,FALSE,GeoTIFF raster
/Users/cjtinant/Documents/Rprojects_not-class/FFA_regional-skew/data/processed/prism/tmin_1206_C.tif,file, 62.57M,rw-r--r--,2025-05-15T01:20:27Z,cjtinant,staff,16777234,1,0,209554703,4096,128136,64,0,2025-07-18T00:13:28Z,2025-07-15T17:39:51Z,2025-05-15T01:20:27Z,tif,tmin_1206_C.tif,prism/tmin_1206_C.tif,prism,65.61,2025-05-15T01:20:27Z,processed,FALSE,GeoTIFF raster
/Users/cjtinant/Documents/Rprojects_not-class/FFA_regional-skew/data/processed/prism/tmin_1207_C.tif,file, 62.54M,rw-r--r--,2025-05-15T01:20:27Z,cjtinant,staff,16777234,1,0,209554704,4096,128080,64,0,2025-07-18T00:13:28Z,2025-07-15T17:40:03Z,2025-05-15T01:20:27Z,tif,tmin_1207_C.tif,prism/tmin_1207_C.tif,prism,65.57,2025-05-15T01:20:27Z,processed,FALSE,GeoTIFF raster
/Users/cjtinant/Documents/Rprojects_not-class/FFA_regional-skew/data/processed/prism/tmin_1208_C.tif,file, 62.51M,rw-r--r--,2025-05-15T01:20:27Z,cjtinant,staff,16777234,1,0,209554705,4096,128024,64,0,2025-07-18T00:13:28Z,2025-07-15T17:40:11Z,2025-05-15T01:20:27Z,tif,tmin_1208_C.tif,prism/tmin_1208_C.tif,prism,65.55,2025-05-15T01:20:27Z,processed,FALSE,GeoTIFF raster
/Users/cjtinant/Documents/Rprojects_not-class/FFA_regional-skew/data/processed/prism/tmin_1209_C.tif,file, 62.49M,rw-r--r--,2025-05-15T01:20:27Z,cjtinant,staff,16777234,1,0,209554706,4096,127984,64,0,2025-07-18T00:13:28Z,2025-07-15T17:40:18Z,2025-05-15T01:20:27Z,tif,tmin_1209_C.tif,prism/tmin_1209_C.tif,prism,65.53,2025-05-15T01:20:27Z,processed,FALSE,GeoTIFF raster
/Users/cjtinant/Documents/Rprojects_not-class/FFA_regional-skew/data/processed/prism/tmin_1210_C.tif,file, 62.46M,rw-r--r--,2025-05-15T01:20:27Z,cjtinant,staff,16777234,1,0,209554707,4096,127928,64,0,2025-07-20T04:30:54Z,2025-07-15T17:40:25Z,2025-05-15T01:20:27Z,tif,tmin_1210_C.tif,prism/tmin_1210_C.tif,prism,65.5,2025-05-15T01:20:27Z,processed,FALSE,GeoTIFF raster
/Users/cjtinant/Documents/Rprojects_not-class/FFA_regional-skew/data/processed/prism/tmin_1211_C.tif,file, 62.44M,rw-r--r--,2025-05-15T01:20:27Z,cjtinant,staff,16777234,1,0,209554708,4096,127880,64,0,2025-07-18T04:48:40Z,2025-07-15T17:40:33Z,2025-05-15T01:20:27Z,tif,tmin_1211_C.tif,prism/tmin_1211_C.tif,prism,65.47,2025-05-15T01:20:27Z,processed,FALSE,GeoTIFF raster
/Users/cjtinant/Documents/Rprojects_not-class/FFA_regional-skew/data/processed/prism/tmin_1212_C.tif,file, 62.42M,rw-r--r--,2025-05-15T01:20:27Z,cjtinant,staff,16777234,1,0,209554712,4096,127848,64,0,2025-07-18T04:48:40Z,2025-07-15T17:40:42Z,2025-05-15T01:20:27Z,tif,tmin_1212_C.tif,prism/tmin_1212_C.tif,prism,65.45,2025-05-15T01:20:27Z,processed,FALSE,GeoTIFF raster
/Users/cjtinant/Documents/Rprojects_not-class/FFA_regional-skew/data/processed/prism/tmin_1213_C.tif,file, 62.41M,rw-r--r--,2025-05-15T01:20:27Z,cjtinant,staff,16777234,1,0,209554713,4096,127816,64,0,2025-07-18T04:48:40Z,2025-07-15T17:40:51Z,2025-05-15T01:20:27Z,tif,tmin_1213_C.tif,prism/tmin_1213_C.tif,prism,65.44,2025-05-15T01:20:27Z,processed,FALSE,GeoTIFF raster
/Users/cjtinant/Documents/Rprojects_not-class/FFA_regional-skew/data/processed/prism/tmin_1214_C.tif,file, 62.4M,rw-r--r--,2025-05-15T01:20:27Z,cjtinant,staff,16777234,1,0,209554714,4096,127800,64,0,2025-07-18T04:48:40Z,2025-07-15T17:41:00Z,2025-05-15T01:20:27Z,tif,tmin_1214_C.tif,prism/tmin_1214_C.tif,prism,65.43,2025-05-15T01:20:27Z,processed,FALSE,GeoTIFF raster
/Users/cjtinant/Documents/Rprojects_not-class/FFA_regional-skew/data/processed/prism/tmin_1215_C.tif,file, 62.39M,rw-r--r--,2025-05-15T01:20:27Z,cjtinant,staff,16777234,1,0,209554715,4096,127776,64,0,2025-07-18T04:48:40Z,2025-07-15T17:41:11Z,2025-05-15T01:20:27Z,tif,tmin_1215_C.tif,prism/tmin_1215_C.tif,prism,65.42,2025-05-15T01:20:27Z,processed,FALSE,GeoTIFF raster
/Users/cjtinant/Documents/Rprojects_not-class/FFA_regional-skew/data/processed/prism/tmin_1216_C.tif,file, 62.38M,rw-r--r--,2025-05-15T01:20:27Z,cjtinant,staff,16777234,1,0,209554716,4096,127760,64,0,2025-07-18T00:13:28Z,2025-07-15T17:41:19Z,2025-05-15T01:20:27Z,tif,tmin_1216_C.tif,prism/tmin_1216_C.tif,prism,65.41,2025-05-15T01:20:27Z,processed,FALSE,GeoTIFF raster
/Users/cjtinant/Documents/Rprojects_not-class/FFA_regional-skew/data/processed/prism/tmin_1217_C.tif,file, 62.38M,rw-r--r--,2025-05-15T01:20:27Z,cjtinant,staff,16777234,1,0,209554717,4096,127752,64,0,2025-07-18T00:13:28Z,2025-07-15T17:41:32Z,2025-05-15T01:20:27Z,tif,tmin_1217_C.tif,prism/tmin_1217_C.tif,prism,65.41,2025-05-15T01:20:27Z,processed,FALSE,GeoTIFF raster
/Users/cjtinant/Documents/Rprojects_not-class/FFA_regional-skew/data/processed/prism/tmin_1218_C.tif,file, 62.37M,rw-r--r--,2025-05-15T01:20:28Z,cjtinant,staff,16777234,1,0,209554718,4096,127728,64,0,2025-07-18T00:13:28Z,2025-07-15T17:41:39Z,2025-05-15T01:20:27Z,tif,tmin_1218_C.tif,prism/tmin_1218_C.tif,prism,65.4,2025-05-15T01:20:28Z,processed,FALSE,GeoTIFF raster
/Users/cjtinant/Documents/Rprojects_not-class/FFA_regional-skew/data/processed/prism/tmin_1219_C.tif,file, 62.35M,rw-r--r--,2025-05-15T01:20:28Z,cjtinant,staff,16777234,1,0,209554719,4096,127696,64,0,2025-07-18T00:13:28Z,2025-07-15T17:41:46Z,2025-05-15T01:20:28Z,tif,tmin_1219_C.tif,prism/tmin_1219_C.tif,prism,65.38,2025-05-15T01:20:28Z,processed,FALSE,GeoTIFF raster
/Users/cjtinant/Documents/Rprojects_not-class/FFA_regional-skew/data/processed/prism/tmin_1220_C.tif,file, 62.32M,rw-r--r--,2025-05-15T01:20:28Z,cjtinant,staff,16777234,1,0,209554720,4096,127640,64,0,2025-07-18T00:13:28Z,2025-07-15T17:41:53Z,2025-05-15T01:20:28Z,tif,tmin_1220_C.tif,prism/tmin_1220_C.tif,prism,65.35,2025-05-15T01:20:28Z,processed,FALSE,GeoTIFF raster
/Users/cjtinant/Documents/Rprojects_not-class/FFA_regional-skew/data/processed/prism/tmin_1221_C.tif,file, 62.3M,rw-r--r--,2025-05-15T01:20:28Z,cjtinant,staff,16777234,1,0,209554721,4096,127592,64,0,2025-07-18T00:13:28Z,2025-07-15T17:42:02Z,2025-05-15T01:20:28Z,tif,tmin_1221_C.tif,prism/tmin_1221_C.tif,prism,65.32,2025-05-15T01:20:28Z,processed,FALSE,GeoTIFF raster
/Users/cjtinant/Documents/Rprojects_not-class/FFA_regional-skew/data/processed/prism/tmin_1222_C.tif,file, 62.28M,rw-r--r--,2025-05-15T01:20:28Z,cjtinant,staff,16777234,1,0,209554722,4096,127552,64,0,2025-07-18T00:13:28Z,2025-07-15T17:42:11Z,2025-05-15T01:20:28Z,tif,tmin_1222_C.tif,prism/tmin_1222_C.tif,prism,65.3,2025-05-15T01:20:28Z,processed,FALSE,GeoTIFF raster
/Users/cjtinant/Documents/Rprojects_not-class/FFA_regional-skew/data/processed/prism/tmin_1223_C.tif,file, 62.26M,rw-r--r--,2025-05-15T01:20:28Z,cjtinant,staff,16777234,1,0,209554723,4096,127512,64,0,2025-07-18T00:13:28Z,2025-07-15T17:42:22Z,2025-05-15T01:20:28Z,tif,tmin_1223_C.tif,prism/tmin_1223_C.tif,prism,65.29,2025-05-15T01:20:28Z,processed,FALSE,GeoTIFF raster
/Users/cjtinant/Documents/Rprojects_not-class/FFA_regional-skew/data/processed/prism/tmin_1224_C.tif,file, 62.24M,rw-r--r--,2025-05-15T01:20:28Z,cjtinant,staff,16777234,1,0,209554729,4096,127472,64,0,2025-07-18T00:13:28Z,2025-07-15T17:42:30Z,2025-05-15T01:20:28Z,tif,tmin_1224_C.tif,prism/tmin_1224_C.tif,prism,65.26,2025-05-15T01:20:28Z,processed,FALSE,GeoTIFF raster
/Users/cjtinant/Documents/Rprojects_not-class/FFA_regional-skew/data/processed/prism/tmin_1225_C.tif,file, 62.22M,rw-r--r--,2025-05-15T01:20:28Z,cjtinant,staff,16777234,1,0,209554730,4096,127432,64,0,2025-07-18T00:13:28Z,2025-07-15T17:42:41Z,2025-05-15T01:20:28Z,tif,tmin_1225_C.tif,prism/tmin_1225_C.tif,prism,65.24,2025-05-15T01:20:28Z,processed,FALSE,GeoTIFF raster
/Users/cjtinant/Documents/Rprojects_not-class/FFA_regional-skew/data/processed/prism/tmin_1226_C.tif,file, 62.2M,rw-r--r--,2025-05-15T01:20:28Z,cjtinant,staff,16777234,1,0,209554731,4096,127392,64,0,2025-07-18T00:13:28Z,2025-07-15T17:42:50Z,2025-05-15T01:20:28Z,tif,tmin_1226_C.tif,prism/tmin_1226_C.tif,prism,65.22,2025-05-15T01:20:28Z,processed,FALSE,GeoTIFF raster
/Users/cjtinant/Documents/Rprojects_not-class/FFA_regional-skew/data/processed/prism/tmin_1227_C.tif,file, 62.18M,rw-r--r--,2025-05-15T01:20:28Z,cjtinant,staff,16777234,1,0,209554732,4096,127360,64,0,2025-07-18T00:13:28Z,2025-07-15T17:42:59Z,2025-05-15T01:20:28Z,tif,tmin_1227_C.tif,prism/tmin_1227_C.tif,prism,65.2,2025-05-15T01:20:28Z,processed,FALSE,GeoTIFF raster
/Users/cjtinant/Documents/Rprojects_not-class/FFA_regional-skew/data/processed/prism/tmin_1228_C.tif,file, 62.17M,rw-r--r--,2025-05-15T01:20:28Z,cjtinant,staff,16777234,1,0,209554733,4096,127336,64,0,2025-07-18T00:13:28Z,2025-07-15T17:43:08Z,2025-05-15T01:20:28Z,tif,tmin_1228_C.tif,prism/tmin_1228_C.tif,prism,65.19,2025-05-15T01:20:28Z,processed,FALSE,GeoTIFF raster
/Users/cjtinant/Documents/Rprojects_not-class/FFA_regional-skew/data/processed/prism/tmin_1229_C.tif,file, 62.16M,rw-r--r--,2025-05-15T01:20:28Z,cjtinant,staff,16777234,1,0,209554734,4096,127304,64,0,2025-07-18T00:13:28Z,2025-07-15T17:43:21Z,2025-05-15T01:20:28Z,tif,tmin_1229_C.tif,prism/tmin_1229_C.tif,prism,65.18,2025-05-15T01:20:28Z,processed,FALSE,GeoTIFF raster
/Users/cjtinant/Documents/Rprojects_not-class/FFA_regional-skew/data/processed/prism/tmin_1230_C.tif,file, 62.14M,rw-r--r--,2025-05-15T01:20:28Z,cjtinant,staff,16777234,1,0,209554735,4096,127272,64,0,2025-07-18T00:13:28Z,2025-07-15T17:43:30Z,2025-05-15T01:20:28Z,tif,tmin_1230_C.tif,prism/tmin_1230_C.tif,prism,65.16,2025-05-15T01:20:28Z,processed,FALSE,GeoTIFF raster
/Users/cjtinant/Documents/Rprojects_not-class/FFA_regional-skew/data/processed/prism/tmin_1231_C.tif,file, 62.13M,rw-r--r--,2025-05-15T01:20:28Z,cjtinant,staff,16777234,1,0,209554736,4096,127240,64,0,2025-07-18T00:13:28Z,2025-07-15T17:43:37Z,2025-05-15T01:20:28Z,tif,tmin_1231_C.tif,prism/tmin_1231_C.tif,prism,65.14,2025-05-15T01:20:28Z,processed,FALSE,GeoTIFF raster
