variable,vif
tmean_m01_c,24.82657607581831
tmean_m06_c,23.446198950035377
dec_long_va,11.443711896381734
ppt_m12_mm,6.107806448764759
elev_m,4.723603114069407
ppt_m04_mm,3.815401428188516
slope_deg,1.0354112499801085
