term,estimate,std.error,statistic,p.value
(Intercept),-0.30145483825416614,0.017647595815164896,-17.081921039642157,3.643248690442171e-58
