term,edf,ref.df,statistic,p.value
s(dec_long_va),3.3951999942474913,4.331542124694417,7.351981776743498,8.565799881510294e-6
s(elev_m),1.0000000178912463,1.0000000345430233,1.8430388251925374,0.17487398130918286
s(slope_deg),3.89059943629134,4.834752217718853,3.071976420398976,0.010468708097599533
s(ppt_spring_mm),4.179900055984419,5.2545804816043855,8.744821549944485,0
s(ppt_summer_mm),1.000000006310627,1.0000000116375445,0.03294472450594427,0.8560038730914945
s(ppt_winter_mm),7.4583560749993785,8.408516198294175,3.704432648086736,2.251921929464773e-4
