term,estimate,std.error,statistic,p.value
(Intercept),-5.146972995228952,1.240950678626689,-4.147604803218209,3.615275351145468e-5
dec_long_va,-0.04035303309586687,0.01167183489385758,-3.4572998558352688,5.66224837983081e-4
elev_m,2.6514578512777827e-4,8.916007980411731e-5,2.973817270131404,0.0030045782381172737
slope_deg,0.018341660146774273,0.010376616959310829,1.7675953751300895,0.07740253486504817
tmean_m01_c,0.00400776563629999,0.00410905604222784,0.9753494708062116,0.32959887313845415
ppt_spring_mm,0.0021196527944229828,4.581408994525042e-4,4.626639527176134,4.152689995845164e-6
ppt_summer_mm,6.483658289726773e-4,7.030411626471984e-4,0.9222302525379181,0.35660835164294435
ppt_winter_mm,-0.0012847669675285706,6.333680012292906e-4,-2.028468386522517,0.04275020083580158
