path,type,size,permissions,modification_time,user,group,device_id,hard_links,special_device_id,inode,block_size,blocks,flags,generation,access_time,change_time,birth_time,file_type,basename,basename_no_ext,relative_path,top_folder,context_key,size_mb,last_modified,possible_duplicate
/Users/cjtinant/Documents/Rprojects_not-class/FFA_regional-skew/data/raw/archives/us_ecoregions/na_eco_lev02.zip,file,  29.93M,rw-r--r--,2025-05-12T22:08:13Z,cjtinant,staff,16777231,1,0,208485191,4096,0,1073741920,0,2025-06-30T17:50:37Z,2025-07-13T01:10:36Z,2025-05-12T22:07:59Z,zip,na_eco_lev02.zip,na_eco_lev02,archives/us_ecoregions/na_eco_lev02.zip,archives,archives/na_eco_lev02,31.39,2025-05-12T22:08:13Z,FALSE
/Users/cjtinant/Documents/Rprojects_not-class/FFA_regional-skew/data/raw/archives/us_ecoregions/na_eco_lev03.zip,file,  33.95M,rw-r--r--,2025-05-12T22:21:26Z,cjtinant,staff,16777231,1,0,208497009,4096,0,1073741920,0,2025-06-30T17:50:37Z,2025-07-13T01:10:36Z,2025-05-12T22:21:24Z,zip,na_eco_lev03.zip,na_eco_lev03,archives/us_ecoregions/na_eco_lev03.zip,archives,archives/na_eco_lev03,35.6,2025-05-12T22:21:26Z,FALSE
/Users/cjtinant/Documents/Rprojects_not-class/FFA_regional-skew/data/raw/archives/us_ecoregions/us_eco_lev04.zip,file,  63.1M,rw-r--r--,2025-05-12T22:23:37Z,cjtinant,staff,16777231,1,0,208498309,4096,0,1073741920,0,2025-06-30T02:55:59Z,2025-07-13T01:10:36Z,2025-05-12T22:23:34Z,zip,us_eco_lev04.zip,us_eco_lev04,archives/us_ecoregions/us_eco_lev04.zip,archives,archives/us_eco_lev04,66.17,2025-05-12T22:23:37Z,FALSE
/Users/cjtinant/Documents/Rprojects_not-class/FFA_regional-skew/data/raw/archives/koppen-climate/koppen-geiger.zip,file, 124.3M,rw-r--r--,2025-05-13T20:58:52Z,cjtinant,staff,16777231,1,0,208802916,4096,0,1073741920,0,2025-06-30T17:51:03Z,2025-07-13T01:10:36Z,2025-05-13T20:58:29Z,zip,koppen-geiger.zip,koppen-geiger,archives/koppen-climate/koppen-geiger.zip,archives,archives/koppen-geiger,130.34,2025-05-13T20:58:52Z,FALSE
/Users/cjtinant/Documents/Rprojects_not-class/FFA_regional-skew/data/raw/archives/nlcd/nlcd_tcc_PRUSVI_2016_v2021-4.zip,file,   8.95M,rw-r--r--,2025-06-23T21:12:11Z,cjtinant,staff,16777231,1,0,222630722,4096,0,1073741920,0,2025-06-30T02:56:00Z,2025-07-13T01:10:36Z,2025-06-23T21:12:07Z,zip,nlcd_tcc_PRUSVI_2016_v2021-4.zip,nlcd_tcc_PRUSVI_2016_v2021-4,archives/nlcd/nlcd_tcc_PRUSVI_2016_v2021-4.zip,archives,archives/nlcd_tcc_PRUSVI_2016_v2021-4,9.39,2025-06-23T21:12:11Z,FALSE
/Users/cjtinant/Documents/Rprojects_not-class/FFA_regional-skew/data/raw/archives/phzm/phzm.zip,file,  39.17M,rw-r--r--,2025-05-14T14:08:09Z,cjtinant,staff,16777231,1,0,209343890,4096,0,1073741920,0,2025-06-30T17:50:38Z,2025-07-13T01:10:36Z,2025-05-14T14:08:04Z,zip,phzm.zip,phzm,archives/phzm/phzm.zip,archives,archives/phzm,41.07,2025-05-14T14:08:09Z,FALSE
/Users/cjtinant/Documents/Rprojects_not-class/FFA_regional-skew/data/raw/archives/prism/PRISM_ppt_30yr_normal_800mM4_annual_bil.zip,file,  39.31M,rw-r--r--,2025-05-13T21:20:03Z,cjtinant,staff,16777231,1,0,208816592,4096,0,1073741920,0,2025-06-30T02:55:56Z,2025-07-13T01:10:36Z,2025-05-13T21:19:59Z,zip,PRISM_ppt_30yr_normal_800mM4_annual_bil.zip,PRISM_ppt_30yr_normal_800mM4_annual_bil,archives/prism/PRISM_ppt_30yr_normal_800mM4_annual_bil.zip,archives,archives/PRISM_ppt_30yr_normal_800mM4_annual_bil,41.22,2025-05-13T21:20:03Z,FALSE
/Users/cjtinant/Documents/Rprojects_not-class/FFA_regional-skew/data/raw/archives/prism/PRISM_tmean_30yr_normal_800mM5_annual_bil.zip,file,  15.45M,rw-r--r--,2025-05-13T21:23:43Z,cjtinant,staff,16777231,1,0,208817947,4096,0,1073741920,0,2025-06-30T02:55:56Z,2025-07-13T01:10:36Z,2025-05-13T21:23:41Z,zip,PRISM_tmean_30yr_normal_800mM5_annual_bil.zip,PRISM_tmean_30yr_normal_800mM5_annual_bil,archives/prism/PRISM_tmean_30yr_normal_800mM5_annual_bil.zip,archives,archives/PRISM_tmean_30yr_normal_800mM5_annual_bil,16.2,2025-05-13T21:23:43Z,FALSE
/Users/cjtinant/Documents/Rprojects_not-class/FFA_regional-skew/data/raw/us_ecoregions/NA_CEC_Eco_Level1.shp,file,  42.2M,rw-r--r--,2025-05-12T22:13:05Z,cjtinant,staff,16777231,1,0,208478835,4096,0,1073741920,0,2025-06-30T17:50:38Z,2025-07-13T01:10:35Z,2025-05-12T21:54:48Z,shp,NA_CEC_Eco_Level1.shp,NA_CEC_Eco_Level1,us_ecoregions/NA_CEC_Eco_Level1.shp,us_ecoregions,us_ecoregions/NA_CEC_Eco_Level1,44.25,2025-05-12T22:13:05Z,FALSE
/Users/cjtinant/Documents/Rprojects_not-class/FFA_regional-skew/data/raw/us_ecoregions/NA_CEC_Eco_Level2.shp,file,  44.95M,rw-r--r--,2025-05-12T22:20:06Z,cjtinant,staff,16777231,1,0,208485289,4096,0,1073741920,0,2025-06-30T17:50:38Z,2025-07-13T01:10:35Z,2025-05-12T22:08:13Z,shp,NA_CEC_Eco_Level2.shp,NA_CEC_Eco_Level2,us_ecoregions/NA_CEC_Eco_Level2.shp,us_ecoregions,us_ecoregions/NA_CEC_Eco_Level2,47.13,2025-05-12T22:20:06Z,FALSE
/Users/cjtinant/Documents/Rprojects_not-class/FFA_regional-skew/data/raw/us_ecoregions/NA_CEC_Eco_Level3.shp,file,  50.75M,rw-r--r--,2025-05-12T22:22:25Z,cjtinant,staff,16777231,1,0,208497045,4096,0,1073741920,0,2025-06-30T17:50:38Z,2025-07-13T01:10:35Z,2025-05-12T22:21:26Z,shp,NA_CEC_Eco_Level3.shp,NA_CEC_Eco_Level3,us_ecoregions/NA_CEC_Eco_Level3.shp,us_ecoregions,us_ecoregions/NA_CEC_Eco_Level3,53.21,2025-05-12T22:22:25Z,FALSE
/Users/cjtinant/Documents/Rprojects_not-class/FFA_regional-skew/data/raw/us_ecoregions/us_eco_l1.shp,file,  55.56M,rw-r--r--,2025-05-12T22:45:50Z,cjtinant,staff,16777231,1,0,208509481,4096,0,1073741920,0,2025-06-30T02:58:07Z,2025-07-13T01:10:35Z,2025-05-12T22:45:50Z,shp,us_eco_l1.shp,us_eco_l1,us_ecoregions/us_eco_l1.shp,us_ecoregions,us_ecoregions/us_eco_l1,58.26,2025-05-12T22:45:50Z,FALSE
/Users/cjtinant/Documents/Rprojects_not-class/FFA_regional-skew/data/raw/us_ecoregions/us_eco_l2.shp,file,  57.3M,rw-r--r--,2025-05-12T22:46:03Z,cjtinant,staff,16777231,1,0,208509656,4096,0,1073741920,0,2025-06-30T02:58:07Z,2025-07-13T01:10:35Z,2025-05-12T22:46:02Z,shp,us_eco_l2.shp,us_eco_l2,us_ecoregions/us_eco_l2.shp,us_ecoregions,us_ecoregions/us_eco_l2,60.08,2025-05-12T22:46:03Z,FALSE
/Users/cjtinant/Documents/Rprojects_not-class/FFA_regional-skew/data/raw/us_ecoregions/us_eco_l3.shp,file,  61.01M,rw-r--r--,2025-05-12T22:46:12Z,cjtinant,staff,16777231,1,0,208509842,4096,0,1073741920,0,2025-06-30T02:58:07Z,2025-07-13T01:10:35Z,2025-05-12T22:46:12Z,shp,us_eco_l3.shp,us_eco_l3,us_ecoregions/us_eco_l3.shp,us_ecoregions,us_ecoregions/us_eco_l3,63.98,2025-05-12T22:46:12Z,FALSE
/Users/cjtinant/Documents/Rprojects_not-class/FFA_regional-skew/data/raw/us_ecoregions/us_eco_l4_no_st.shp,file,  90.62M,rw-r--r--,2025-05-12T22:23:37Z,cjtinant,staff,16777231,1,0,208498382,4096,0,1073741920,0,2025-06-30T02:58:07Z,2025-07-13T01:10:35Z,2025-05-12T22:23:37Z,shp,us_eco_l4_no_st.shp,us_eco_l4_no_st,us_ecoregions/us_eco_l4_no_st.shp,us_ecoregions,us_ecoregions/us_eco_l4_no_st,95.02,2025-05-12T22:23:37Z,FALSE
/Users/cjtinant/Documents/Rprojects_not-class/FFA_regional-skew/data/raw/nhdphr_catchments/Alkaline_Lakes_Area.gpkg,file,  73.5M,rw-r--r--,2025-06-18T04:01:19Z,cjtinant,staff,16777231,1,0,220497970,4096,0,1073741920,0,2025-07-13T01:10:51Z,2025-07-13T01:10:36Z,2025-06-18T04:01:18Z,gpkg,Alkaline_Lakes_Area.gpkg,Alkaline_Lakes_Area,nhdphr_catchments/Alkaline_Lakes_Area.gpkg,nhdphr_catchments,nhdphr_catchments/Alkaline_Lakes_Area,77.07,2025-06-18T04:01:19Z,FALSE
/Users/cjtinant/Documents/Rprojects_not-class/FFA_regional-skew/data/raw/nhdphr_catchments/Arbuckle_Mountains.gpkg,file,  11.49M,rw-r--r--,2025-06-18T00:58:48Z,cjtinant,staff,16777231,1,0,220435022,4096,0,1073741920,0,2025-07-13T01:10:39Z,2025-07-13T01:10:36Z,2025-06-18T00:58:48Z,gpkg,Arbuckle_Mountains.gpkg,Arbuckle_Mountains,nhdphr_catchments/Arbuckle_Mountains.gpkg,nhdphr_catchments,nhdphr_catchments/Arbuckle_Mountains,12.05,2025-06-18T00:58:48Z,FALSE
/Users/cjtinant/Documents/Rprojects_not-class/FFA_regional-skew/data/raw/nhdphr_catchments/Arbuckle_Uplift.gpkg,file,  79.7M,rw-r--r--,2025-06-18T00:56:17Z,cjtinant,staff,16777231,1,0,220434420,4096,0,1073741920,0,2025-07-13T01:10:51Z,2025-07-13T01:10:36Z,2025-06-18T00:56:17Z,gpkg,Arbuckle_Uplift.gpkg,Arbuckle_Uplift,nhdphr_catchments/Arbuckle_Uplift.gpkg,nhdphr_catchments,nhdphr_catchments/Arbuckle_Uplift,83.57,2025-06-18T00:56:17Z,FALSE
/Users/cjtinant/Documents/Rprojects_not-class/FFA_regional-skew/data/raw/nhdphr_catchments/Arid_Llano_Estacado.gpkg,file, 119.69M,rw-r--r--,2025-06-18T03:10:49Z,cjtinant,staff,16777231,1,0,220481230,4096,0,1073741920,0,2025-07-13T01:10:51Z,2025-07-13T01:10:36Z,2025-06-18T03:10:49Z,gpkg,Arid_Llano_Estacado.gpkg,Arid_Llano_Estacado,nhdphr_catchments/Arid_Llano_Estacado.gpkg,nhdphr_catchments,nhdphr_catchments/Arid_Llano_Estacado,125.51,2025-06-18T03:10:49Z,FALSE
/Users/cjtinant/Documents/Rprojects_not-class/FFA_regional-skew/data/raw/nhdphr_catchments/Balcones_Canyonlands.gpkg,file, 486.78M,rw-r--r--,2025-06-18T01:14:38Z,cjtinant,staff,16777231,1,0,220443231,4096,0,1073741920,0,2025-07-13T01:10:51Z,2025-07-13T01:10:36Z,2025-06-18T01:14:36Z,gpkg,Balcones_Canyonlands.gpkg,Balcones_Canyonlands,nhdphr_catchments/Balcones_Canyonlands.gpkg,nhdphr_catchments,nhdphr_catchments/Balcones_Canyonlands,510.42,2025-06-18T01:14:38Z,FALSE
/Users/cjtinant/Documents/Rprojects_not-class/FFA_regional-skew/data/raw/nhdphr_catchments/Beach_Ridges_and_Sand_Deltas.gpkg,file, 109.99M,rw-r--r--,2025-06-18T03:41:56Z,cjtinant,staff,16777231,1,0,220491802,4096,0,1073741920,0,2025-07-13T01:10:50Z,2025-07-13T01:10:36Z,2025-06-18T03:41:55Z,gpkg,Beach_Ridges_and_Sand_Deltas.gpkg,Beach_Ridges_and_Sand_Deltas,nhdphr_catchments/Beach_Ridges_and_Sand_Deltas.gpkg,nhdphr_catchments,nhdphr_catchments/Beach_Ridges_and_Sand_Deltas,115.34,2025-06-18T03:41:56Z,FALSE
/Users/cjtinant/Documents/Rprojects_not-class/FFA_regional-skew/data/raw/nhdphr_catchments/Big_Sioux_Basin.gpkg,file, 137.99M,rw-r--r--,2025-06-18T04:47:52Z,cjtinant,staff,16777231,1,0,220518949,4096,0,1073741920,0,2025-07-13T01:10:51Z,2025-07-13T01:10:36Z,2025-06-18T04:47:51Z,gpkg,Big_Sioux_Basin.gpkg,Big_Sioux_Basin,nhdphr_catchments/Big_Sioux_Basin.gpkg,nhdphr_catchments,nhdphr_catchments/Big_Sioux_Basin,144.7,2025-06-18T04:47:52Z,FALSE
/Users/cjtinant/Documents/Rprojects_not-class/FFA_regional-skew/data/raw/nhdphr_catchments/Broken_Red_Plains.gpkg,file, 611.56M,rw-r--r--,2025-06-17T23:43:42Z,cjtinant,staff,16777231,1,0,220420283,4096,0,1073741920,0,2025-07-13T01:10:51Z,2025-07-13T01:10:36Z,2025-06-17T23:43:40Z,gpkg,Broken_Red_Plains.gpkg,Broken_Red_Plains,nhdphr_catchments/Broken_Red_Plains.gpkg,nhdphr_catchments,nhdphr_catchments/Broken_Red_Plains,641.27,2025-06-17T23:43:42Z,FALSE
/Users/cjtinant/Documents/Rprojects_not-class/FFA_regional-skew/data/raw/nhdphr_catchments/Canadian_Canyons.gpkg,file, 137.11M,rw-r--r--,2025-06-18T05:51:36Z,cjtinant,staff,16777231,1,0,220545837,4096,0,1073741920,0,2025-07-13T01:10:50Z,2025-07-13T01:10:36Z,2025-06-18T05:51:35Z,gpkg,Canadian_Canyons.gpkg,Canadian_Canyons,nhdphr_catchments/Canadian_Canyons.gpkg,nhdphr_catchments,nhdphr_catchments/Canadian_Canyons,143.77,2025-06-18T05:51:36Z,FALSE
/Users/cjtinant/Documents/Rprojects_not-class/FFA_regional-skew/data/raw/nhdphr_catchments/Canadian_Cimarron_Breaks.gpkg,file, 593.43M,rw-r--r--,2025-06-18T05:13:03Z,cjtinant,staff,16777231,1,0,220532685,4096,0,1073741920,0,2025-07-13T01:10:51Z,2025-07-13T01:10:36Z,2025-06-18T05:13:00Z,gpkg,Canadian_Cimarron_Breaks.gpkg,Canadian_Cimarron_Breaks,nhdphr_catchments/Canadian_Cimarron_Breaks.gpkg,nhdphr_catchments,nhdphr_catchments/Canadian_Cimarron_Breaks,622.25,2025-06-18T05:13:03Z,FALSE
/Users/cjtinant/Documents/Rprojects_not-class/FFA_regional-skew/data/raw/nhdphr_catchments/Canadian_Cimarron_High_Plains.gpkg,file, 344.14M,rw-r--r--,2025-06-18T02:53:45Z,cjtinant,staff,16777231,1,0,220470503,4096,0,1073741920,0,2025-07-13T01:10:51Z,2025-07-13T01:10:36Z,2025-06-18T02:53:44Z,gpkg,Canadian_Cimarron_High_Plains.gpkg,Canadian_Cimarron_High_Plains,nhdphr_catchments/Canadian_Cimarron_High_Plains.gpkg,nhdphr_catchments,nhdphr_catchments/Canadian_Cimarron_High_Plains,360.85,2025-06-18T02:53:45Z,FALSE
/Users/cjtinant/Documents/Rprojects_not-class/FFA_regional-skew/data/raw/nhdphr_catchments/Caprock_Canyons_Badlands_and_Breaks.gpkg,file, 780.66M,rw-r--r--,2025-06-18T05:23:52Z,cjtinant,staff,16777231,1,0,220536030,4096,0,1073741920,0,2025-07-13T01:10:51Z,2025-07-13T01:10:36Z,2025-06-18T05:23:48Z,gpkg,Caprock_Canyons_Badlands_and_Breaks.gpkg,Caprock_Canyons_Badlands_and_Breaks,nhdphr_catchments/Caprock_Canyons_Badlands_and_Breaks.gpkg,nhdphr_catchments,nhdphr_catchments/Caprock_Canyons_Badlands_and_Breaks,818.59,2025-06-18T05:23:52Z,FALSE
/Users/cjtinant/Documents/Rprojects_not-class/FFA_regional-skew/data/raw/nhdphr_catchments/Carbonate_Cross_Timbers.gpkg,file,  88.34M,rw-r--r--,2025-06-18T00:55:15Z,cjtinant,staff,16777231,1,0,220434337,4096,0,1073741920,0,2025-07-13T01:10:50Z,2025-07-13T01:10:36Z,2025-06-18T00:55:14Z,gpkg,Carbonate_Cross_Timbers.gpkg,Carbonate_Cross_Timbers,nhdphr_catchments/Carbonate_Cross_Timbers.gpkg,nhdphr_catchments,nhdphr_catchments/Carbonate_Cross_Timbers,92.63,2025-06-18T00:55:15Z,FALSE
/Users/cjtinant/Documents/Rprojects_not-class/FFA_regional-skew/data/raw/nhdphr_catchments/Casper_Arch.gpkg,file,  86.68M,rw-r--r--,2025-06-18T17:58:26Z,cjtinant,staff,16777231,1,0,221044562,4096,0,1073741920,0,2025-07-13T01:10:50Z,2025-07-13T01:10:36Z,2025-06-18T17:58:26Z,gpkg,Casper_Arch.gpkg,Casper_Arch,nhdphr_catchments/Casper_Arch.gpkg,nhdphr_catchments,nhdphr_catchments/Casper_Arch,90.89,2025-06-18T17:58:26Z,FALSE
/Users/cjtinant/Documents/Rprojects_not-class/FFA_regional-skew/data/raw/nhdphr_catchments/Central_Nebraska_Loess_Plains.gpkg,file, 298.02M,rw-r--r--,2025-06-17T23:41:42Z,cjtinant,staff,16777231,1,0,220419974,4096,0,1073741920,0,2025-07-13T01:10:51Z,2025-07-13T01:10:36Z,2025-06-17T23:41:41Z,gpkg,Central_Nebraska_Loess_Plains.gpkg,Central_Nebraska_Loess_Plains,nhdphr_catchments/Central_Nebraska_Loess_Plains.gpkg,nhdphr_catchments,nhdphr_catchments/Central_Nebraska_Loess_Plains,312.49,2025-06-17T23:41:42Z,FALSE
/Users/cjtinant/Documents/Rprojects_not-class/FFA_regional-skew/data/raw/nhdphr_catchments/Central_New_Mexico_Plains.gpkg,file, 198.17M,rw-r--r--,2025-06-18T05:56:39Z,cjtinant,staff,16777231,1,0,220547266,4096,0,1073741920,0,2025-07-13T01:10:51Z,2025-07-13T01:10:36Z,2025-06-18T05:56:38Z,gpkg,Central_New_Mexico_Plains.gpkg,Central_New_Mexico_Plains,nhdphr_catchments/Central_New_Mexico_Plains.gpkg,nhdphr_catchments,nhdphr_catchments/Central_New_Mexico_Plains,207.8,2025-06-18T05:56:39Z,FALSE
/Users/cjtinant/Documents/Rprojects_not-class/FFA_regional-skew/data/raw/nhdphr_catchments/Cherokee_Plains.gpkg,file, 403.62M,rw-r--r--,2025-06-18T00:12:43Z,cjtinant,staff,16777231,1,0,220429331,4096,0,1073741920,0,2025-07-13T01:10:50Z,2025-07-13T01:10:36Z,2025-06-18T00:12:41Z,gpkg,Cherokee_Plains.gpkg,Cherokee_Plains,nhdphr_catchments/Cherokee_Plains.gpkg,nhdphr_catchments,nhdphr_catchments/Cherokee_Plains,423.23,2025-06-18T00:12:43Z,FALSE
/Users/cjtinant/Documents/Rprojects_not-class/FFA_regional-skew/data/raw/nhdphr_catchments/Cherry_Patch_Moraines.gpkg,file, 107.84M,rw-r--r--,2025-06-18T07:49:38Z,cjtinant,staff,16777231,1,0,220614184,4096,0,1073741920,0,2025-07-13T01:10:51Z,2025-07-13T01:10:36Z,2025-06-18T07:49:38Z,gpkg,Cherry_Patch_Moraines.gpkg,Cherry_Patch_Moraines,nhdphr_catchments/Cherry_Patch_Moraines.gpkg,nhdphr_catchments,nhdphr_catchments/Cherry_Patch_Moraines,113.08,2025-06-18T07:49:38Z,FALSE
/Users/cjtinant/Documents/Rprojects_not-class/FFA_regional-skew/data/raw/nhdphr_catchments/Claypan_Prairie.gpkg,file, 269.26M,rw-r--r--,2025-06-18T00:16:19Z,cjtinant,staff,16777231,1,0,220430196,4096,0,1073741920,0,2025-07-13T01:10:51Z,2025-07-13T01:10:36Z,2025-06-18T00:16:17Z,gpkg,Claypan_Prairie.gpkg,Claypan_Prairie,nhdphr_catchments/Claypan_Prairie.gpkg,nhdphr_catchments,nhdphr_catchments/Claypan_Prairie,282.34,2025-06-18T00:16:19Z,FALSE
/Users/cjtinant/Documents/Rprojects_not-class/FFA_regional-skew/data/raw/nhdphr_catchments/Coastal_Sand_Plain.gpkg,file,  40.04M,rw-r--r--,2025-06-19T17:44:14Z,cjtinant,staff,16777231,1,0,221342525,4096,0,1073741920,0,2025-07-13T01:10:51Z,2025-07-13T01:10:36Z,2025-06-19T17:44:14Z,gpkg,Coastal_Sand_Plain.gpkg,Coastal_Sand_Plain,nhdphr_catchments/Coastal_Sand_Plain.gpkg,nhdphr_catchments,nhdphr_catchments/Coastal_Sand_Plain,41.98,2025-06-19T17:44:14Z,FALSE
/Users/cjtinant/Documents/Rprojects_not-class/FFA_regional-skew/data/raw/nhdphr_catchments/Collapsed_Glacial_Outwash.gpkg,file, 132.41M,rw-r--r--,2025-06-18T07:13:41Z,cjtinant,staff,16777231,1,0,220589832,4096,0,1073741920,0,2025-07-13T01:10:51Z,2025-07-13T01:10:36Z,2025-06-18T07:13:40Z,gpkg,Collapsed_Glacial_Outwash.gpkg,Collapsed_Glacial_Outwash,nhdphr_catchments/Collapsed_Glacial_Outwash.gpkg,nhdphr_catchments,nhdphr_catchments/Collapsed_Glacial_Outwash,138.85,2025-06-18T07:13:41Z,FALSE
/Users/cjtinant/Documents/Rprojects_not-class/FFA_regional-skew/data/raw/nhdphr_catchments/Conchas_Pecos_Plains.gpkg,file, 175.11M,rw-r--r--,2025-06-18T05:53:51Z,cjtinant,staff,16777231,1,0,220546519,4096,0,1073741920,0,2025-07-13T01:10:51Z,2025-07-13T01:10:36Z,2025-06-18T05:53:50Z,gpkg,Conchas_Pecos_Plains.gpkg,Conchas_Pecos_Plains,nhdphr_catchments/Conchas_Pecos_Plains.gpkg,nhdphr_catchments,nhdphr_catchments/Conchas_Pecos_Plains,183.62,2025-06-18T05:53:51Z,FALSE
/Users/cjtinant/Documents/Rprojects_not-class/FFA_regional-skew/data/raw/nhdphr_catchments/Coteau_Lakes_Upland.gpkg,file,  30.41M,rw-r--r--,2025-06-18T07:47:31Z,cjtinant,staff,16777231,1,0,220613652,4096,0,1073741920,0,2025-07-13T01:10:52Z,2025-07-13T01:10:36Z,2025-06-18T07:47:31Z,gpkg,Coteau_Lakes_Upland.gpkg,Coteau_Lakes_Upland,nhdphr_catchments/Coteau_Lakes_Upland.gpkg,nhdphr_catchments,nhdphr_catchments/Coteau_Lakes_Upland,31.89,2025-06-18T07:47:31Z,FALSE
/Users/cjtinant/Documents/Rprojects_not-class/FFA_regional-skew/data/raw/nhdphr_catchments/Cross_Timbers_Transition.gpkg,file, 547.8M,rw-r--r--,2025-06-17T23:45:24Z,cjtinant,staff,16777231,1,0,220420507,4096,0,1073741920,0,2025-07-13T01:10:52Z,2025-07-13T01:10:36Z,2025-06-17T23:45:21Z,gpkg,Cross_Timbers_Transition.gpkg,Cross_Timbers_Transition,nhdphr_catchments/Cross_Timbers_Transition.gpkg,nhdphr_catchments,nhdphr_catchments/Cross_Timbers_Transition,574.41,2025-06-17T23:45:24Z,FALSE
/Users/cjtinant/Documents/Rprojects_not-class/FFA_regional-skew/data/raw/nhdphr_catchments/Dense_Clay_Prairie.gpkg,file, 136.13M,rw-r--r--,2025-06-18T17:02:52Z,cjtinant,staff,16777231,1,0,221001866,4096,0,1073741920,0,2025-07-13T01:10:53Z,2025-07-13T01:10:36Z,2025-06-18T17:02:51Z,gpkg,Dense_Clay_Prairie.gpkg,Dense_Clay_Prairie,nhdphr_catchments/Dense_Clay_Prairie.gpkg,nhdphr_catchments,nhdphr_catchments/Dense_Clay_Prairie,142.74,2025-06-18T17:02:52Z,FALSE
/Users/cjtinant/Documents/Rprojects_not-class/FFA_regional-skew/data/raw/nhdphr_catchments/Des_Moines_Lobe.gpkg,file, 369.07M,rw-r--r--,2025-06-19T17:59:25Z,cjtinant,staff,16777231,1,0,221355021,4096,0,1073741920,0,2025-07-13T01:10:53Z,2025-07-13T01:10:36Z,2025-06-19T17:59:24Z,gpkg,Des_Moines_Lobe.gpkg,Des_Moines_Lobe,nhdphr_catchments/Des_Moines_Lobe.gpkg,nhdphr_catchments,nhdphr_catchments/Des_Moines_Lobe,387,2025-06-19T17:59:25Z,FALSE
/Users/cjtinant/Documents/Rprojects_not-class/FFA_regional-skew/data/raw/nhdphr_catchments/Drift_Plains.gpkg,file, 343.68M,rw-r--r--,2025-06-18T04:36:26Z,cjtinant,staff,16777231,1,0,220514512,4096,0,1073741920,0,2025-07-13T01:10:55Z,2025-07-13T01:10:36Z,2025-06-18T04:36:24Z,gpkg,Drift_Plains.gpkg,Drift_Plains,nhdphr_catchments/Drift_Plains.gpkg,nhdphr_catchments,nhdphr_catchments/Drift_Plains,360.38,2025-06-18T04:36:26Z,FALSE
/Users/cjtinant/Documents/Rprojects_not-class/FFA_regional-skew/data/raw/nhdphr_catchments/Eastern_Cross_Timbers.gpkg,file, 433.62M,rw-r--r--,2025-06-18T00:34:19Z,cjtinant,staff,16777231,1,0,220431936,4096,0,1073741920,0,2025-07-13T01:10:56Z,2025-07-13T01:10:36Z,2025-06-18T00:34:17Z,gpkg,Eastern_Cross_Timbers.gpkg,Eastern_Cross_Timbers,nhdphr_catchments/Eastern_Cross_Timbers.gpkg,nhdphr_catchments,nhdphr_catchments/Eastern_Cross_Timbers,454.69,2025-06-18T00:34:19Z,FALSE
/Users/cjtinant/Documents/Rprojects_not-class/FFA_regional-skew/data/raw/nhdphr_catchments/Eastern_Iowa_and_Minnesota_Drift_Plains.gpkg,file, 439.45M,rw-r--r--,2025-06-19T18:04:09Z,cjtinant,staff,16777231,1,0,221356180,4096,0,1073741920,0,2025-07-13T01:10:59Z,2025-07-13T01:10:36Z,2025-06-19T18:04:07Z,gpkg,Eastern_Iowa_and_Minnesota_Drift_Plains.gpkg,Eastern_Iowa_and_Minnesota_Drift_Plains,nhdphr_catchments/Eastern_Iowa_and_Minnesota_Drift_Plains.gpkg,nhdphr_catchments,nhdphr_catchments/Eastern_Iowa_and_Minnesota_Drift_Plains,460.79,2025-06-19T18:04:09Z,FALSE
/Users/cjtinant/Documents/Rprojects_not-class/FFA_regional-skew/data/raw/nhdphr_catchments/Edwards_Plateau_Woodland.gpkg,file, 519.05M,rw-r--r--,2025-06-18T01:07:58Z,cjtinant,staff,16777231,1,0,220436400,4096,0,1073741920,0,2025-07-13T01:11:00Z,2025-07-13T01:10:36Z,2025-06-18T01:07:56Z,gpkg,Edwards_Plateau_Woodland.gpkg,Edwards_Plateau_Woodland,nhdphr_catchments/Edwards_Plateau_Woodland.gpkg,nhdphr_catchments,nhdphr_catchments/Edwards_Plateau_Woodland,544.26,2025-06-18T01:07:58Z,FALSE
/Users/cjtinant/Documents/Rprojects_not-class/FFA_regional-skew/data/raw/nhdphr_catchments/End_Moraine_Complex.gpkg,file,  25.95M,rw-r--r--,2025-06-18T04:22:43Z,cjtinant,staff,16777231,1,0,220510571,4096,0,1073741920,0,2025-07-13T01:11:01Z,2025-07-13T01:10:36Z,2025-06-18T04:22:43Z,gpkg,End_Moraine_Complex.gpkg,End_Moraine_Complex,nhdphr_catchments/End_Moraine_Complex.gpkg,nhdphr_catchments,nhdphr_catchments/End_Moraine_Complex,27.21,2025-06-18T04:22:43Z,FALSE
/Users/cjtinant/Documents/Rprojects_not-class/FFA_regional-skew/data/raw/nhdphr_catchments/Flat_Tablelands_and_Valleys.gpkg,file, 105.27M,rw-r--r--,2025-06-18T05:14:32Z,cjtinant,staff,16777231,1,0,220533196,4096,0,1073741920,0,2025-07-13T01:11:01Z,2025-07-13T01:10:36Z,2025-06-18T05:14:31Z,gpkg,Flat_Tablelands_and_Valleys.gpkg,Flat_Tablelands_and_Valleys,nhdphr_catchments/Flat_Tablelands_and_Valleys.gpkg,nhdphr_catchments,nhdphr_catchments/Flat_Tablelands_and_Valleys,110.38,2025-06-18T05:14:32Z,FALSE
/Users/cjtinant/Documents/Rprojects_not-class/FFA_regional-skew/data/raw/nhdphr_catchments/Flat_to_Rolling_Plains.gpkg,file, 241.54M,rw-r--r--,2025-06-18T02:49:19Z,cjtinant,staff,16777231,1,0,220468651,4096,0,1073741920,0,2025-07-13T01:11:03Z,2025-07-13T01:10:36Z,2025-06-18T02:49:17Z,gpkg,Flat_to_Rolling_Plains.gpkg,Flat_to_Rolling_Plains,nhdphr_catchments/Flat_to_Rolling_Plains.gpkg,nhdphr_catchments,nhdphr_catchments/Flat_to_Rolling_Plains,253.27,2025-06-18T02:49:19Z,FALSE
/Users/cjtinant/Documents/Rprojects_not-class/FFA_regional-skew/data/raw/nhdphr_catchments/Flint_Hills.gpkg,file, 501.35M,rw-r--r--,2025-06-17T22:06:16Z,cjtinant,staff,16777231,1,0,220389888,4096,0,1073741920,0,2025-07-13T01:07:58Z,2025-07-13T01:10:36Z,2025-06-17T22:06:13Z,gpkg,Flint_Hills.gpkg,Flint_Hills,nhdphr_catchments/Flint_Hills.gpkg,nhdphr_catchments,nhdphr_catchments/Flint_Hills,525.71,2025-06-17T22:06:16Z,FALSE
/Users/cjtinant/Documents/Rprojects_not-class/FFA_regional-skew/data/raw/nhdphr_catchments/Floodplains_and_Low_Terraces.gpkg,file, 143.25M,rw-r--r--,2025-06-18T18:49:40Z,cjtinant,staff,16777231,1,0,221066233,4096,0,1073741920,0,2025-07-13T01:07:40Z,2025-07-13T01:10:36Z,2025-06-18T18:49:40Z,gpkg,Floodplains_and_Low_Terraces.gpkg,Floodplains_and_Low_Terraces,nhdphr_catchments/Floodplains_and_Low_Terraces.gpkg,nhdphr_catchments,nhdphr_catchments/Floodplains_and_Low_Terraces,150.21,2025-06-18T18:49:40Z,FALSE
/Users/cjtinant/Documents/Rprojects_not-class/FFA_regional-skew/data/raw/nhdphr_catchments/Foothill_Grassland.gpkg,file, 145.6M,rw-r--r--,2025-06-18T07:59:56Z,cjtinant,staff,16777231,1,0,220617234,4096,0,1073741920,0,2025-07-13T01:07:39Z,2025-07-13T01:10:36Z,2025-06-18T07:59:56Z,gpkg,Foothill_Grassland.gpkg,Foothill_Grassland,nhdphr_catchments/Foothill_Grassland.gpkg,nhdphr_catchments,nhdphr_catchments/Foothill_Grassland,152.67,2025-06-18T07:59:56Z,FALSE
/Users/cjtinant/Documents/Rprojects_not-class/FFA_regional-skew/data/raw/nhdphr_catchments/Foothill_Grasslands.gpkg,file, 105.3M,rw-r--r--,2025-06-18T05:46:38Z,cjtinant,staff,16777231,1,0,220544265,4096,0,1073741920,0,2025-07-13T01:07:39Z,2025-07-13T01:10:36Z,2025-06-18T05:46:37Z,gpkg,Foothill_Grasslands.gpkg,Foothill_Grasslands,nhdphr_catchments/Foothill_Grasslands.gpkg,nhdphr_catchments,nhdphr_catchments/Foothill_Grasslands,110.41,2025-06-18T05:46:38Z,FALSE
/Users/cjtinant/Documents/Rprojects_not-class/FFA_regional-skew/data/raw/nhdphr_catchments/Forested_Buttes.gpkg,file,  10.71M,rw-r--r--,2025-06-18T16:33:41Z,cjtinant,staff,16777231,1,0,220994969,4096,0,1073741920,0,2025-07-13T01:07:40Z,2025-07-13T01:10:36Z,2025-06-18T16:33:41Z,gpkg,Forested_Buttes.gpkg,Forested_Buttes,nhdphr_catchments/Forested_Buttes.gpkg,nhdphr_catchments,nhdphr_catchments/Forested_Buttes,11.24,2025-06-18T16:33:41Z,FALSE
/Users/cjtinant/Documents/Rprojects_not-class/FFA_regional-skew/data/raw/nhdphr_catchments/Front_Range_Fans.gpkg,file,  75.58M,rw-r--r--,2025-06-18T03:12:08Z,cjtinant,staff,16777231,1,0,220481605,4096,0,1073741920,0,2025-07-13T01:07:38Z,2025-07-13T01:10:36Z,2025-06-18T03:12:07Z,gpkg,Front_Range_Fans.gpkg,Front_Range_Fans,nhdphr_catchments/Front_Range_Fans.gpkg,nhdphr_catchments,nhdphr_catchments/Front_Range_Fans,79.25,2025-06-18T03:12:08Z,FALSE
/Users/cjtinant/Documents/Rprojects_not-class/FFA_regional-skew/data/raw/nhdphr_catchments/Glacial_Lake_Agassiz_Basin.gpkg,file, 222.86M,rw-r--r--,2025-06-18T03:40:38Z,cjtinant,staff,16777231,1,0,220491386,4096,0,1073741920,0,2025-07-13T01:07:39Z,2025-07-13T01:10:36Z,2025-06-18T03:40:37Z,gpkg,Glacial_Lake_Agassiz_Basin.gpkg,Glacial_Lake_Agassiz_Basin,nhdphr_catchments/Glacial_Lake_Agassiz_Basin.gpkg,nhdphr_catchments,nhdphr_catchments/Glacial_Lake_Agassiz_Basin,233.69,2025-06-18T03:40:38Z,FALSE
/Users/cjtinant/Documents/Rprojects_not-class/FFA_regional-skew/data/raw/nhdphr_catchments/Glacial_Lake_Basins.gpkg,file, 112.83M,rw-r--r--,2025-06-18T04:19:54Z,cjtinant,staff,16777231,1,0,220509541,4096,0,1073741920,0,2025-07-13T01:07:42Z,2025-07-13T01:10:36Z,2025-06-18T04:19:53Z,gpkg,Glacial_Lake_Basins.gpkg,Glacial_Lake_Basins,nhdphr_catchments/Glacial_Lake_Basins.gpkg,nhdphr_catchments,nhdphr_catchments/Glacial_Lake_Basins,118.31,2025-06-18T04:19:54Z,FALSE
/Users/cjtinant/Documents/Rprojects_not-class/FFA_regional-skew/data/raw/nhdphr_catchments/Glacial_Lake_Deltas.gpkg,file,  17.96M,rw-r--r--,2025-06-18T04:20:24Z,cjtinant,staff,16777231,1,0,220509716,4096,0,1073741920,0,2025-07-13T01:07:58Z,2025-07-13T01:10:36Z,2025-06-18T04:20:24Z,gpkg,Glacial_Lake_Deltas.gpkg,Glacial_Lake_Deltas,nhdphr_catchments/Glacial_Lake_Deltas.gpkg,nhdphr_catchments,nhdphr_catchments/Glacial_Lake_Deltas,18.83,2025-06-18T04:20:24Z,FALSE
/Users/cjtinant/Documents/Rprojects_not-class/FFA_regional-skew/data/raw/nhdphr_catchments/Glacial_Outwash.gpkg,file,  34.25M,rw-r--r--,2025-06-18T04:37:06Z,cjtinant,staff,16777231,1,0,220514872,4096,0,1073741920,0,2025-07-13T01:07:42Z,2025-07-13T01:10:36Z,2025-06-18T04:37:06Z,gpkg,Glacial_Outwash.gpkg,Glacial_Outwash,nhdphr_catchments/Glacial_Outwash.gpkg,nhdphr_catchments,nhdphr_catchments/Glacial_Outwash,35.91,2025-06-18T04:37:06Z,FALSE
/Users/cjtinant/Documents/Rprojects_not-class/FFA_regional-skew/data/raw/nhdphr_catchments/Glaciated_Dark_Brown_Prairie.gpkg,file, 492.83M,rw-r--r--,2025-06-18T07:37:07Z,cjtinant,staff,16777231,1,0,220604479,4096,0,1073741920,0,2025-07-13T01:07:58Z,2025-07-13T01:10:36Z,2025-06-18T07:37:05Z,gpkg,Glaciated_Dark_Brown_Prairie.gpkg,Glaciated_Dark_Brown_Prairie,nhdphr_catchments/Glaciated_Dark_Brown_Prairie.gpkg,nhdphr_catchments,nhdphr_catchments/Glaciated_Dark_Brown_Prairie,516.77,2025-06-18T07:37:07Z,FALSE
/Users/cjtinant/Documents/Rprojects_not-class/FFA_regional-skew/data/raw/nhdphr_catchments/Glaciated_Northern_Grasslands.gpkg,file, 805.76M,rw-r--r--,2025-06-18T07:46:51Z,cjtinant,staff,16777231,1,0,220613453,4096,0,1073741920,0,2025-07-13T01:07:40Z,2025-07-13T01:10:36Z,2025-06-18T07:46:47Z,gpkg,Glaciated_Northern_Grasslands.gpkg,Glaciated_Northern_Grasslands,nhdphr_catchments/Glaciated_Northern_Grasslands.gpkg,nhdphr_catchments,nhdphr_catchments/Glaciated_Northern_Grasslands,844.9,2025-06-18T07:46:51Z,FALSE
/Users/cjtinant/Documents/Rprojects_not-class/FFA_regional-skew/data/raw/nhdphr_catchments/Grand_Prairie.gpkg,file, 354.5M,rw-r--r--,2025-06-18T00:49:02Z,cjtinant,staff,16777231,1,0,220433798,4096,0,1073741920,0,2025-07-13T01:07:39Z,2025-07-13T01:10:36Z,2025-06-18T00:49:01Z,gpkg,Grand_Prairie.gpkg,Grand_Prairie,nhdphr_catchments/Grand_Prairie.gpkg,nhdphr_catchments,nhdphr_catchments/Grand_Prairie,371.72,2025-06-18T00:49:02Z,FALSE
/Users/cjtinant/Documents/Rprojects_not-class/FFA_regional-skew/data/raw/nhdphr_catchments/Great_Bend_Sand_Prairie.gpkg,file, 164.84M,rw-r--r--,2025-06-17T23:40:55Z,cjtinant,staff,16777231,1,0,220419825,4096,0,1073741920,0,2025-07-13T01:07:58Z,2025-07-13T01:10:36Z,2025-06-17T23:40:54Z,gpkg,Great_Bend_Sand_Prairie.gpkg,Great_Bend_Sand_Prairie,nhdphr_catchments/Great_Bend_Sand_Prairie.gpkg,nhdphr_catchments,nhdphr_catchments/Great_Bend_Sand_Prairie,172.84,2025-06-17T23:40:55Z,FALSE
/Users/cjtinant/Documents/Rprojects_not-class/FFA_regional-skew/data/raw/nhdphr_catchments/Gypsum_Hills.gpkg,file,  97.7M,rw-r--r--,2025-06-17T23:44:52Z,cjtinant,staff,16777231,1,0,220420457,4096,0,1073741920,0,2025-07-13T01:07:42Z,2025-07-13T01:10:36Z,2025-06-17T23:44:52Z,gpkg,Gypsum_Hills.gpkg,Gypsum_Hills,nhdphr_catchments/Gypsum_Hills.gpkg,nhdphr_catchments,nhdphr_catchments/Gypsum_Hills,102.45,2025-06-17T23:44:52Z,FALSE
/Users/cjtinant/Documents/Rprojects_not-class/FFA_regional-skew/data/raw/nhdphr_catchments/Holt_Tablelands.gpkg,file,  75.48M,rw-r--r--,2025-06-18T07:57:03Z,cjtinant,staff,16777231,1,0,220616360,4096,0,1073741920,0,2025-07-13T01:07:42Z,2025-07-13T01:10:36Z,2025-06-18T07:57:02Z,gpkg,Holt_Tablelands.gpkg,Holt_Tablelands,nhdphr_catchments/Holt_Tablelands.gpkg,nhdphr_catchments,nhdphr_catchments/Holt_Tablelands,79.15,2025-06-18T07:57:03Z,FALSE
/Users/cjtinant/Documents/Rprojects_not-class/FFA_regional-skew/data/raw/nhdphr_catchments/James_River_Lowland.gpkg,file, 532.27M,rw-r--r--,2025-06-18T04:53:36Z,cjtinant,staff,16777231,1,0,220520567,4096,0,1073741920,0,2025-07-13T01:07:38Z,2025-07-13T01:10:36Z,2025-06-18T04:53:34Z,gpkg,James_River_Lowland.gpkg,James_River_Lowland,nhdphr_catchments/James_River_Lowland.gpkg,nhdphr_catchments,nhdphr_catchments/James_River_Lowland,558.12,2025-06-18T04:53:36Z,FALSE
/Users/cjtinant/Documents/Rprojects_not-class/FFA_regional-skew/data/raw/nhdphr_catchments/Judith_Basin_Grassland.gpkg,file, 300.33M,rw-r--r--,2025-06-18T17:12:05Z,cjtinant,staff,16777231,1,0,221004391,4096,0,1073741920,0,2025-07-13T01:07:19Z,2025-07-13T01:10:36Z,2025-06-18T17:12:04Z,gpkg,Judith_Basin_Grassland.gpkg,Judith_Basin_Grassland,nhdphr_catchments/Judith_Basin_Grassland.gpkg,nhdphr_catchments,nhdphr_catchments/Judith_Basin_Grassland,314.92,2025-06-18T17:12:05Z,FALSE
/Users/cjtinant/Documents/Rprojects_not-class/FFA_regional-skew/data/raw/nhdphr_catchments/Keya_Paha_Tablelands.gpkg,file, 272.92M,rw-r--r--,2025-06-18T16:56:38Z,cjtinant,staff,16777231,1,0,220999561,4096,0,1073741920,0,2025-07-13T01:07:39Z,2025-07-13T01:10:36Z,2025-06-18T16:56:37Z,gpkg,Keya_Paha_Tablelands.gpkg,Keya_Paha_Tablelands,nhdphr_catchments/Keya_Paha_Tablelands.gpkg,nhdphr_catchments,nhdphr_catchments/Keya_Paha_Tablelands,286.18,2025-06-18T16:56:38Z,FALSE
/Users/cjtinant/Documents/Rprojects_not-class/FFA_regional-skew/data/raw/nhdphr_catchments/Lafayette_Loess_Plains.gpkg,file,  95.02M,rw-r--r--,2025-06-19T17:49:21Z,cjtinant,staff,16777231,1,0,221348766,4096,0,1073741920,0,2025-07-13T01:07:39Z,2025-07-13T01:10:36Z,2025-06-19T17:49:20Z,gpkg,Lafayette_Loess_Plains.gpkg,Lafayette_Loess_Plains,nhdphr_catchments/Lafayette_Loess_Plains.gpkg,nhdphr_catchments,nhdphr_catchments/Lafayette_Loess_Plains,99.64,2025-06-19T17:49:21Z,FALSE
/Users/cjtinant/Documents/Rprojects_not-class/FFA_regional-skew/data/raw/nhdphr_catchments/Laguna_Madre_Barrier_Islands_and_Coastal_Marshes.gpkg,file,  26.11M,rw-r--r--,2025-06-19T17:48:04Z,cjtinant,staff,16777231,1,0,221348650,4096,0,1073741920,0,2025-07-13T01:07:42Z,2025-07-13T01:10:36Z,2025-06-19T17:48:04Z,gpkg,Laguna_Madre_Barrier_Islands_and_Coastal_Marshes.gpkg,Laguna_Madre_Barrier_Islands_and_Coastal_Marshes,nhdphr_catchments/Laguna_Madre_Barrier_Islands_and_Coastal_Marshes.gpkg,nhdphr_catchments,nhdphr_catchments/Laguna_Madre_Barrier_Islands_and_Coastal_Marshes,27.37,2025-06-19T17:48:04Z,FALSE
/Users/cjtinant/Documents/Rprojects_not-class/FFA_regional-skew/data/raw/nhdphr_catchments/Lake_Agassiz_Plains.gpkg,file,  71.49M,rw-r--r--,2025-06-18T03:43:17Z,cjtinant,staff,16777231,1,0,220492254,4096,0,1073741920,0,2025-07-13T01:07:38Z,2025-07-13T01:10:36Z,2025-06-18T03:43:16Z,gpkg,Lake_Agassiz_Plains.gpkg,Lake_Agassiz_Plains,nhdphr_catchments/Lake_Agassiz_Plains.gpkg,nhdphr_catchments,nhdphr_catchments/Lake_Agassiz_Plains,74.96,2025-06-18T03:43:17Z,FALSE
/Users/cjtinant/Documents/Rprojects_not-class/FFA_regional-skew/data/raw/nhdphr_catchments/Lakes_Area.gpkg,file,  91.92M,rw-r--r--,2025-06-18T04:07:21Z,cjtinant,staff,16777231,1,0,220500058,4096,0,1073741920,0,2025-07-13T01:07:39Z,2025-07-13T01:10:36Z,2025-06-18T04:07:21Z,gpkg,Lakes_Area.gpkg,Lakes_Area,nhdphr_catchments/Lakes_Area.gpkg,nhdphr_catchments,nhdphr_catchments/Lakes_Area,96.38,2025-06-18T04:07:21Z,FALSE
/Users/cjtinant/Documents/Rprojects_not-class/FFA_regional-skew/data/raw/nhdphr_catchments/Limestone_Cut_Plain.gpkg,file, 425.05M,rw-r--r--,2025-06-18T00:53:56Z,cjtinant,staff,16777231,1,0,220434146,4096,0,1073741920,0,2025-07-13T01:07:39Z,2025-07-13T01:10:36Z,2025-06-18T00:53:54Z,gpkg,Limestone_Cut_Plain.gpkg,Limestone_Cut_Plain,nhdphr_catchments/Limestone_Cut_Plain.gpkg,nhdphr_catchments,nhdphr_catchments/Limestone_Cut_Plain,445.69,2025-06-18T00:53:56Z,FALSE
/Users/cjtinant/Documents/Rprojects_not-class/FFA_regional-skew/data/raw/nhdphr_catchments/Limestone_Hills.gpkg,file,  10.5M,rw-r--r--,2025-06-17T23:45:49Z,cjtinant,staff,16777231,1,0,220420585,4096,0,1073741920,0,2025-07-13T01:07:38Z,2025-07-13T01:10:36Z,2025-06-17T23:45:49Z,gpkg,Limestone_Hills.gpkg,Limestone_Hills,nhdphr_catchments/Limestone_Hills.gpkg,nhdphr_catchments,nhdphr_catchments/Limestone_Hills,11.01,2025-06-17T23:45:49Z,FALSE
/Users/cjtinant/Documents/Rprojects_not-class/FFA_regional-skew/data/raw/nhdphr_catchments/Limestone_Plains.gpkg,file, 423.64M,rw-r--r--,2025-06-17T23:44:16Z,cjtinant,staff,16777231,1,0,220420348,4096,0,1073741920,0,2025-07-13T01:07:58Z,2025-07-13T01:10:36Z,2025-06-17T23:44:13Z,gpkg,Limestone_Plains.gpkg,Limestone_Plains,nhdphr_catchments/Limestone_Plains.gpkg,nhdphr_catchments,nhdphr_catchments/Limestone_Plains,444.22,2025-06-17T23:44:16Z,FALSE
/Users/cjtinant/Documents/Rprojects_not-class/FFA_regional-skew/data/raw/nhdphr_catchments/Limy_Foothill_Grassland.gpkg,file, 153.15M,rw-r--r--,2025-06-18T17:41:15Z,cjtinant,staff,16777231,1,0,221031952,4096,0,1073741920,0,2025-07-13T01:07:40Z,2025-07-13T01:10:36Z,2025-06-18T17:41:13Z,gpkg,Limy_Foothill_Grassland.gpkg,Limy_Foothill_Grassland,nhdphr_catchments/Limy_Foothill_Grassland.gpkg,nhdphr_catchments,nhdphr_catchments/Limy_Foothill_Grassland,160.59,2025-06-18T17:41:15Z,FALSE
/Users/cjtinant/Documents/Rprojects_not-class/FFA_regional-skew/data/raw/nhdphr_catchments/Little_Missouri_Badlands.gpkg,file, 294.73M,rw-r--r--,2025-06-18T16:25:58Z,cjtinant,staff,16777231,1,0,220992953,4096,0,1073741920,0,2025-07-13T01:07:40Z,2025-07-13T01:10:36Z,2025-06-18T16:25:56Z,gpkg,Little_Missouri_Badlands.gpkg,Little_Missouri_Badlands,nhdphr_catchments/Little_Missouri_Badlands.gpkg,nhdphr_catchments,nhdphr_catchments/Little_Missouri_Badlands,309.05,2025-06-18T16:25:58Z,FALSE
/Users/cjtinant/Documents/Rprojects_not-class/FFA_regional-skew/data/raw/nhdphr_catchments/Llano_Uplift.gpkg,file, 110.26M,rw-r--r--,2025-06-18T01:09:22Z,cjtinant,staff,16777231,1,0,220441742,4096,0,1073741920,0,2025-07-13T01:07:41Z,2025-07-13T01:10:36Z,2025-06-18T01:09:22Z,gpkg,Llano_Uplift.gpkg,Llano_Uplift,nhdphr_catchments/Llano_Uplift.gpkg,nhdphr_catchments,nhdphr_catchments/Llano_Uplift,115.62,2025-06-18T01:09:22Z,FALSE
/Users/cjtinant/Documents/Rprojects_not-class/FFA_regional-skew/data/raw/nhdphr_catchments/Loess_Flats_and_Till_Plains.gpkg,file, 773.12M,rw-r--r--,2025-06-17T23:55:40Z,cjtinant,staff,16777231,1,0,220421652,4096,0,1073741920,0,2025-07-13T01:07:42Z,2025-07-13T01:10:36Z,2025-06-17T23:55:36Z,gpkg,Loess_Flats_and_Till_Plains.gpkg,Loess_Flats_and_Till_Plains,nhdphr_catchments/Loess_Flats_and_Till_Plains.gpkg,nhdphr_catchments,nhdphr_catchments/Loess_Flats_and_Till_Plains,810.68,2025-06-17T23:55:40Z,FALSE
/Users/cjtinant/Documents/Rprojects_not-class/FFA_regional-skew/data/raw/nhdphr_catchments/Loess_Prairies.gpkg,file, 237.43M,rw-r--r--,2025-06-19T17:51:43Z,cjtinant,staff,16777231,1,0,221348896,4096,0,1073741920,0,2025-07-13T01:07:58Z,2025-07-13T01:10:36Z,2025-06-19T17:51:42Z,gpkg,Loess_Prairies.gpkg,Loess_Prairies,nhdphr_catchments/Loess_Prairies.gpkg,nhdphr_catchments,nhdphr_catchments/Loess_Prairies,248.96,2025-06-19T17:51:43Z,FALSE
/Users/cjtinant/Documents/Rprojects_not-class/FFA_regional-skew/data/raw/nhdphr_catchments/Loess_and_Glacial_Drift_Hills.gpkg,file, 424.55M,rw-r--r--,2025-06-19T18:50:21Z,cjtinant,staff,16777231,1,0,221371763,4096,0,1073741920,0,2025-07-13T01:07:41Z,2025-07-13T01:10:36Z,2025-06-19T18:50:19Z,gpkg,Loess_and_Glacial_Drift_Hills.gpkg,Loess_and_Glacial_Drift_Hills,nhdphr_catchments/Loess_and_Glacial_Drift_Hills.gpkg,nhdphr_catchments,nhdphr_catchments/Loess_and_Glacial_Drift_Hills,445.18,2025-06-19T18:50:21Z,FALSE
/Users/cjtinant/Documents/Rprojects_not-class/FFA_regional-skew/data/raw/nhdphr_catchments/Lower_Platte_Alluvial_Plain.gpkg,file,  39.23M,rw-r--r--,2025-06-19T18:50:55Z,cjtinant,staff,16777231,1,0,221371852,4096,0,1073741920,0,2025-07-13T01:07:38Z,2025-07-13T01:10:36Z,2025-06-19T18:50:54Z,gpkg,Lower_Platte_Alluvial_Plain.gpkg,Lower_Platte_Alluvial_Plain,nhdphr_catchments/Lower_Platte_Alluvial_Plain.gpkg,nhdphr_catchments,nhdphr_catchments/Lower_Platte_Alluvial_Plain,41.14,2025-06-19T18:50:55Z,FALSE
/Users/cjtinant/Documents/Rprojects_not-class/FFA_regional-skew/data/raw/nhdphr_catchments/Lower_Rio_Grande_Alluvial_Floodplain.gpkg,file,  19.74M,rw-r--r--,2025-06-19T17:45:00Z,cjtinant,staff,16777231,1,0,221342684,4096,0,1073741920,0,2025-07-13T01:07:38Z,2025-07-13T01:10:36Z,2025-06-19T17:45:00Z,gpkg,Lower_Rio_Grande_Alluvial_Floodplain.gpkg,Lower_Rio_Grande_Alluvial_Floodplain,nhdphr_catchments/Lower_Rio_Grande_Alluvial_Floodplain.gpkg,nhdphr_catchments,nhdphr_catchments/Lower_Rio_Grande_Alluvial_Floodplain,20.7,2025-06-19T17:45:00Z,FALSE
/Users/cjtinant/Documents/Rprojects_not-class/FFA_regional-skew/data/raw/nhdphr_catchments/Lower_Rio_Grande_Valley.gpkg,file,  22.93M,rw-r--r--,2025-06-19T17:44:37Z,cjtinant,staff,16777231,1,0,221342595,4096,0,1073741920,0,2025-07-13T01:07:58Z,2025-07-13T01:10:36Z,2025-06-19T17:44:37Z,gpkg,Lower_Rio_Grande_Valley.gpkg,Lower_Rio_Grande_Valley,nhdphr_catchments/Lower_Rio_Grande_Valley.gpkg,nhdphr_catchments,nhdphr_catchments/Lower_Rio_Grande_Valley,24.04,2025-06-19T17:44:37Z,FALSE
/Users/cjtinant/Documents/Rprojects_not-class/FFA_regional-skew/data/raw/nhdphr_catchments/Lower_St_Croix_and_Vermillion_Valleys.gpkg,file,  65.8M,rw-r--r--,2025-06-19T18:41:06Z,cjtinant,staff,16777231,1,0,221364966,4096,0,1073741920,0,2025-07-13T01:07:38Z,2025-07-13T01:10:36Z,2025-06-19T18:41:06Z,gpkg,Lower_St_Croix_and_Vermillion_Valleys.gpkg,Lower_St_Croix_and_Vermillion_Valleys,nhdphr_catchments/Lower_St_Croix_and_Vermillion_Valleys.gpkg,nhdphr_catchments,nhdphr_catchments/Lower_St_Croix_and_Vermillion_Valleys,69,2025-06-19T18:41:06Z,FALSE
/Users/cjtinant/Documents/Rprojects_not-class/FFA_regional-skew/data/raw/nhdphr_catchments/Mesa_de_Maya_Black_Mesa.gpkg,file, 114.5M,rw-r--r--,2025-06-18T05:39:19Z,cjtinant,staff,16777231,1,0,220541433,4096,0,1073741920,0,2025-07-13T01:07:38Z,2025-07-13T01:10:36Z,2025-06-18T05:39:18Z,gpkg,Mesa_de_Maya_Black_Mesa.gpkg,Mesa_de_Maya_Black_Mesa,nhdphr_catchments/Mesa_de_Maya_Black_Mesa.gpkg,nhdphr_catchments,nhdphr_catchments/Mesa_de_Maya_Black_Mesa,120.06,2025-06-18T05:39:19Z,FALSE
/Users/cjtinant/Documents/Rprojects_not-class/FFA_regional-skew/data/raw/nhdphr_catchments/Mesic_Dissected_Plains.gpkg,file, 171.21M,rw-r--r--,2025-06-18T17:34:32Z,cjtinant,staff,16777231,1,0,221028574,4096,0,1073741920,0,2025-07-13T01:07:41Z,2025-07-13T01:10:36Z,2025-06-18T17:34:31Z,gpkg,Mesic_Dissected_Plains.gpkg,Mesic_Dissected_Plains,nhdphr_catchments/Mesic_Dissected_Plains.gpkg,nhdphr_catchments,nhdphr_catchments/Mesic_Dissected_Plains,179.53,2025-06-18T17:34:32Z,FALSE
/Users/cjtinant/Documents/Rprojects_not-class/FFA_regional-skew/data/raw/nhdphr_catchments/Mid_Coast_Barrier_Islands_and_Coastal_Marshes.gpkg,file,  57.71M,rw-r--r--,2025-06-19T17:47:36Z,cjtinant,staff,16777231,1,0,221348561,4096,0,1073741920,0,2025-07-13T01:07:58Z,2025-07-13T01:10:36Z,2025-06-19T17:47:36Z,gpkg,Mid_Coast_Barrier_Islands_and_Coastal_Marshes.gpkg,Mid_Coast_Barrier_Islands_and_Coastal_Marshes,nhdphr_catchments/Mid_Coast_Barrier_Islands_and_Coastal_Marshes.gpkg,nhdphr_catchments,nhdphr_catchments/Mid_Coast_Barrier_Islands_and_Coastal_Marshes,60.51,2025-06-19T17:47:36Z,FALSE
/Users/cjtinant/Documents/Rprojects_not-class/FFA_regional-skew/data/raw/nhdphr_catchments/Miissouri_Coteau_Slope.gpkg,file, 393.64M,rw-r--r--,2025-06-18T07:19:19Z,cjtinant,staff,16777231,1,0,220591840,4096,0,1073741920,0,2025-07-13T01:07:40Z,2025-07-13T01:10:36Z,2025-06-18T07:19:17Z,gpkg,Miissouri_Coteau_Slope.gpkg,Miissouri_Coteau_Slope,nhdphr_catchments/Miissouri_Coteau_Slope.gpkg,nhdphr_catchments,nhdphr_catchments/Miissouri_Coteau_Slope,412.77,2025-06-18T07:19:19Z,FALSE
/Users/cjtinant/Documents/Rprojects_not-class/FFA_regional-skew/data/raw/nhdphr_catchments/Milk_River_Pothole_Upland.gpkg,file,  13.79M,rw-r--r--,2025-06-18T07:50:07Z,cjtinant,staff,16777231,1,0,220614325,4096,0,1073741920,0,2025-07-13T01:07:41Z,2025-07-13T01:10:36Z,2025-06-18T07:50:07Z,gpkg,Milk_River_Pothole_Upland.gpkg,Milk_River_Pothole_Upland,nhdphr_catchments/Milk_River_Pothole_Upland.gpkg,nhdphr_catchments,nhdphr_catchments/Milk_River_Pothole_Upland,14.46,2025-06-18T07:50:07Z,FALSE
/Users/cjtinant/Documents/Rprojects_not-class/FFA_regional-skew/data/raw/nhdphr_catchments/Minnesota_River_Prairie.gpkg,file, 105.23M,rw-r--r--,2025-06-18T04:54:58Z,cjtinant,staff,16777231,1,0,220520990,4096,0,1073741920,0,2025-07-13T01:07:58Z,2025-07-13T01:10:36Z,2025-06-18T04:54:58Z,gpkg,Minnesota_River_Prairie.gpkg,Minnesota_River_Prairie,nhdphr_catchments/Minnesota_River_Prairie.gpkg,nhdphr_catchments,nhdphr_catchments/Minnesota_River_Prairie,110.34,2025-06-18T04:54:58Z,FALSE
/Users/cjtinant/Documents/Rprojects_not-class/FFA_regional-skew/data/raw/nhdphr_catchments/Missouri_Alluvial_Plain.gpkg,file,   1.31G,rw-r--r--,2025-06-19T18:19:45Z,cjtinant,staff,16777231,1,0,221363322,4096,0,1073741920,0,2025-07-13T01:07:21Z,2025-07-13T01:10:36Z,2025-06-19T18:19:37Z,gpkg,Missouri_Alluvial_Plain.gpkg,Missouri_Alluvial_Plain,nhdphr_catchments/Missouri_Alluvial_Plain.gpkg,nhdphr_catchments,nhdphr_catchments/Missouri_Alluvial_Plain,1404.82,2025-06-19T18:19:45Z,FALSE
/Users/cjtinant/Documents/Rprojects_not-class/FFA_regional-skew/data/raw/nhdphr_catchments/Missouri_Breaks_Woodland_Scrubland.gpkg,file, 406.26M,rw-r--r--,2025-06-18T17:08:07Z,cjtinant,staff,16777231,1,0,221003509,4096,0,1073741920,0,2025-07-13T01:07:40Z,2025-07-13T01:10:36Z,2025-06-18T17:08:04Z,gpkg,Missouri_Breaks_Woodland_Scrubland.gpkg,Missouri_Breaks_Woodland_Scrubland,nhdphr_catchments/Missouri_Breaks_Woodland_Scrubland.gpkg,nhdphr_catchments,nhdphr_catchments/Missouri_Breaks_Woodland_Scrubland,426,2025-06-18T17:08:07Z,FALSE
/Users/cjtinant/Documents/Rprojects_not-class/FFA_regional-skew/data/raw/nhdphr_catchments/Missouri_Coteau.gpkg,file, 556.41M,rw-r--r--,2025-06-18T07:12:04Z,cjtinant,staff,16777231,1,0,220589184,4096,0,1073741920,0,2025-07-13T01:07:21Z,2025-07-13T01:10:36Z,2025-06-18T07:12:01Z,gpkg,Missouri_Coteau.gpkg,Missouri_Coteau,nhdphr_catchments/Missouri_Coteau.gpkg,nhdphr_catchments,nhdphr_catchments/Missouri_Coteau,583.44,2025-06-18T07:12:04Z,FALSE
/Users/cjtinant/Documents/Rprojects_not-class/FFA_regional-skew/data/raw/nhdphr_catchments/Missouri_Coteau_Slope.gpkg,file,  81.06M,rw-r--r--,2025-06-18T07:20:30Z,cjtinant,staff,16777231,1,0,220592259,4096,0,1073741920,0,2025-07-13T01:07:21Z,2025-07-13T01:10:36Z,2025-06-18T07:20:29Z,gpkg,Missouri_Coteau_Slope.gpkg,Missouri_Coteau_Slope,nhdphr_catchments/Missouri_Coteau_Slope.gpkg,nhdphr_catchments,nhdphr_catchments/Missouri_Coteau_Slope,85,2025-06-18T07:20:30Z,FALSE
/Users/cjtinant/Documents/Rprojects_not-class/FFA_regional-skew/data/raw/nhdphr_catchments/Missouri_Plateau.gpkg,file, 618.39M,rw-r--r--,2025-06-18T16:22:11Z,cjtinant,staff,16777231,1,0,220992622,4096,0,1073741920,0,2025-07-13T01:07:39Z,2025-07-13T01:10:36Z,2025-06-18T16:22:08Z,gpkg,Missouri_Plateau.gpkg,Missouri_Plateau,nhdphr_catchments/Missouri_Plateau.gpkg,nhdphr_catchments,nhdphr_catchments/Missouri_Plateau,648.43,2025-06-18T16:22:11Z,FALSE
/Users/cjtinant/Documents/Rprojects_not-class/FFA_regional-skew/data/raw/nhdphr_catchments/Moderate_Relief_Plains.gpkg,file,  87.4M,rw-r--r--,2025-06-18T02:40:13Z,cjtinant,staff,16777231,1,0,220465776,4096,0,1073741920,0,2025-07-13T01:07:19Z,2025-07-13T01:10:36Z,2025-06-18T02:40:13Z,gpkg,Moderate_Relief_Plains.gpkg,Moderate_Relief_Plains,nhdphr_catchments/Moderate_Relief_Plains.gpkg,nhdphr_catchments,nhdphr_catchments/Moderate_Relief_Plains,91.65,2025-06-18T02:40:13Z,FALSE
/Users/cjtinant/Documents/Rprojects_not-class/FFA_regional-skew/data/raw/nhdphr_catchments/Montana_Central_Grasslands.gpkg,file,   1.04G,rw-r--r--,2025-06-18T17:24:21Z,cjtinant,staff,16777231,1,0,221012915,4096,0,1073741920,0,2025-07-13T01:07:42Z,2025-07-13T01:10:36Z,2025-06-18T17:24:16Z,gpkg,Montana_Central_Grasslands.gpkg,Montana_Central_Grasslands,nhdphr_catchments/Montana_Central_Grasslands.gpkg,nhdphr_catchments,nhdphr_catchments/Montana_Central_Grasslands,1113.4,2025-06-18T17:24:21Z,FALSE
/Users/cjtinant/Documents/Rprojects_not-class/FFA_regional-skew/data/raw/nhdphr_catchments/Moreau_Prairie.gpkg,file, 394.09M,rw-r--r--,2025-06-18T17:01:06Z,cjtinant,staff,16777231,1,0,221001066,4096,0,1073741920,0,2025-07-13T01:07:39Z,2025-07-13T01:10:36Z,2025-06-18T17:01:04Z,gpkg,Moreau_Prairie.gpkg,Moreau_Prairie,nhdphr_catchments/Moreau_Prairie.gpkg,nhdphr_catchments,nhdphr_catchments/Moreau_Prairie,413.23,2025-06-18T17:01:06Z,FALSE
/Users/cjtinant/Documents/Rprojects_not-class/FFA_regional-skew/data/raw/nhdphr_catchments/Nebraska_Kansas_Loess_Hills.gpkg,file, 569.45M,rw-r--r--,2025-06-19T18:46:21Z,cjtinant,staff,16777231,1,0,221369129,4096,0,1073741920,0,2025-07-13T01:07:39Z,2025-07-13T01:10:36Z,2025-06-19T18:46:18Z,gpkg,Nebraska_Kansas_Loess_Hills.gpkg,Nebraska_Kansas_Loess_Hills,nhdphr_catchments/Nebraska_Kansas_Loess_Hills.gpkg,nhdphr_catchments,nhdphr_catchments/Nebraska_Kansas_Loess_Hills,597.11,2025-06-19T18:46:21Z,FALSE
/Users/cjtinant/Documents/Rprojects_not-class/FFA_regional-skew/data/raw/nhdphr_catchments/Niobrara_River_Breaks.gpkg,file,  76.68M,rw-r--r--,2025-06-18T17:35:55Z,cjtinant,staff,16777231,1,0,221029230,4096,0,1073741920,0,2025-07-13T01:07:39Z,2025-07-13T01:10:36Z,2025-06-18T17:35:54Z,gpkg,Niobrara_River_Breaks.gpkg,Niobrara_River_Breaks,nhdphr_catchments/Niobrara_River_Breaks.gpkg,nhdphr_catchments,nhdphr_catchments/Niobrara_River_Breaks,80.4,2025-06-18T17:35:55Z,FALSE
/Users/cjtinant/Documents/Rprojects_not-class/FFA_regional-skew/data/raw/nhdphr_catchments/Non_calcareous_Foothill_Grassland.gpkg,file, 114.82M,rw-r--r--,2025-06-18T17:37:36Z,cjtinant,staff,16777231,1,0,221030242,4096,0,1073741920,0,2025-07-13T01:07:58Z,2025-07-13T01:10:36Z,2025-06-18T17:37:35Z,gpkg,Non_calcareous_Foothill_Grassland.gpkg,Non_calcareous_Foothill_Grassland,nhdphr_catchments/Non_calcareous_Foothill_Grassland.gpkg,nhdphr_catchments,nhdphr_catchments/Non_calcareous_Foothill_Grassland,120.4,2025-06-18T17:37:36Z,FALSE
/Users/cjtinant/Documents/Rprojects_not-class/FFA_regional-skew/data/raw/nhdphr_catchments/North_Central_Brown_Glaciated_Plains.gpkg,file, 423.86M,rw-r--r--,2025-06-18T07:55:57Z,cjtinant,staff,16777231,1,0,220616021,4096,0,1073741920,0,2025-07-13T01:07:21Z,2025-07-13T01:10:36Z,2025-06-18T07:55:56Z,gpkg,North_Central_Brown_Glaciated_Plains.gpkg,North_Central_Brown_Glaciated_Plains,nhdphr_catchments/North_Central_Brown_Glaciated_Plains.gpkg,nhdphr_catchments,nhdphr_catchments/North_Central_Brown_Glaciated_Plains,444.45,2025-06-18T07:55:57Z,FALSE
/Users/cjtinant/Documents/Rprojects_not-class/FFA_regional-skew/data/raw/nhdphr_catchments/Northeastern_Nebraska_Loess_Hills.gpkg,file, 189.56M,rw-r--r--,2025-06-19T18:52:50Z,cjtinant,staff,16777231,1,0,221371960,4096,0,1073741920,0,2025-07-13T01:07:39Z,2025-07-13T01:10:36Z,2025-06-19T18:52:49Z,gpkg,Northeastern_Nebraska_Loess_Hills.gpkg,Northeastern_Nebraska_Loess_Hills,nhdphr_catchments/Northeastern_Nebraska_Loess_Hills.gpkg,nhdphr_catchments,nhdphr_catchments/Northeastern_Nebraska_Loess_Hills,198.77,2025-06-19T18:52:50Z,FALSE
/Users/cjtinant/Documents/Rprojects_not-class/FFA_regional-skew/data/raw/nhdphr_catchments/Northern_Black_Prairie.gpkg,file,  64.87M,rw-r--r--,2025-06-18T04:23:41Z,cjtinant,staff,16777231,1,0,220510893,4096,0,1073741920,0,2025-07-13T01:07:42Z,2025-07-13T01:10:36Z,2025-06-18T04:23:40Z,gpkg,Northern_Black_Prairie.gpkg,Northern_Black_Prairie,nhdphr_catchments/Northern_Black_Prairie.gpkg,nhdphr_catchments,nhdphr_catchments/Northern_Black_Prairie,68.02,2025-06-18T04:23:41Z,FALSE
/Users/cjtinant/Documents/Rprojects_not-class/FFA_regional-skew/data/raw/nhdphr_catchments/Northern_Blackland_Prairie.gpkg,file,   2.15G,rw-r--r--,2025-06-18T18:45:24Z,cjtinant,staff,16777231,1,0,221065411,4096,0,1073741920,0,2025-07-13T01:07:38Z,2025-07-13T01:10:36Z,2025-06-18T18:45:12Z,gpkg,Northern_Blackland_Prairie.gpkg,Northern_Blackland_Prairie,nhdphr_catchments/Northern_Blackland_Prairie.gpkg,nhdphr_catchments,nhdphr_catchments/Northern_Blackland_Prairie,2311.1,2025-06-18T18:45:24Z,FALSE
/Users/cjtinant/Documents/Rprojects_not-class/FFA_regional-skew/data/raw/nhdphr_catchments/Northern_Cross_Timbers.gpkg,file, 763.67M,rw-r--r--,2025-06-18T00:29:37Z,cjtinant,staff,16777231,1,0,220431519,4096,0,1073741920,0,2025-07-13T01:07:42Z,2025-07-13T01:10:36Z,2025-06-18T00:29:33Z,gpkg,Northern_Cross_Timbers.gpkg,Northern_Cross_Timbers,nhdphr_catchments/Northern_Cross_Timbers.gpkg,nhdphr_catchments,nhdphr_catchments/Northern_Cross_Timbers,800.76,2025-06-18T00:29:37Z,FALSE
/Users/cjtinant/Documents/Rprojects_not-class/FFA_regional-skew/data/raw/nhdphr_catchments/Northern_Dark_Brown_Prairie.gpkg,file,  61.82M,rw-r--r--,2025-06-18T04:24:39Z,cjtinant,staff,16777231,1,0,220511183,4096,0,1073741920,0,2025-07-13T01:07:41Z,2025-07-13T01:10:36Z,2025-06-18T04:24:39Z,gpkg,Northern_Dark_Brown_Prairie.gpkg,Northern_Dark_Brown_Prairie,nhdphr_catchments/Northern_Dark_Brown_Prairie.gpkg,nhdphr_catchments,nhdphr_catchments/Northern_Dark_Brown_Prairie,64.82,2025-06-18T04:24:39Z,FALSE
/Users/cjtinant/Documents/Rprojects_not-class/FFA_regional-skew/data/raw/nhdphr_catchments/Northern_Humid_Gulf_Coastal_Prairies.gpkg,file, 129.75M,rw-r--r--,2025-06-19T17:42:00Z,cjtinant,staff,16777231,1,0,221342284,4096,0,1073741920,0,2025-07-13T01:07:39Z,2025-07-13T01:10:36Z,2025-06-19T17:41:59Z,gpkg,Northern_Humid_Gulf_Coastal_Prairies.gpkg,Northern_Humid_Gulf_Coastal_Prairies,nhdphr_catchments/Northern_Humid_Gulf_Coastal_Prairies.gpkg,nhdphr_catchments,nhdphr_catchments/Northern_Humid_Gulf_Coastal_Prairies,136.05,2025-06-19T17:42:00Z,FALSE
/Users/cjtinant/Documents/Rprojects_not-class/FFA_regional-skew/data/raw/nhdphr_catchments/Northern_Missouri_Coteau.gpkg,file, 129.35M,rw-r--r--,2025-06-18T07:22:28Z,cjtinant,staff,16777231,1,0,220592975,4096,0,1073741920,0,2025-07-13T01:07:40Z,2025-07-13T01:10:36Z,2025-06-18T07:22:27Z,gpkg,Northern_Missouri_Coteau.gpkg,Northern_Missouri_Coteau,nhdphr_catchments/Northern_Missouri_Coteau.gpkg,nhdphr_catchments,nhdphr_catchments/Northern_Missouri_Coteau,135.63,2025-06-18T07:22:28Z,FALSE
/Users/cjtinant/Documents/Rprojects_not-class/FFA_regional-skew/data/raw/nhdphr_catchments/Northern_Nueces_Alluvial_Plains.gpkg,file, 113.86M,rw-r--r--,2025-06-18T18:03:15Z,cjtinant,staff,16777231,1,0,221047261,4096,0,1073741920,0,2025-07-13T01:07:40Z,2025-07-13T01:10:36Z,2025-06-18T18:03:15Z,gpkg,Northern_Nueces_Alluvial_Plains.gpkg,Northern_Nueces_Alluvial_Plains,nhdphr_catchments/Northern_Nueces_Alluvial_Plains.gpkg,nhdphr_catchments,nhdphr_catchments/Northern_Nueces_Alluvial_Plains,119.39,2025-06-18T18:03:15Z,FALSE
/Users/cjtinant/Documents/Rprojects_not-class/FFA_regional-skew/data/raw/nhdphr_catchments/Northwestern_Cross_Timbers.gpkg,file, 183.6M,rw-r--r--,2025-06-18T00:58:23Z,cjtinant,staff,16777231,1,0,220434698,4096,0,1073741920,0,2025-07-13T01:07:40Z,2025-07-13T01:10:36Z,2025-06-18T00:58:22Z,gpkg,Northwestern_Cross_Timbers.gpkg,Northwestern_Cross_Timbers,nhdphr_catchments/Northwestern_Cross_Timbers.gpkg,nhdphr_catchments,nhdphr_catchments/Northwestern_Cross_Timbers,192.52,2025-06-18T00:58:23Z,FALSE
/Users/cjtinant/Documents/Rprojects_not-class/FFA_regional-skew/data/raw/nhdphr_catchments/Osage_Cuestas.gpkg,file, 690.45M,rw-r--r--,2025-06-18T00:03:11Z,cjtinant,staff,16777231,1,0,220422673,4096,0,1073741920,0,2025-07-13T01:07:58Z,2025-07-13T01:10:36Z,2025-06-18T00:03:07Z,gpkg,Osage_Cuestas.gpkg,Osage_Cuestas,nhdphr_catchments/Osage_Cuestas.gpkg,nhdphr_catchments,nhdphr_catchments/Osage_Cuestas,723.99,2025-06-18T00:03:11Z,FALSE
/Users/cjtinant/Documents/Rprojects_not-class/FFA_regional-skew/data/raw/nhdphr_catchments/Pembina_Escarpment.gpkg,file,  16.85M,rw-r--r--,2025-06-18T04:18:00Z,cjtinant,staff,16777231,1,0,220508972,4096,0,1073741920,0,2025-07-13T01:07:41Z,2025-07-13T01:10:36Z,2025-06-18T04:18:00Z,gpkg,Pembina_Escarpment.gpkg,Pembina_Escarpment,nhdphr_catchments/Pembina_Escarpment.gpkg,nhdphr_catchments,nhdphr_catchments/Pembina_Escarpment,17.67,2025-06-18T04:18:00Z,FALSE
/Users/cjtinant/Documents/Rprojects_not-class/FFA_regional-skew/data/raw/nhdphr_catchments/Piedmont_Plains_and_Tablelands.gpkg,file, 714.07M,rw-r--r--,2025-06-18T05:37:17Z,cjtinant,staff,16777231,1,0,220540763,4096,0,1073741920,0,2025-07-13T01:07:39Z,2025-07-13T01:10:36Z,2025-06-18T05:37:13Z,gpkg,Piedmont_Plains_and_Tablelands.gpkg,Piedmont_Plains_and_Tablelands,nhdphr_catchments/Piedmont_Plains_and_Tablelands.gpkg,nhdphr_catchments,nhdphr_catchments/Piedmont_Plains_and_Tablelands,748.76,2025-06-18T05:37:17Z,FALSE
/Users/cjtinant/Documents/Rprojects_not-class/FFA_regional-skew/data/raw/nhdphr_catchments/Pine_Bluffs_and_Hills.gpkg,file,  71.1M,rw-r--r--,2025-06-18T02:54:53Z,cjtinant,staff,16777231,1,0,220471060,4096,0,1073741920,0,2025-07-13T01:07:21Z,2025-07-13T01:10:36Z,2025-06-18T02:54:53Z,gpkg,Pine_Bluffs_and_Hills.gpkg,Pine_Bluffs_and_Hills,nhdphr_catchments/Pine_Bluffs_and_Hills.gpkg,nhdphr_catchments,nhdphr_catchments/Pine_Bluffs_and_Hills,74.56,2025-06-18T02:54:53Z,FALSE
/Users/cjtinant/Documents/Rprojects_not-class/FFA_regional-skew/data/raw/nhdphr_catchments/Pine_Oak_Woodlands.gpkg,file,  63.46M,rw-r--r--,2025-06-18T05:44:49Z,cjtinant,staff,16777231,1,0,220543751,4096,0,1073741920,0,2025-07-13T01:07:40Z,2025-07-13T01:10:36Z,2025-06-18T05:44:48Z,gpkg,Pine_Oak_Woodlands.gpkg,Pine_Oak_Woodlands,nhdphr_catchments/Pine_Oak_Woodlands.gpkg,nhdphr_catchments,nhdphr_catchments/Pine_Oak_Woodlands,66.54,2025-06-18T05:44:49Z,FALSE
/Users/cjtinant/Documents/Rprojects_not-class/FFA_regional-skew/data/raw/nhdphr_catchments/Pine_Ridge_Escarpment.gpkg,file, 252.32M,rw-r--r--,2025-06-18T02:32:55Z,cjtinant,staff,16777231,1,0,220462012,4096,0,1073741920,0,2025-07-13T01:07:39Z,2025-07-13T01:10:36Z,2025-06-18T02:32:54Z,gpkg,Pine_Ridge_Escarpment.gpkg,Pine_Ridge_Escarpment,nhdphr_catchments/Pine_Ridge_Escarpment.gpkg,nhdphr_catchments,nhdphr_catchments/Pine_Ridge_Escarpment,264.58,2025-06-18T02:32:55Z,FALSE
/Users/cjtinant/Documents/Rprojects_not-class/FFA_regional-skew/data/raw/nhdphr_catchments/Pine_Scoria_Hills.gpkg,file, 472.42M,rw-r--r--,2025-06-18T17:32:20Z,cjtinant,staff,16777231,1,0,221028069,4096,0,1073741920,0,2025-07-13T01:07:39Z,2025-07-13T01:10:36Z,2025-06-18T17:32:17Z,gpkg,Pine_Scoria_Hills.gpkg,Pine_Scoria_Hills,nhdphr_catchments/Pine_Scoria_Hills.gpkg,nhdphr_catchments,nhdphr_catchments/Pine_Scoria_Hills,495.37,2025-06-18T17:32:20Z,FALSE
/Users/cjtinant/Documents/Rprojects_not-class/FFA_regional-skew/data/raw/nhdphr_catchments/Pinyon_Juniper_Woodlands_and_Savannas.gpkg,file,  76.96M,rw-r--r--,2025-06-18T05:43:33Z,cjtinant,staff,16777231,1,0,220543221,4096,0,1073741920,0,2025-07-13T01:07:40Z,2025-07-13T01:10:36Z,2025-06-18T05:43:33Z,gpkg,Pinyon_Juniper_Woodlands_and_Savannas.gpkg,Pinyon_Juniper_Woodlands_and_Savannas,nhdphr_catchments/Pinyon_Juniper_Woodlands_and_Savannas.gpkg,nhdphr_catchments,nhdphr_catchments/Pinyon_Juniper_Woodlands_and_Savannas,80.7,2025-06-18T05:43:33Z,FALSE
/Users/cjtinant/Documents/Rprojects_not-class/FFA_regional-skew/data/raw/nhdphr_catchments/Platte_River_Valley.gpkg,file, 284.2M,rw-r--r--,2025-06-17T23:42:28Z,cjtinant,staff,16777231,1,0,220420110,4096,0,1073741920,0,2025-07-13T01:07:40Z,2025-07-13T01:10:36Z,2025-06-17T23:42:26Z,gpkg,Platte_River_Valley.gpkg,Platte_River_Valley,nhdphr_catchments/Platte_River_Valley.gpkg,nhdphr_catchments,nhdphr_catchments/Platte_River_Valley,298,2025-06-17T23:42:28Z,FALSE
/Users/cjtinant/Documents/Rprojects_not-class/FFA_regional-skew/data/raw/nhdphr_catchments/Platte_River_Valley_and_Terraces.gpkg,file, 315.43M,rw-r--r--,2025-06-18T03:06:18Z,cjtinant,staff,16777231,1,0,220474583,4096,0,1073741920,0,2025-07-13T01:07:41Z,2025-07-13T01:10:36Z,2025-06-18T03:06:16Z,gpkg,Platte_River_Valley_and_Terraces.gpkg,Platte_River_Valley_and_Terraces,nhdphr_catchments/Platte_River_Valley_and_Terraces.gpkg,nhdphr_catchments,nhdphr_catchments/Platte_River_Valley_and_Terraces,330.75,2025-06-18T03:06:18Z,FALSE
/Users/cjtinant/Documents/Rprojects_not-class/FFA_regional-skew/data/raw/nhdphr_catchments/Pleistocene_Sand_Dunes.gpkg,file, 131.07M,rw-r--r--,2025-06-17T23:44:34Z,cjtinant,staff,16777231,1,0,220420400,4096,0,1073741920,0,2025-07-13T01:07:19Z,2025-07-13T01:10:36Z,2025-06-17T23:44:33Z,gpkg,Pleistocene_Sand_Dunes.gpkg,Pleistocene_Sand_Dunes,nhdphr_catchments/Pleistocene_Sand_Dunes.gpkg,nhdphr_catchments,nhdphr_catchments/Pleistocene_Sand_Dunes,137.44,2025-06-17T23:44:34Z,FALSE
/Users/cjtinant/Documents/Rprojects_not-class/FFA_regional-skew/data/raw/nhdphr_catchments/Pluvial_Lake_Basins.gpkg,file,  16.87M,rw-r--r--,2025-06-18T05:57:09Z,cjtinant,staff,16777231,1,0,220547456,4096,0,1073741920,0,2025-07-13T01:07:39Z,2025-07-13T01:10:36Z,2025-06-18T05:57:09Z,gpkg,Pluvial_Lake_Basins.gpkg,Pluvial_Lake_Basins,nhdphr_catchments/Pluvial_Lake_Basins.gpkg,nhdphr_catchments,nhdphr_catchments/Pluvial_Lake_Basins,17.69,2025-06-18T05:57:09Z,FALSE
/Users/cjtinant/Documents/Rprojects_not-class/FFA_regional-skew/data/raw/nhdphr_catchments/Ponca_Plains.gpkg,file,  93.22M,rw-r--r--,2025-06-18T07:29:03Z,cjtinant,staff,16777231,1,0,220600593,4096,0,1073741920,0,2025-07-13T01:07:39Z,2025-07-13T01:10:36Z,2025-06-18T07:29:03Z,gpkg,Ponca_Plains.gpkg,Ponca_Plains,nhdphr_catchments/Ponca_Plains.gpkg,nhdphr_catchments,nhdphr_catchments/Ponca_Plains,97.75,2025-06-18T07:29:03Z,FALSE
/Users/cjtinant/Documents/Rprojects_not-class/FFA_regional-skew/data/raw/nhdphr_catchments/Powder_River_Basin.gpkg,file, 870.14M,rw-r--r--,2025-06-18T17:57:04Z,cjtinant,staff,16777231,1,0,221037206,4096,0,1073741920,0,2025-07-13T01:07:58Z,2025-07-13T01:10:36Z,2025-06-18T17:56:58Z,gpkg,Powder_River_Basin.gpkg,Powder_River_Basin,nhdphr_catchments/Powder_River_Basin.gpkg,nhdphr_catchments,nhdphr_catchments/Powder_River_Basin,912.41,2025-06-18T17:57:04Z,FALSE
/Users/cjtinant/Documents/Rprojects_not-class/FFA_regional-skew/data/raw/nhdphr_catchments/Prairie_Coteau.gpkg,file, 381.57M,rw-r--r--,2025-06-18T04:41:07Z,cjtinant,staff,16777231,1,0,220516565,4096,0,1073741920,0,2025-07-13T01:07:39Z,2025-07-13T01:10:36Z,2025-06-18T04:41:05Z,gpkg,Prairie_Coteau.gpkg,Prairie_Coteau,nhdphr_catchments/Prairie_Coteau.gpkg,nhdphr_catchments,nhdphr_catchments/Prairie_Coteau,400.11,2025-06-18T04:41:07Z,FALSE
/Users/cjtinant/Documents/Rprojects_not-class/FFA_regional-skew/data/raw/nhdphr_catchments/Prairie_Coteau_Escarpment.gpkg,file, 242.82M,rw-r--r--,2025-06-18T04:44:33Z,cjtinant,staff,16777231,1,0,220517956,4096,0,1073741920,0,2025-07-13T01:07:40Z,2025-07-13T01:10:36Z,2025-06-18T04:44:32Z,gpkg,Prairie_Coteau_Escarpment.gpkg,Prairie_Coteau_Escarpment,nhdphr_catchments/Prairie_Coteau_Escarpment.gpkg,nhdphr_catchments,nhdphr_catchments/Prairie_Coteau_Escarpment,254.62,2025-06-18T04:44:33Z,FALSE
/Users/cjtinant/Documents/Rprojects_not-class/FFA_regional-skew/data/raw/nhdphr_catchments/Prairie_Tableland.gpkg,file, 390.94M,rw-r--r--,2025-06-17T23:41:19Z,cjtinant,staff,16777231,1,0,220419927,4096,0,1073741920,0,2025-07-13T01:07:21Z,2025-07-13T01:10:36Z,2025-06-17T23:41:17Z,gpkg,Prairie_Tableland.gpkg,Prairie_Tableland,nhdphr_catchments/Prairie_Tableland.gpkg,nhdphr_catchments,nhdphr_catchments/Prairie_Tableland,409.93,2025-06-17T23:41:19Z,FALSE
/Users/cjtinant/Documents/Rprojects_not-class/FFA_regional-skew/data/raw/nhdphr_catchments/Pryor_Bighorn_Foothills.gpkg,file, 309.85M,rw-r--r--,2025-06-18T17:45:09Z,cjtinant,staff,16777231,1,0,221033766,4096,0,1073741920,0,2025-07-13T01:07:42Z,2025-07-13T01:10:36Z,2025-06-18T17:45:07Z,gpkg,Pryor_Bighorn_Foothills.gpkg,Pryor_Bighorn_Foothills,nhdphr_catchments/Pryor_Bighorn_Foothills.gpkg,nhdphr_catchments,nhdphr_catchments/Pryor_Bighorn_Foothills,324.9,2025-06-18T17:45:09Z,FALSE
/Users/cjtinant/Documents/Rprojects_not-class/FFA_regional-skew/data/raw/nhdphr_catchments/Purgatoire_Hills_and_Canyons.gpkg,file, 133.32M,rw-r--r--,2025-06-18T05:42:05Z,cjtinant,staff,16777231,1,0,220542794,4096,0,1073741920,0,2025-07-13T01:07:40Z,2025-07-13T01:10:36Z,2025-06-18T05:42:04Z,gpkg,Purgatoire_Hills_and_Canyons.gpkg,Purgatoire_Hills_and_Canyons,nhdphr_catchments/Purgatoire_Hills_and_Canyons.gpkg,nhdphr_catchments,nhdphr_catchments/Purgatoire_Hills_and_Canyons,139.79,2025-06-18T05:42:05Z,FALSE
/Users/cjtinant/Documents/Rprojects_not-class/FFA_regional-skew/data/raw/nhdphr_catchments/Rainwater_Basin_Plains.gpkg,file, 345.32M,rw-r--r--,2025-06-17T23:42:05Z,cjtinant,staff,16777231,1,0,220420033,4096,0,1073741920,0,2025-07-13T01:07:58Z,2025-07-13T01:10:36Z,2025-06-17T23:42:03Z,gpkg,Rainwater_Basin_Plains.gpkg,Rainwater_Basin_Plains,nhdphr_catchments/Rainwater_Basin_Plains.gpkg,nhdphr_catchments,nhdphr_catchments/Rainwater_Basin_Plains,362.09,2025-06-17T23:42:05Z,FALSE
/Users/cjtinant/Documents/Rprojects_not-class/FFA_regional-skew/data/raw/nhdphr_catchments/Red_Prairie.gpkg,file, 474.09M,rw-r--r--,2025-06-17T23:43:03Z,cjtinant,staff,16777231,1,0,220420211,4096,0,1073741920,0,2025-07-13T01:07:21Z,2025-07-13T01:10:36Z,2025-06-17T23:43:00Z,gpkg,Red_Prairie.gpkg,Red_Prairie,nhdphr_catchments/Red_Prairie.gpkg,nhdphr_catchments,nhdphr_catchments/Red_Prairie,497.12,2025-06-17T23:43:03Z,FALSE
/Users/cjtinant/Documents/Rprojects_not-class/FFA_regional-skew/data/raw/nhdphr_catchments/Red_River_Tablelands.gpkg,file,  44.37M,rw-r--r--,2025-06-17T23:44:42Z,cjtinant,staff,16777231,1,0,220420430,4096,0,1073741920,0,2025-07-13T01:07:40Z,2025-07-13T01:10:36Z,2025-06-17T23:44:41Z,gpkg,Red_River_Tablelands.gpkg,Red_River_Tablelands,nhdphr_catchments/Red_River_Tablelands.gpkg,nhdphr_catchments,nhdphr_catchments/Red_River_Tablelands,46.53,2025-06-17T23:44:42Z,FALSE
/Users/cjtinant/Documents/Rprojects_not-class/FFA_regional-skew/data/raw/nhdphr_catchments/Rio_Grande_Floodplain_and_Terraces.gpkg,file, 420.3M,rw-r--r--,2025-06-18T18:17:26Z,cjtinant,staff,16777231,1,0,221054995,4096,0,1073741920,0,2025-07-13T01:07:41Z,2025-07-13T01:10:36Z,2025-06-18T18:17:24Z,gpkg,Rio_Grande_Floodplain_and_Terraces.gpkg,Rio_Grande_Floodplain_and_Terraces,nhdphr_catchments/Rio_Grande_Floodplain_and_Terraces.gpkg,nhdphr_catchments,nhdphr_catchments/Rio_Grande_Floodplain_and_Terraces,440.71,2025-06-18T18:17:26Z,FALSE
/Users/cjtinant/Documents/Rprojects_not-class/FFA_regional-skew/data/raw/nhdphr_catchments/River_Breaks.gpkg,file, 670.75M,rw-r--r--,2025-06-18T16:33:13Z,cjtinant,staff,16777231,1,0,220994711,4096,0,1073741920,0,2025-07-13T01:07:38Z,2025-07-13T01:10:36Z,2025-06-18T16:33:09Z,gpkg,River_Breaks.gpkg,River_Breaks,nhdphr_catchments/River_Breaks.gpkg,nhdphr_catchments,nhdphr_catchments/River_Breaks,703.34,2025-06-18T16:33:13Z,FALSE
/Users/cjtinant/Documents/Rprojects_not-class/FFA_regional-skew/data/raw/nhdphr_catchments/Rocky_Mountain_Front_Foothill_Potholes.gpkg,file,  41.2M,rw-r--r--,2025-06-18T07:57:48Z,cjtinant,staff,16777231,1,0,220616608,4096,0,1073741920,0,2025-07-13T01:07:58Z,2025-07-13T01:10:36Z,2025-06-18T07:57:48Z,gpkg,Rocky_Mountain_Front_Foothill_Potholes.gpkg,Rocky_Mountain_Front_Foothill_Potholes,nhdphr_catchments/Rocky_Mountain_Front_Foothill_Potholes.gpkg,nhdphr_catchments,nhdphr_catchments/Rocky_Mountain_Front_Foothill_Potholes,43.2,2025-06-18T07:57:48Z,FALSE
/Users/cjtinant/Documents/Rprojects_not-class/FFA_regional-skew/data/raw/nhdphr_catchments/Rolling_Loess_Prairies.gpkg,file,   1.43G,rw-r--r--,2025-06-19T18:40:14Z,cjtinant,staff,16777231,1,0,221364689,4096,0,1073741920,0,2025-07-13T01:07:41Z,2025-07-13T01:10:36Z,2025-06-19T18:40:05Z,gpkg,Rolling_Loess_Prairies.gpkg,Rolling_Loess_Prairies,nhdphr_catchments/Rolling_Loess_Prairies.gpkg,nhdphr_catchments,nhdphr_catchments/Rolling_Loess_Prairies,1533.06,2025-06-19T18:40:14Z,FALSE
/Users/cjtinant/Documents/Rprojects_not-class/FFA_regional-skew/data/raw/nhdphr_catchments/Rolling_Plains_and_Breaks.gpkg,file, 535.06M,rw-r--r--,2025-06-17T23:40:43Z,cjtinant,staff,16777231,1,0,220419767,4096,0,1073741920,0,2025-07-13T01:07:58Z,2025-07-13T01:10:36Z,2025-06-17T23:40:40Z,gpkg,Rolling_Plains_and_Breaks.gpkg,Rolling_Plains_and_Breaks,nhdphr_catchments/Rolling_Plains_and_Breaks.gpkg,nhdphr_catchments,nhdphr_catchments/Rolling_Plains_and_Breaks,561.05,2025-06-17T23:40:43Z,FALSE
/Users/cjtinant/Documents/Rprojects_not-class/FFA_regional-skew/data/raw/nhdphr_catchments/Rolling_Red_Hills.gpkg,file, 177.63M,rw-r--r--,2025-06-17T23:45:43Z,cjtinant,staff,16777231,1,0,220420563,4096,0,1073741920,0,2025-07-13T01:07:21Z,2025-07-13T01:10:36Z,2025-06-17T23:45:42Z,gpkg,Rolling_Red_Hills.gpkg,Rolling_Red_Hills,nhdphr_catchments/Rolling_Red_Hills.gpkg,nhdphr_catchments,nhdphr_catchments/Rolling_Red_Hills,186.26,2025-06-17T23:45:43Z,FALSE
/Users/cjtinant/Documents/Rprojects_not-class/FFA_regional-skew/data/raw/nhdphr_catchments/Rolling_Sand_Plains.gpkg,file,  83.74M,rw-r--r--,2025-06-18T02:34:07Z,cjtinant,staff,16777231,1,0,220462146,4096,0,1073741920,0,2025-07-13T01:07:40Z,2025-07-13T01:10:36Z,2025-06-18T02:34:07Z,gpkg,Rolling_Sand_Plains.gpkg,Rolling_Sand_Plains,nhdphr_catchments/Rolling_Sand_Plains.gpkg,nhdphr_catchments,nhdphr_catchments/Rolling_Sand_Plains,87.81,2025-06-18T02:34:07Z,FALSE
/Users/cjtinant/Documents/Rprojects_not-class/FFA_regional-skew/data/raw/nhdphr_catchments/Sagebrush_Steppe.gpkg,file, 421M,rw-r--r--,2025-06-18T16:38:33Z,cjtinant,staff,16777231,1,0,220996606,4096,0,1073741920,0,2025-07-13T01:07:58Z,2025-07-13T01:10:36Z,2025-06-18T16:38:31Z,gpkg,Sagebrush_Steppe.gpkg,Sagebrush_Steppe,nhdphr_catchments/Sagebrush_Steppe.gpkg,nhdphr_catchments,nhdphr_catchments/Sagebrush_Steppe,441.45,2025-06-18T16:38:33Z,FALSE
/Users/cjtinant/Documents/Rprojects_not-class/FFA_regional-skew/data/raw/nhdphr_catchments/Saline_Area.gpkg,file,  10.29M,rw-r--r--,2025-06-18T03:42:20Z,cjtinant,staff,16777231,1,0,220491952,4096,0,1073741920,0,2025-07-13T01:07:21Z,2025-07-13T01:10:36Z,2025-06-18T03:42:20Z,gpkg,Saline_Area.gpkg,Saline_Area,nhdphr_catchments/Saline_Area.gpkg,nhdphr_catchments,nhdphr_catchments/Saline_Area,10.78,2025-06-18T03:42:20Z,FALSE
/Users/cjtinant/Documents/Rprojects_not-class/FFA_regional-skew/data/raw/nhdphr_catchments/Salt_Plains.gpkg,file,   5.66M,rw-r--r--,2025-06-17T23:45:29Z,cjtinant,staff,16777231,1,0,220420533,4096,0,1073741920,0,2025-07-13T01:07:58Z,2025-07-13T01:10:36Z,2025-06-17T23:45:29Z,gpkg,Salt_Plains.gpkg,Salt_Plains,nhdphr_catchments/Salt_Plains.gpkg,nhdphr_catchments,nhdphr_catchments/Salt_Plains,5.94,2025-06-17T23:45:29Z,FALSE
/Users/cjtinant/Documents/Rprojects_not-class/FFA_regional-skew/data/raw/nhdphr_catchments/Sand_Hills.gpkg,file, 142.61M,rw-r--r--,2025-06-18T04:00:00Z,cjtinant,staff,16777231,1,0,220497549,4096,0,1073741920,0,2025-07-13T01:07:58Z,2025-07-13T01:10:36Z,2025-06-18T03:59:59Z,gpkg,Sand_Hills.gpkg,Sand_Hills,nhdphr_catchments/Sand_Hills.gpkg,nhdphr_catchments,nhdphr_catchments/Sand_Hills,149.53,2025-06-18T04:00:00Z,FALSE
/Users/cjtinant/Documents/Rprojects_not-class/FFA_regional-skew/data/raw/nhdphr_catchments/Sandsheets.gpkg,file,  12.39M,rw-r--r--,2025-06-18T05:47:05Z,cjtinant,staff,16777231,1,0,220544422,4096,0,1073741920,0,2025-07-13T01:07:38Z,2025-07-13T01:10:36Z,2025-06-18T05:47:05Z,gpkg,Sandsheets.gpkg,Sandsheets,nhdphr_catchments/Sandsheets.gpkg,nhdphr_catchments,nhdphr_catchments/Sandsheets,12.99,2025-06-18T05:47:05Z,FALSE
/Users/cjtinant/Documents/Rprojects_not-class/FFA_regional-skew/data/raw/nhdphr_catchments/Sandy_and_Silty_Tablelands.gpkg,file, 172.62M,rw-r--r--,2025-06-18T02:57:08Z,cjtinant,staff,16777231,1,0,220471717,4096,0,1073741920,0,2025-07-13T01:07:58Z,2025-07-13T01:10:36Z,2025-06-18T02:57:07Z,gpkg,Sandy_and_Silty_Tablelands.gpkg,Sandy_and_Silty_Tablelands,nhdphr_catchments/Sandy_and_Silty_Tablelands.gpkg,nhdphr_catchments,nhdphr_catchments/Sandy_and_Silty_Tablelands,181.01,2025-06-18T02:57:08Z,FALSE
/Users/cjtinant/Documents/Rprojects_not-class/FFA_regional-skew/data/raw/nhdphr_catchments/Semiarid_Canadian_Breaks.gpkg,file, 213.37M,rw-r--r--,2025-06-18T05:26:39Z,cjtinant,staff,16777231,1,0,220537057,4096,0,1073741920,0,2025-07-13T01:07:40Z,2025-07-13T01:10:36Z,2025-06-18T05:26:38Z,gpkg,Semiarid_Canadian_Breaks.gpkg,Semiarid_Canadian_Breaks,nhdphr_catchments/Semiarid_Canadian_Breaks.gpkg,nhdphr_catchments,nhdphr_catchments/Semiarid_Canadian_Breaks,223.74,2025-06-18T05:26:39Z,FALSE
/Users/cjtinant/Documents/Rprojects_not-class/FFA_regional-skew/data/raw/nhdphr_catchments/Semiarid_Edwards_Bajada.gpkg,file,  37.06M,rw-r--r--,2025-06-18T18:04:03Z,cjtinant,staff,16777231,1,0,221047622,4096,0,1073741920,0,2025-07-13T01:07:19Z,2025-07-13T01:10:36Z,2025-06-18T18:04:03Z,gpkg,Semiarid_Edwards_Bajada.gpkg,Semiarid_Edwards_Bajada,nhdphr_catchments/Semiarid_Edwards_Bajada.gpkg,nhdphr_catchments,nhdphr_catchments/Semiarid_Edwards_Bajada,38.86,2025-06-18T18:04:03Z,FALSE
/Users/cjtinant/Documents/Rprojects_not-class/FFA_regional-skew/data/raw/nhdphr_catchments/Semiarid_Edwards_Plateau.gpkg,file, 349.86M,rw-r--r--,2025-06-18T01:19:17Z,cjtinant,staff,16777231,1,0,220443953,4096,0,1073741920,0,2025-07-13T01:07:39Z,2025-07-13T01:10:36Z,2025-06-18T01:19:15Z,gpkg,Semiarid_Edwards_Plateau.gpkg,Semiarid_Edwards_Plateau,nhdphr_catchments/Semiarid_Edwards_Plateau.gpkg,nhdphr_catchments,nhdphr_catchments/Semiarid_Edwards_Plateau,366.85,2025-06-18T01:19:17Z,FALSE
/Users/cjtinant/Documents/Rprojects_not-class/FFA_regional-skew/data/raw/nhdphr_catchments/Semiarid_Pierre_Shale_Plains.gpkg,file, 696.3M,rw-r--r--,2025-06-18T16:50:45Z,cjtinant,staff,16777231,1,0,220998658,4096,0,1073741920,0,2025-07-13T01:07:41Z,2025-07-13T01:10:36Z,2025-06-18T16:50:42Z,gpkg,Semiarid_Pierre_Shale_Plains.gpkg,Semiarid_Pierre_Shale_Plains,nhdphr_catchments/Semiarid_Pierre_Shale_Plains.gpkg,nhdphr_catchments,nhdphr_catchments/Semiarid_Pierre_Shale_Plains,730.12,2025-06-18T16:50:45Z,FALSE
/Users/cjtinant/Documents/Rprojects_not-class/FFA_regional-skew/data/raw/nhdphr_catchments/Shield_Smith_Valleys.gpkg,file,  89.95M,rw-r--r--,2025-06-18T17:39:02Z,cjtinant,staff,16777231,1,0,221030955,4096,0,1073741920,0,2025-07-13T01:07:21Z,2025-07-13T01:10:36Z,2025-06-18T17:39:02Z,gpkg,Shield_Smith_Valleys.gpkg,Shield_Smith_Valleys,nhdphr_catchments/Shield_Smith_Valleys.gpkg,nhdphr_catchments,nhdphr_catchments/Shield_Smith_Valleys,94.32,2025-06-18T17:39:02Z,FALSE
/Users/cjtinant/Documents/Rprojects_not-class/FFA_regional-skew/data/raw/nhdphr_catchments/Shinnery_Sands.gpkg,file,  98.3M,rw-r--r--,2025-06-18T03:08:06Z,cjtinant,staff,16777231,1,0,220479592,4096,0,1073741920,0,2025-07-13T01:07:38Z,2025-07-13T01:10:36Z,2025-06-18T03:08:06Z,gpkg,Shinnery_Sands.gpkg,Shinnery_Sands,nhdphr_catchments/Shinnery_Sands.gpkg,nhdphr_catchments,nhdphr_catchments/Shinnery_Sands,103.07,2025-06-18T03:08:06Z,FALSE
/Users/cjtinant/Documents/Rprojects_not-class/FFA_regional-skew/data/raw/nhdphr_catchments/Smoky_Hills.gpkg,file, 401.05M,rw-r--r--,2025-06-17T23:40:11Z,cjtinant,staff,16777231,1,0,220419672,4096,0,1073741920,0,2025-07-13T01:07:39Z,2025-07-13T01:10:36Z,2025-06-17T23:40:09Z,gpkg,Smoky_Hills.gpkg,Smoky_Hills,nhdphr_catchments/Smoky_Hills.gpkg,nhdphr_catchments,nhdphr_catchments/Smoky_Hills,420.53,2025-06-17T23:40:11Z,FALSE
/Users/cjtinant/Documents/Rprojects_not-class/FFA_regional-skew/data/raw/nhdphr_catchments/Southern_Blackland_Fayette_Prairie.gpkg,file, 176.25M,rw-r--r--,2025-06-18T18:47:43Z,cjtinant,staff,16777231,1,0,221065905,4096,0,1073741920,0,2025-07-13T01:07:42Z,2025-07-13T01:10:36Z,2025-06-18T18:47:42Z,gpkg,Southern_Blackland_Fayette_Prairie.gpkg,Southern_Blackland_Fayette_Prairie,nhdphr_catchments/Southern_Blackland_Fayette_Prairie.gpkg,nhdphr_catchments,nhdphr_catchments/Southern_Blackland_Fayette_Prairie,184.81,2025-06-18T18:47:43Z,FALSE
/Users/cjtinant/Documents/Rprojects_not-class/FFA_regional-skew/data/raw/nhdphr_catchments/Southern_Missouri_Coteau.gpkg,file, 248.83M,rw-r--r--,2025-06-18T07:25:26Z,cjtinant,staff,16777231,1,0,220593845,4096,0,1073741920,0,2025-07-13T01:07:19Z,2025-07-13T01:10:36Z,2025-06-18T07:25:24Z,gpkg,Southern_Missouri_Coteau.gpkg,Southern_Missouri_Coteau,nhdphr_catchments/Southern_Missouri_Coteau.gpkg,nhdphr_catchments,nhdphr_catchments/Southern_Missouri_Coteau,260.92,2025-06-18T07:25:26Z,FALSE
/Users/cjtinant/Documents/Rprojects_not-class/FFA_regional-skew/data/raw/nhdphr_catchments/Southern_Missouri_Coteau_Slope.gpkg,file, 191.09M,rw-r--r--,2025-06-18T07:27:47Z,cjtinant,staff,16777231,1,0,220598230,4096,0,1073741920,0,2025-07-13T01:07:58Z,2025-07-13T01:10:36Z,2025-06-18T07:27:46Z,gpkg,Southern_Missouri_Coteau_Slope.gpkg,Southern_Missouri_Coteau_Slope,nhdphr_catchments/Southern_Missouri_Coteau_Slope.gpkg,nhdphr_catchments,nhdphr_catchments/Southern_Missouri_Coteau_Slope,200.37,2025-06-18T07:27:47Z,FALSE
/Users/cjtinant/Documents/Rprojects_not-class/FFA_regional-skew/data/raw/nhdphr_catchments/Southern_New_Mexico_Dissected_Plains.gpkg,file,  68.4M,rw-r--r--,2025-06-18T05:58:09Z,cjtinant,staff,16777231,1,0,220547855,4096,0,1073741920,0,2025-07-13T01:07:39Z,2025-07-13T01:10:36Z,2025-06-18T05:58:08Z,gpkg,Southern_New_Mexico_Dissected_Plains.gpkg,Southern_New_Mexico_Dissected_Plains,nhdphr_catchments/Southern_New_Mexico_Dissected_Plains.gpkg,nhdphr_catchments,nhdphr_catchments/Southern_New_Mexico_Dissected_Plains,71.72,2025-06-18T05:58:09Z,FALSE
/Users/cjtinant/Documents/Rprojects_not-class/FFA_regional-skew/data/raw/nhdphr_catchments/Southern_River_Breaks.gpkg,file, 175.7M,rw-r--r--,2025-06-18T07:31:15Z,cjtinant,staff,16777231,1,0,220601449,4096,0,1073741920,0,2025-07-13T01:07:40Z,2025-07-13T01:10:36Z,2025-06-18T07:31:14Z,gpkg,Southern_River_Breaks.gpkg,Southern_River_Breaks,nhdphr_catchments/Southern_River_Breaks.gpkg,nhdphr_catchments,nhdphr_catchments/Southern_River_Breaks,184.23,2025-06-18T07:31:15Z,FALSE
/Users/cjtinant/Documents/Rprojects_not-class/FFA_regional-skew/data/raw/nhdphr_catchments/Southern_Subhumid_Gulf_Coastal_Prairies.gpkg,file, 142.91M,rw-r--r--,2025-06-19T17:43:37Z,cjtinant,staff,16777231,1,0,221342408,4096,0,1073741920,0,2025-07-13T01:07:42Z,2025-07-13T01:10:36Z,2025-06-19T17:43:36Z,gpkg,Southern_Subhumid_Gulf_Coastal_Prairies.gpkg,Southern_Subhumid_Gulf_Coastal_Prairies,nhdphr_catchments/Southern_Subhumid_Gulf_Coastal_Prairies.gpkg,nhdphr_catchments,nhdphr_catchments/Southern_Subhumid_Gulf_Coastal_Prairies,149.85,2025-06-19T17:43:37Z,FALSE
/Users/cjtinant/Documents/Rprojects_not-class/FFA_regional-skew/data/raw/nhdphr_catchments/Steeply_Rolling_Loess_Prairies.gpkg,file, 459.76M,rw-r--r--,2025-06-19T18:24:22Z,cjtinant,staff,16777231,1,0,221363871,4096,0,1073741920,0,2025-07-13T01:07:40Z,2025-07-13T01:10:36Z,2025-06-19T18:24:20Z,gpkg,Steeply_Rolling_Loess_Prairies.gpkg,Steeply_Rolling_Loess_Prairies,nhdphr_catchments/Steeply_Rolling_Loess_Prairies.gpkg,nhdphr_catchments,nhdphr_catchments/Steeply_Rolling_Loess_Prairies,482.09,2025-06-19T18:24:22Z,FALSE
/Users/cjtinant/Documents/Rprojects_not-class/FFA_regional-skew/data/raw/nhdphr_catchments/Subhumid_Pierre_Shale_Plains.gpkg,file, 334.64M,rw-r--r--,2025-06-18T16:42:34Z,cjtinant,staff,16777231,1,0,220997625,4096,0,1073741920,0,2025-07-13T01:07:40Z,2025-07-13T01:10:36Z,2025-06-18T16:42:33Z,gpkg,Subhumid_Pierre_Shale_Plains.gpkg,Subhumid_Pierre_Shale_Plains,nhdphr_catchments/Subhumid_Pierre_Shale_Plains.gpkg,nhdphr_catchments,nhdphr_catchments/Subhumid_Pierre_Shale_Plains,350.9,2025-06-18T16:42:34Z,FALSE
/Users/cjtinant/Documents/Rprojects_not-class/FFA_regional-skew/data/raw/nhdphr_catchments/Sweetgrass_Uplands.gpkg,file,  22.07M,rw-r--r--,2025-06-18T07:48:07Z,cjtinant,staff,16777231,1,0,220613818,4096,0,1073741920,0,2025-07-13T01:07:42Z,2025-07-13T01:10:36Z,2025-06-18T07:48:07Z,gpkg,Sweetgrass_Uplands.gpkg,Sweetgrass_Uplands,nhdphr_catchments/Sweetgrass_Uplands.gpkg,nhdphr_catchments,nhdphr_catchments/Sweetgrass_Uplands,23.15,2025-06-18T07:48:07Z,FALSE
/Users/cjtinant/Documents/Rprojects_not-class/FFA_regional-skew/data/raw/nhdphr_catchments/Tewaukon_Big_Stone_Stagnation_Moraine.gpkg,file, 148.7M,rw-r--r--,2025-06-18T04:22:09Z,cjtinant,staff,16777231,1,0,220510296,4096,0,1073741920,0,2025-07-13T01:07:42Z,2025-07-13T01:10:36Z,2025-06-18T04:22:08Z,gpkg,Tewaukon_Big_Stone_Stagnation_Moraine.gpkg,Tewaukon_Big_Stone_Stagnation_Moraine,nhdphr_catchments/Tewaukon_Big_Stone_Stagnation_Moraine.gpkg,nhdphr_catchments,nhdphr_catchments/Tewaukon_Big_Stone_Stagnation_Moraine,155.92,2025-06-18T04:22:09Z,FALSE
/Users/cjtinant/Documents/Rprojects_not-class/FFA_regional-skew/data/raw/nhdphr_catchments/Texas-Tamaulipan_Thornscrub.gpkg,file,  10.61M,rw-r--r--,2025-06-06T20:25:05Z,cjtinant,staff,16777231,1,0,217010052,4096,0,1073741920,0,2025-07-08T05:50:05Z,2025-07-14T18:11:49Z,2025-06-06T20:25:05Z,gpkg,Texas-Tamaulipan_Thornscrub.gpkg,Texas-Tamaulipan_Thornscrub,nhdphr_catchments/Texas-Tamaulipan_Thornscrub.gpkg,nhdphr_catchments,nhdphr_catchments/Texas-Tamaulipan_Thornscrub,11.12,2025-06-06T20:25:05Z,FALSE
/Users/cjtinant/Documents/Rprojects_not-class/FFA_regional-skew/data/raw/nhdphr_catchments/Texas_Louisiana_Coastal_Marshes.gpkg,file, 131.01M,rw-r--r--,2025-06-19T17:46:51Z,cjtinant,staff,16777231,1,0,221348445,4096,0,1073741920,0,2025-07-13T01:07:42Z,2025-07-13T01:10:36Z,2025-06-19T17:46:51Z,gpkg,Texas_Louisiana_Coastal_Marshes.gpkg,Texas_Louisiana_Coastal_Marshes,nhdphr_catchments/Texas_Louisiana_Coastal_Marshes.gpkg,nhdphr_catchments,nhdphr_catchments/Texas_Louisiana_Coastal_Marshes,137.38,2025-06-19T17:46:51Z,FALSE
/Users/cjtinant/Documents/Rprojects_not-class/FFA_regional-skew/data/raw/nhdphr_catchments/Texas_Tamaulipan_Thornscrub.gpkg,file, 618.89M,rw-r--r--,2025-06-18T18:12:48Z,cjtinant,staff,16777231,1,0,221053799,4096,0,1073741920,0,2025-07-13T01:07:41Z,2025-07-13T01:10:36Z,2025-06-18T18:12:45Z,gpkg,Texas_Tamaulipan_Thornscrub.gpkg,Texas_Tamaulipan_Thornscrub,nhdphr_catchments/Texas_Tamaulipan_Thornscrub.gpkg,nhdphr_catchments,nhdphr_catchments/Texas_Tamaulipan_Thornscrub,648.96,2025-06-18T18:12:48Z,FALSE
/Users/cjtinant/Documents/Rprojects_not-class/FFA_regional-skew/data/raw/nhdphr_catchments/Transitional_Sandy_Plain.gpkg,file,  54.77M,rw-r--r--,2025-06-19T18:53:32Z,cjtinant,staff,16777231,1,0,221372041,4096,0,1073741920,0,2025-07-13T01:07:39Z,2025-07-13T01:10:36Z,2025-06-19T18:53:32Z,gpkg,Transitional_Sandy_Plain.gpkg,Transitional_Sandy_Plain,nhdphr_catchments/Transitional_Sandy_Plain.gpkg,nhdphr_catchments,nhdphr_catchments/Transitional_Sandy_Plain,57.43,2025-06-19T18:53:32Z,FALSE
/Users/cjtinant/Documents/Rprojects_not-class/FFA_regional-skew/data/raw/nhdphr_catchments/Turtle_Mountains.gpkg,file,  13.86M,rw-r--r--,2025-06-18T04:18:28Z,cjtinant,staff,16777231,1,0,220509132,4096,0,1073741920,0,2025-07-13T01:07:58Z,2025-07-13T01:10:36Z,2025-06-18T04:18:28Z,gpkg,Turtle_Mountains.gpkg,Turtle_Mountains,nhdphr_catchments/Turtle_Mountains.gpkg,nhdphr_catchments,nhdphr_catchments/Turtle_Mountains,14.54,2025-06-18T04:18:28Z,FALSE
/Users/cjtinant/Documents/Rprojects_not-class/FFA_regional-skew/data/raw/nhdphr_catchments/Unglaciated_Montana_High_Plains.gpkg,file, 141.75M,rw-r--r--,2025-06-18T17:26:26Z,cjtinant,staff,16777231,1,0,221025133,4096,0,1073741920,0,2025-07-13T01:07:39Z,2025-07-13T01:10:36Z,2025-06-18T17:26:25Z,gpkg,Unglaciated_Montana_High_Plains.gpkg,Unglaciated_Montana_High_Plains,nhdphr_catchments/Unglaciated_Montana_High_Plains.gpkg,nhdphr_catchments,nhdphr_catchments/Unglaciated_Montana_High_Plains,148.64,2025-06-18T17:26:26Z,FALSE
/Users/cjtinant/Documents/Rprojects_not-class/FFA_regional-skew/data/raw/nhdphr_catchments/Upper_Canadian_Plateau.gpkg,file, 240.63M,rw-r--r--,2025-06-18T05:49:53Z,cjtinant,staff,16777231,1,0,220545262,4096,0,1073741920,0,2025-07-13T01:07:39Z,2025-07-13T01:10:36Z,2025-06-18T05:49:52Z,gpkg,Upper_Canadian_Plateau.gpkg,Upper_Canadian_Plateau,nhdphr_catchments/Upper_Canadian_Plateau.gpkg,nhdphr_catchments,nhdphr_catchments/Upper_Canadian_Plateau,252.32,2025-06-18T05:49:53Z,FALSE
/Users/cjtinant/Documents/Rprojects_not-class/FFA_regional-skew/data/raw/nhdphr_catchments/Western_Cross_Timbers.gpkg,file,1021.95M,rw-r--r--,2025-06-18T00:45:06Z,cjtinant,staff,16777231,1,0,220433436,4096,0,1073741920,0,2025-07-13T01:07:39Z,2025-07-13T01:10:36Z,2025-06-18T00:45:00Z,gpkg,Western_Cross_Timbers.gpkg,Western_Cross_Timbers,nhdphr_catchments/Western_Cross_Timbers.gpkg,nhdphr_catchments,nhdphr_catchments/Western_Cross_Timbers,1071.59,2025-06-18T00:45:06Z,FALSE
/Users/cjtinant/Documents/Rprojects_not-class/FFA_regional-skew/data/raw/nhdphr_catchments/Western_Loess_Hills.gpkg,file, 265.35M,rw-r--r--,2025-06-19T18:55:59Z,cjtinant,staff,16777231,1,0,221372210,4096,0,1073741920,0,2025-07-13T01:07:19Z,2025-07-13T01:10:36Z,2025-06-19T18:55:58Z,gpkg,Western_Loess_Hills.gpkg,Western_Loess_Hills,nhdphr_catchments/Western_Loess_Hills.gpkg,nhdphr_catchments,nhdphr_catchments/Western_Loess_Hills,278.24,2025-06-19T18:55:59Z,FALSE
/Users/cjtinant/Documents/Rprojects_not-class/FFA_regional-skew/data/raw/nhdphr_catchments/Wet_Meadow_and_Marsh_Plain.gpkg,file, 129.27M,rw-r--r--,2025-06-18T04:03:10Z,cjtinant,staff,16777231,1,0,220498521,4096,0,1073741920,0,2025-07-13T01:07:40Z,2025-07-13T01:10:36Z,2025-06-18T04:03:09Z,gpkg,Wet_Meadow_and_Marsh_Plain.gpkg,Wet_Meadow_and_Marsh_Plain,nhdphr_catchments/Wet_Meadow_and_Marsh_Plain.gpkg,nhdphr_catchments,nhdphr_catchments/Wet_Meadow_and_Marsh_Plain,135.55,2025-06-18T04:03:10Z,FALSE
/Users/cjtinant/Documents/Rprojects_not-class/FFA_regional-skew/data/raw/nhdphr_catchments/White_River_Badlands.gpkg,file, 129.51M,rw-r--r--,2025-06-18T16:52:24Z,cjtinant,staff,16777231,1,0,220998884,4096,265232,64,0,2025-07-13T04:42:27Z,2025-07-13T01:11:48Z,2025-06-18T16:52:23Z,gpkg,White_River_Badlands.gpkg,White_River_Badlands,nhdphr_catchments/White_River_Badlands.gpkg,nhdphr_catchments,nhdphr_catchments/White_River_Badlands,135.8,2025-06-18T16:52:24Z,FALSE
/Users/cjtinant/Documents/Rprojects_not-class/FFA_regional-skew/data/raw/nhdphr_catchments/Wichita_Mountains.gpkg,file,  25.15M,rw-r--r--,2025-06-17T23:44:23Z,cjtinant,staff,16777231,1,0,220420374,4096,51504,64,0,2025-07-13T02:02:38Z,2025-07-13T01:11:54Z,2025-06-17T23:44:22Z,gpkg,Wichita_Mountains.gpkg,Wichita_Mountains,nhdphr_catchments/Wichita_Mountains.gpkg,nhdphr_catchments,nhdphr_catchments/Wichita_Mountains,26.37,2025-06-17T23:44:23Z,FALSE
/Users/cjtinant/Documents/Rprojects_not-class/FFA_regional-skew/data/raw/nhdphr_catchments/Wooded_Osage_Plains.gpkg,file, 370.72M,rw-r--r--,2025-06-18T00:08:19Z,cjtinant,staff,16777231,1,0,220423244,4096,759240,64,0,2025-07-13T04:42:53Z,2025-07-13T01:12:26Z,2025-06-18T00:08:18Z,gpkg,Wooded_Osage_Plains.gpkg,Wooded_Osage_Plains,nhdphr_catchments/Wooded_Osage_Plains.gpkg,nhdphr_catchments,nhdphr_catchments/Wooded_Osage_Plains,388.73,2025-06-18T00:08:19Z,FALSE
/Users/cjtinant/Documents/Rprojects_not-class/FFA_regional-skew/data/raw/nhdphr_flowlines/Alkaline_Lakes_Area.gpkg,file, 632K,rw-r--r--,2025-06-05T20:57:46Z,cjtinant,staff,16777231,1,0,216669382,4096,0,1073741920,0,2025-07-08T05:50:05Z,2025-07-13T01:08:29Z,2025-06-05T20:57:46Z,gpkg,Alkaline_Lakes_Area.gpkg,Alkaline_Lakes_Area,nhdphr_flowlines/Alkaline_Lakes_Area.gpkg,nhdphr_flowlines,nhdphr_flowlines/Alkaline_Lakes_Area,0.65,2025-06-05T20:57:46Z,FALSE
/Users/cjtinant/Documents/Rprojects_not-class/FFA_regional-skew/data/raw/nhdphr_flowlines/Arbuckle_Mountains.gpkg,file,   2.4M,rw-r--r--,2025-06-05T18:37:03Z,cjtinant,staff,16777231,1,0,216643346,4096,0,1073741920,0,2025-07-08T05:50:05Z,2025-07-13T01:08:29Z,2025-06-05T18:37:02Z,gpkg,Arbuckle_Mountains.gpkg,Arbuckle_Mountains,nhdphr_flowlines/Arbuckle_Mountains.gpkg,nhdphr_flowlines,nhdphr_flowlines/Arbuckle_Mountains,2.51,2025-06-05T18:37:03Z,FALSE
/Users/cjtinant/Documents/Rprojects_not-class/FFA_regional-skew/data/raw/nhdphr_flowlines/Arbuckle_Uplift.gpkg,file,  12.3M,rw-r--r--,2025-06-05T18:34:37Z,cjtinant,staff,16777231,1,0,216643174,4096,0,1073741920,0,2025-07-08T05:50:05Z,2025-07-13T01:08:29Z,2025-06-05T18:34:37Z,gpkg,Arbuckle_Uplift.gpkg,Arbuckle_Uplift,nhdphr_flowlines/Arbuckle_Uplift.gpkg,nhdphr_flowlines,nhdphr_flowlines/Arbuckle_Uplift,12.9,2025-06-05T18:34:37Z,FALSE
/Users/cjtinant/Documents/Rprojects_not-class/FFA_regional-skew/data/raw/nhdphr_flowlines/Arid_Llano_Estacado.gpkg,file,   3.34M,rw-r--r--,2025-06-05T16:38:59Z,cjtinant,staff,16777231,1,0,216623280,4096,0,1073741920,0,2025-07-08T05:50:05Z,2025-07-13T01:08:29Z,2025-06-05T16:38:59Z,gpkg,Arid_Llano_Estacado.gpkg,Arid_Llano_Estacado,nhdphr_flowlines/Arid_Llano_Estacado.gpkg,nhdphr_flowlines,nhdphr_flowlines/Arid_Llano_Estacado,3.5,2025-06-05T16:38:59Z,FALSE
/Users/cjtinant/Documents/Rprojects_not-class/FFA_regional-skew/data/raw/nhdphr_flowlines/Balcones_Canyonlands.gpkg,file,  49.61M,rw-r--r--,2025-06-05T18:43:40Z,cjtinant,staff,16777231,1,0,216643779,4096,0,1073741920,0,2025-07-08T05:50:05Z,2025-07-13T01:08:29Z,2025-06-05T18:43:38Z,gpkg,Balcones_Canyonlands.gpkg,Balcones_Canyonlands,nhdphr_flowlines/Balcones_Canyonlands.gpkg,nhdphr_flowlines,nhdphr_flowlines/Balcones_Canyonlands,52.02,2025-06-05T18:43:40Z,FALSE
/Users/cjtinant/Documents/Rprojects_not-class/FFA_regional-skew/data/raw/nhdphr_flowlines/Beach_Ridges_and_Sand_Deltas.gpkg,file,   5.11M,rw-r--r--,2025-06-05T21:55:25Z,cjtinant,staff,16777231,1,0,216682314,4096,0,1073741920,0,2025-07-08T05:50:05Z,2025-07-13T01:08:29Z,2025-06-05T21:55:25Z,gpkg,Beach_Ridges_and_Sand_Deltas.gpkg,Beach_Ridges_and_Sand_Deltas,nhdphr_flowlines/Beach_Ridges_and_Sand_Deltas.gpkg,nhdphr_flowlines,nhdphr_flowlines/Beach_Ridges_and_Sand_Deltas,5.36,2025-06-05T21:55:25Z,FALSE
/Users/cjtinant/Documents/Rprojects_not-class/FFA_regional-skew/data/raw/nhdphr_flowlines/Big_Sioux_Basin.gpkg,file,  12.53M,rw-r--r--,2025-06-05T21:11:00Z,cjtinant,staff,16777231,1,0,216676002,4096,0,1073741920,0,2025-07-08T05:50:05Z,2025-07-13T01:08:29Z,2025-06-05T21:11:00Z,gpkg,Big_Sioux_Basin.gpkg,Big_Sioux_Basin,nhdphr_flowlines/Big_Sioux_Basin.gpkg,nhdphr_flowlines,nhdphr_flowlines/Big_Sioux_Basin,13.14,2025-06-05T21:11:00Z,FALSE
/Users/cjtinant/Documents/Rprojects_not-class/FFA_regional-skew/data/raw/nhdphr_flowlines/Broken_Red_Plains.gpkg,file, 101.32M,rw-r--r--,2025-06-06T18:31:15Z,cjtinant,staff,16777231,1,0,216897090,4096,0,1073741920,0,2025-07-08T05:50:05Z,2025-07-13T01:08:29Z,2025-06-06T18:31:13Z,gpkg,Broken_Red_Plains.gpkg,Broken_Red_Plains,nhdphr_flowlines/Broken_Red_Plains.gpkg,nhdphr_flowlines,nhdphr_flowlines/Broken_Red_Plains,106.25,2025-06-06T18:31:15Z,FALSE
/Users/cjtinant/Documents/Rprojects_not-class/FFA_regional-skew/data/raw/nhdphr_flowlines/Canadian_Canyons.gpkg,file,   9.41M,rw-r--r--,2025-06-05T17:14:56Z,cjtinant,staff,16777231,1,0,216631569,4096,0,1073741920,0,2025-07-08T05:50:05Z,2025-07-13T01:08:29Z,2025-06-05T17:14:56Z,gpkg,Canadian_Canyons.gpkg,Canadian_Canyons,nhdphr_flowlines/Canadian_Canyons.gpkg,nhdphr_flowlines,nhdphr_flowlines/Canadian_Canyons,9.87,2025-06-05T17:14:56Z,FALSE
/Users/cjtinant/Documents/Rprojects_not-class/FFA_regional-skew/data/raw/nhdphr_flowlines/Canadian_Cimarron_Breaks.gpkg,file,  12.19M,rw-r--r--,2025-06-06T20:32:40Z,cjtinant,staff,16777231,1,0,217014033,4096,0,1073741920,0,2025-07-08T05:50:05Z,2025-07-13T01:08:29Z,2025-06-06T20:32:40Z,gpkg,Canadian_Cimarron_Breaks.gpkg,Canadian_Cimarron_Breaks,nhdphr_flowlines/Canadian_Cimarron_Breaks.gpkg,nhdphr_flowlines,nhdphr_flowlines/Canadian_Cimarron_Breaks,12.78,2025-06-06T20:32:40Z,FALSE
/Users/cjtinant/Documents/Rprojects_not-class/FFA_regional-skew/data/raw/nhdphr_flowlines/Canadian_Cimarron_High_Plains.gpkg,file,   3.49M,rw-r--r--,2025-06-06T20:32:41Z,cjtinant,staff,16777231,1,0,217014050,4096,0,1073741920,0,2025-07-08T05:50:05Z,2025-07-13T01:08:29Z,2025-06-06T20:32:41Z,gpkg,Canadian_Cimarron_High_Plains.gpkg,Canadian_Cimarron_High_Plains,nhdphr_flowlines/Canadian_Cimarron_High_Plains.gpkg,nhdphr_flowlines,nhdphr_flowlines/Canadian_Cimarron_High_Plains,3.66,2025-06-06T20:32:41Z,FALSE
/Users/cjtinant/Documents/Rprojects_not-class/FFA_regional-skew/data/raw/nhdphr_flowlines/Caprock_Canyons_Badlands_and_Breaks.gpkg,file, 109.99M,rw-r--r--,2025-06-05T16:54:50Z,cjtinant,staff,16777231,1,0,216624332,4096,0,1073741920,0,2025-07-08T05:50:05Z,2025-07-13T01:08:29Z,2025-06-05T16:54:48Z,gpkg,Caprock_Canyons_Badlands_and_Breaks.gpkg,Caprock_Canyons_Badlands_and_Breaks,nhdphr_flowlines/Caprock_Canyons_Badlands_and_Breaks.gpkg,nhdphr_flowlines,nhdphr_flowlines/Caprock_Canyons_Badlands_and_Breaks,115.33,2025-06-05T16:54:50Z,FALSE
/Users/cjtinant/Documents/Rprojects_not-class/FFA_regional-skew/data/raw/nhdphr_flowlines/Carbonate_Cross_Timbers.gpkg,file,  10.25M,rw-r--r--,2025-06-05T18:33:18Z,cjtinant,staff,16777231,1,0,216643016,4096,0,1073741920,0,2025-07-08T05:50:05Z,2025-07-13T01:08:29Z,2025-06-05T18:33:17Z,gpkg,Carbonate_Cross_Timbers.gpkg,Carbonate_Cross_Timbers,nhdphr_flowlines/Carbonate_Cross_Timbers.gpkg,nhdphr_flowlines,nhdphr_flowlines/Carbonate_Cross_Timbers,10.74,2025-06-05T18:33:18Z,FALSE
/Users/cjtinant/Documents/Rprojects_not-class/FFA_regional-skew/data/raw/nhdphr_flowlines/Casper_Arch.gpkg,file,  11.73M,rw-r--r--,2025-06-05T20:54:27Z,cjtinant,staff,16777231,1,0,216669211,4096,0,1073741920,0,2025-07-08T05:50:05Z,2025-07-13T01:08:29Z,2025-06-05T20:54:27Z,gpkg,Casper_Arch.gpkg,Casper_Arch,nhdphr_flowlines/Casper_Arch.gpkg,nhdphr_flowlines,nhdphr_flowlines/Casper_Arch,12.3,2025-06-05T20:54:27Z,FALSE
/Users/cjtinant/Documents/Rprojects_not-class/FFA_regional-skew/data/raw/nhdphr_flowlines/Central_Nebraska_Loess_Plains.gpkg,file, 114.98M,rw-r--r--,2025-06-05T17:40:04Z,cjtinant,staff,16777231,1,0,216634640,4096,0,1073741920,0,2025-07-08T05:50:05Z,2025-07-13T01:08:29Z,2025-06-05T17:40:02Z,gpkg,Central_Nebraska_Loess_Plains.gpkg,Central_Nebraska_Loess_Plains,nhdphr_flowlines/Central_Nebraska_Loess_Plains.gpkg,nhdphr_flowlines,nhdphr_flowlines/Central_Nebraska_Loess_Plains,120.56,2025-06-05T17:40:04Z,FALSE
/Users/cjtinant/Documents/Rprojects_not-class/FFA_regional-skew/data/raw/nhdphr_flowlines/Central_New_Mexico_Plains.gpkg,file,  18.24M,rw-r--r--,2025-06-05T17:18:19Z,cjtinant,staff,16777231,1,0,216632836,4096,0,1073741920,0,2025-07-08T05:50:05Z,2025-07-13T01:08:29Z,2025-06-05T17:18:18Z,gpkg,Central_New_Mexico_Plains.gpkg,Central_New_Mexico_Plains,nhdphr_flowlines/Central_New_Mexico_Plains.gpkg,nhdphr_flowlines,nhdphr_flowlines/Central_New_Mexico_Plains,19.13,2025-06-05T17:18:19Z,FALSE
/Users/cjtinant/Documents/Rprojects_not-class/FFA_regional-skew/data/raw/nhdphr_flowlines/Cherokee_Plains.gpkg,file,  35.63M,rw-r--r--,2025-06-05T19:22:01Z,cjtinant,staff,16777231,1,0,216652034,4096,0,1073741920,0,2025-07-08T05:50:05Z,2025-07-13T01:08:29Z,2025-06-05T19:22:01Z,gpkg,Cherokee_Plains.gpkg,Cherokee_Plains,nhdphr_flowlines/Cherokee_Plains.gpkg,nhdphr_flowlines,nhdphr_flowlines/Cherokee_Plains,37.36,2025-06-05T19:22:01Z,FALSE
/Users/cjtinant/Documents/Rprojects_not-class/FFA_regional-skew/data/raw/nhdphr_flowlines/Cherry_Patch_Moraines.gpkg,file,   8.07M,rw-r--r--,2025-06-05T19:48:26Z,cjtinant,staff,16777231,1,0,216654117,4096,0,1073741920,0,2025-07-08T05:50:05Z,2025-07-13T01:08:29Z,2025-06-05T19:48:26Z,gpkg,Cherry_Patch_Moraines.gpkg,Cherry_Patch_Moraines,nhdphr_flowlines/Cherry_Patch_Moraines.gpkg,nhdphr_flowlines,nhdphr_flowlines/Cherry_Patch_Moraines,8.47,2025-06-05T19:48:26Z,FALSE
/Users/cjtinant/Documents/Rprojects_not-class/FFA_regional-skew/data/raw/nhdphr_flowlines/Claypan_Prairie.gpkg,file,  40.2M,rw-r--r--,2025-06-05T19:25:51Z,cjtinant,staff,16777231,1,0,216652215,4096,0,1073741920,0,2025-07-08T05:50:05Z,2025-07-13T01:08:29Z,2025-06-05T19:25:51Z,gpkg,Claypan_Prairie.gpkg,Claypan_Prairie,nhdphr_flowlines/Claypan_Prairie.gpkg,nhdphr_flowlines,nhdphr_flowlines/Claypan_Prairie,42.15,2025-06-05T19:25:51Z,FALSE
/Users/cjtinant/Documents/Rprojects_not-class/FFA_regional-skew/data/raw/nhdphr_flowlines/Coastal_Sand_Plain.gpkg,file,   1.39M,rw-r--r--,2025-06-05T19:02:13Z,cjtinant,staff,16777231,1,0,216645165,4096,0,1073741920,0,2025-07-08T05:50:05Z,2025-07-13T01:08:29Z,2025-06-05T19:02:13Z,gpkg,Coastal_Sand_Plain.gpkg,Coastal_Sand_Plain,nhdphr_flowlines/Coastal_Sand_Plain.gpkg,nhdphr_flowlines,nhdphr_flowlines/Coastal_Sand_Plain,1.45,2025-06-05T19:02:13Z,FALSE
/Users/cjtinant/Documents/Rprojects_not-class/FFA_regional-skew/data/raw/nhdphr_flowlines/Collapsed_Glacial_Outwash.gpkg,file,   4.16M,rw-r--r--,2025-06-05T19:31:17Z,cjtinant,staff,16777231,1,0,216652666,4096,0,1073741920,0,2025-07-08T05:50:05Z,2025-07-13T01:08:29Z,2025-06-05T19:31:17Z,gpkg,Collapsed_Glacial_Outwash.gpkg,Collapsed_Glacial_Outwash,nhdphr_flowlines/Collapsed_Glacial_Outwash.gpkg,nhdphr_flowlines,nhdphr_flowlines/Collapsed_Glacial_Outwash,4.36,2025-06-05T19:31:17Z,FALSE
/Users/cjtinant/Documents/Rprojects_not-class/FFA_regional-skew/data/raw/nhdphr_flowlines/Conchas_Pecos_Plains.gpkg,file,   2.67M,rw-r--r--,2025-06-06T20:32:41Z,cjtinant,staff,16777231,1,0,217014065,4096,0,1073741920,0,2025-07-08T05:50:05Z,2025-07-13T01:08:29Z,2025-06-06T20:32:41Z,gpkg,Conchas_Pecos_Plains.gpkg,Conchas_Pecos_Plains,nhdphr_flowlines/Conchas_Pecos_Plains.gpkg,nhdphr_flowlines,nhdphr_flowlines/Conchas_Pecos_Plains,2.8,2025-06-06T20:32:41Z,FALSE
/Users/cjtinant/Documents/Rprojects_not-class/FFA_regional-skew/data/raw/nhdphr_flowlines/Coteau_Lakes_Upland.gpkg,file,   1.68M,rw-r--r--,2025-06-05T19:47:25Z,cjtinant,staff,16777231,1,0,216653973,4096,0,1073741920,0,2025-07-08T05:50:05Z,2025-07-13T01:08:29Z,2025-06-05T19:47:25Z,gpkg,Coteau_Lakes_Upland.gpkg,Coteau_Lakes_Upland,nhdphr_flowlines/Coteau_Lakes_Upland.gpkg,nhdphr_flowlines,nhdphr_flowlines/Coteau_Lakes_Upland,1.77,2025-06-05T19:47:25Z,FALSE
/Users/cjtinant/Documents/Rprojects_not-class/FFA_regional-skew/data/raw/nhdphr_flowlines/Cross_Timbers_Transition.gpkg,file,  64.32M,rw-r--r--,2025-06-05T18:04:13Z,cjtinant,staff,16777231,1,0,216636023,4096,0,1073741920,0,2025-07-08T05:50:05Z,2025-07-13T01:08:29Z,2025-06-05T18:04:11Z,gpkg,Cross_Timbers_Transition.gpkg,Cross_Timbers_Transition,nhdphr_flowlines/Cross_Timbers_Transition.gpkg,nhdphr_flowlines,nhdphr_flowlines/Cross_Timbers_Transition,67.45,2025-06-05T18:04:13Z,FALSE
/Users/cjtinant/Documents/Rprojects_not-class/FFA_regional-skew/data/raw/nhdphr_flowlines/Dense_Clay_Prairie.gpkg,file,  14.73M,rw-r--r--,2025-06-05T20:26:13Z,cjtinant,staff,16777231,1,0,216661797,4096,0,1073741920,0,2025-07-08T05:50:05Z,2025-07-13T01:08:29Z,2025-06-05T20:26:13Z,gpkg,Dense_Clay_Prairie.gpkg,Dense_Clay_Prairie,nhdphr_flowlines/Dense_Clay_Prairie.gpkg,nhdphr_flowlines,nhdphr_flowlines/Dense_Clay_Prairie,15.44,2025-06-05T20:26:13Z,FALSE
/Users/cjtinant/Documents/Rprojects_not-class/FFA_regional-skew/data/raw/nhdphr_flowlines/Des_Moines_Lobe.gpkg,file,  78.05M,rw-r--r--,2025-06-06T18:58:20Z,cjtinant,staff,16777231,1,0,216906414,4096,0,1073741920,0,2025-07-08T05:50:05Z,2025-07-13T01:08:29Z,2025-06-06T18:58:19Z,gpkg,Des_Moines_Lobe.gpkg,Des_Moines_Lobe,nhdphr_flowlines/Des_Moines_Lobe.gpkg,nhdphr_flowlines,nhdphr_flowlines/Des_Moines_Lobe,81.85,2025-06-06T18:58:20Z,FALSE
/Users/cjtinant/Documents/Rprojects_not-class/FFA_regional-skew/data/raw/nhdphr_flowlines/Drift_Plains.gpkg,file,  53.55M,rw-r--r--,2025-06-05T21:07:04Z,cjtinant,staff,16777231,1,0,216675634,4096,0,1073741920,0,2025-07-08T05:50:05Z,2025-07-13T01:08:29Z,2025-06-05T21:07:03Z,gpkg,Drift_Plains.gpkg,Drift_Plains,nhdphr_flowlines/Drift_Plains.gpkg,nhdphr_flowlines,nhdphr_flowlines/Drift_Plains,56.15,2025-06-05T21:07:04Z,FALSE
/Users/cjtinant/Documents/Rprojects_not-class/FFA_regional-skew/data/raw/nhdphr_flowlines/Eastern_Cross_Timbers.gpkg,file,  25.73M,rw-r--r--,2025-06-05T18:19:24Z,cjtinant,staff,16777231,1,0,216642214,4096,0,1073741920,0,2025-07-08T05:50:05Z,2025-07-13T01:08:29Z,2025-06-05T18:19:24Z,gpkg,Eastern_Cross_Timbers.gpkg,Eastern_Cross_Timbers,nhdphr_flowlines/Eastern_Cross_Timbers.gpkg,nhdphr_flowlines,nhdphr_flowlines/Eastern_Cross_Timbers,26.98,2025-06-05T18:19:24Z,FALSE
/Users/cjtinant/Documents/Rprojects_not-class/FFA_regional-skew/data/raw/nhdphr_flowlines/Eastern_Iowa_and_Minnesota_Drift_Plains.gpkg,file,  74.54M,rw-r--r--,2025-06-05T21:21:40Z,cjtinant,staff,16777231,1,0,216676508,4096,0,1073741920,0,2025-07-08T05:50:05Z,2025-07-13T01:08:29Z,2025-06-05T21:21:39Z,gpkg,Eastern_Iowa_and_Minnesota_Drift_Plains.gpkg,Eastern_Iowa_and_Minnesota_Drift_Plains,nhdphr_flowlines/Eastern_Iowa_and_Minnesota_Drift_Plains.gpkg,nhdphr_flowlines,nhdphr_flowlines/Eastern_Iowa_and_Minnesota_Drift_Plains,78.16,2025-06-05T21:21:40Z,FALSE
/Users/cjtinant/Documents/Rprojects_not-class/FFA_regional-skew/data/raw/nhdphr_flowlines/Edwards_Plateau_Woodland.gpkg,file,  56M,rw-r--r--,2025-06-05T18:40:10Z,cjtinant,staff,16777231,1,0,216643486,4096,0,1073741920,0,2025-07-08T05:50:05Z,2025-07-13T01:08:29Z,2025-06-05T18:40:09Z,gpkg,Edwards_Plateau_Woodland.gpkg,Edwards_Plateau_Woodland,nhdphr_flowlines/Edwards_Plateau_Woodland.gpkg,nhdphr_flowlines,nhdphr_flowlines/Edwards_Plateau_Woodland,58.72,2025-06-05T18:40:10Z,FALSE
/Users/cjtinant/Documents/Rprojects_not-class/FFA_regional-skew/data/raw/nhdphr_flowlines/End_Moraine_Complex.gpkg,file,   1.38M,rw-r--r--,2025-06-05T21:02:25Z,cjtinant,staff,16777231,1,0,216669933,4096,0,1073741920,0,2025-07-08T05:50:05Z,2025-07-13T01:08:29Z,2025-06-05T21:02:24Z,gpkg,End_Moraine_Complex.gpkg,End_Moraine_Complex,nhdphr_flowlines/End_Moraine_Complex.gpkg,nhdphr_flowlines,nhdphr_flowlines/End_Moraine_Complex,1.45,2025-06-05T21:02:25Z,FALSE
/Users/cjtinant/Documents/Rprojects_not-class/FFA_regional-skew/data/raw/nhdphr_flowlines/Flat_Tablelands_and_Valleys.gpkg,file,  12.27M,rw-r--r--,2025-06-05T16:49:46Z,cjtinant,staff,16777231,1,0,216624072,4096,0,1073741920,0,2025-07-08T05:50:05Z,2025-07-13T01:08:29Z,2025-06-05T16:49:46Z,gpkg,Flat_Tablelands_and_Valleys.gpkg,Flat_Tablelands_and_Valleys,nhdphr_flowlines/Flat_Tablelands_and_Valleys.gpkg,nhdphr_flowlines,nhdphr_flowlines/Flat_Tablelands_and_Valleys,12.87,2025-06-05T16:49:46Z,FALSE
/Users/cjtinant/Documents/Rprojects_not-class/FFA_regional-skew/data/raw/nhdphr_flowlines/Flat_to_Rolling_Plains.gpkg,file,  61.65M,rw-r--r--,2025-06-05T16:28:42Z,cjtinant,staff,16777231,1,0,216622107,4096,0,1073741920,0,2025-07-08T05:50:05Z,2025-07-13T01:08:29Z,2025-06-05T16:28:41Z,gpkg,Flat_to_Rolling_Plains.gpkg,Flat_to_Rolling_Plains,nhdphr_flowlines/Flat_to_Rolling_Plains.gpkg,nhdphr_flowlines,nhdphr_flowlines/Flat_to_Rolling_Plains,64.65,2025-06-05T16:28:42Z,FALSE
/Users/cjtinant/Documents/Rprojects_not-class/FFA_regional-skew/data/raw/nhdphr_flowlines/Flint_Hills.gpkg,file,  33.65M,rw-r--r--,2025-06-06T19:03:38Z,cjtinant,staff,16777231,1,0,216908064,4096,0,1073741920,0,2025-07-08T05:50:05Z,2025-07-13T01:08:29Z,2025-06-06T19:03:37Z,gpkg,Flint_Hills.gpkg,Flint_Hills,nhdphr_flowlines/Flint_Hills.gpkg,nhdphr_flowlines,nhdphr_flowlines/Flint_Hills,35.29,2025-06-06T19:03:38Z,FALSE
/Users/cjtinant/Documents/Rprojects_not-class/FFA_regional-skew/data/raw/nhdphr_flowlines/Floodplains_and_Low_Terraces.gpkg,file,   6.36M,rw-r--r--,2025-06-05T19:00:06Z,cjtinant,staff,16777231,1,0,216644919,4096,0,1073741920,0,2025-07-08T05:50:05Z,2025-07-13T01:08:29Z,2025-06-05T19:00:05Z,gpkg,Floodplains_and_Low_Terraces.gpkg,Floodplains_and_Low_Terraces,nhdphr_flowlines/Floodplains_and_Low_Terraces.gpkg,nhdphr_flowlines,nhdphr_flowlines/Floodplains_and_Low_Terraces,6.66,2025-06-05T19:00:06Z,FALSE
/Users/cjtinant/Documents/Rprojects_not-class/FFA_regional-skew/data/raw/nhdphr_flowlines/Foothill_Grassland.gpkg,file,  12.77M,rw-r--r--,2025-06-05T19:57:13Z,cjtinant,staff,16777231,1,0,216654746,4096,0,1073741920,0,2025-07-08T05:50:05Z,2025-07-13T01:08:29Z,2025-06-05T19:57:13Z,gpkg,Foothill_Grassland.gpkg,Foothill_Grassland,nhdphr_flowlines/Foothill_Grassland.gpkg,nhdphr_flowlines,nhdphr_flowlines/Foothill_Grassland,13.39,2025-06-05T19:57:13Z,FALSE
/Users/cjtinant/Documents/Rprojects_not-class/FFA_regional-skew/data/raw/nhdphr_flowlines/Foothill_Grasslands.gpkg,file,  18.41M,rw-r--r--,2025-06-05T17:07:41Z,cjtinant,staff,16777231,1,0,216630724,4096,0,1073741920,0,2025-07-08T05:50:05Z,2025-07-13T01:08:29Z,2025-06-05T17:07:41Z,gpkg,Foothill_Grasslands.gpkg,Foothill_Grasslands,nhdphr_flowlines/Foothill_Grasslands.gpkg,nhdphr_flowlines,nhdphr_flowlines/Foothill_Grasslands,19.3,2025-06-05T17:07:41Z,FALSE
/Users/cjtinant/Documents/Rprojects_not-class/FFA_regional-skew/data/raw/nhdphr_flowlines/Forested_Buttes.gpkg,file,   1.26M,rw-r--r--,2025-06-05T20:07:17Z,cjtinant,staff,16777231,1,0,216660791,4096,0,1073741920,0,2025-07-08T05:50:05Z,2025-07-13T01:08:29Z,2025-06-05T20:07:17Z,gpkg,Forested_Buttes.gpkg,Forested_Buttes,nhdphr_flowlines/Forested_Buttes.gpkg,nhdphr_flowlines,nhdphr_flowlines/Forested_Buttes,1.32,2025-06-05T20:07:17Z,FALSE
/Users/cjtinant/Documents/Rprojects_not-class/FFA_regional-skew/data/raw/nhdphr_flowlines/Front_Range_Fans.gpkg,file,   6.3M,rw-r--r--,2025-06-05T16:44:14Z,cjtinant,staff,16777231,1,0,216623676,4096,0,1073741920,0,2025-07-08T05:50:05Z,2025-07-13T01:08:29Z,2025-06-05T16:44:14Z,gpkg,Front_Range_Fans.gpkg,Front_Range_Fans,nhdphr_flowlines/Front_Range_Fans.gpkg,nhdphr_flowlines,nhdphr_flowlines/Front_Range_Fans,6.61,2025-06-05T16:44:14Z,FALSE
/Users/cjtinant/Documents/Rprojects_not-class/FFA_regional-skew/data/raw/nhdphr_flowlines/Glacial_Lake_Agassiz_Basin.gpkg,file,  32.04M,rw-r--r--,2025-06-05T21:54:45Z,cjtinant,staff,16777231,1,0,216682100,4096,0,1073741920,0,2025-07-08T05:50:05Z,2025-07-13T01:08:29Z,2025-06-05T21:54:45Z,gpkg,Glacial_Lake_Agassiz_Basin.gpkg,Glacial_Lake_Agassiz_Basin,nhdphr_flowlines/Glacial_Lake_Agassiz_Basin.gpkg,nhdphr_flowlines,nhdphr_flowlines/Glacial_Lake_Agassiz_Basin,33.6,2025-06-05T21:54:45Z,FALSE
/Users/cjtinant/Documents/Rprojects_not-class/FFA_regional-skew/data/raw/nhdphr_flowlines/Glacial_Lake_Basins.gpkg,file,   4.15M,rw-r--r--,2025-06-05T21:00:48Z,cjtinant,staff,16777231,1,0,216669728,4096,0,1073741920,0,2025-07-08T05:50:05Z,2025-07-13T01:08:29Z,2025-06-05T21:00:48Z,gpkg,Glacial_Lake_Basins.gpkg,Glacial_Lake_Basins,nhdphr_flowlines/Glacial_Lake_Basins.gpkg,nhdphr_flowlines,nhdphr_flowlines/Glacial_Lake_Basins,4.35,2025-06-05T21:00:48Z,FALSE
/Users/cjtinant/Documents/Rprojects_not-class/FFA_regional-skew/data/raw/nhdphr_flowlines/Glacial_Lake_Deltas.gpkg,file,   1.16M,rw-r--r--,2025-06-05T21:01:07Z,cjtinant,staff,16777231,1,0,216669793,4096,0,1073741920,0,2025-07-08T05:50:05Z,2025-07-13T01:08:29Z,2025-06-05T21:01:07Z,gpkg,Glacial_Lake_Deltas.gpkg,Glacial_Lake_Deltas,nhdphr_flowlines/Glacial_Lake_Deltas.gpkg,nhdphr_flowlines,nhdphr_flowlines/Glacial_Lake_Deltas,1.22,2025-06-05T21:01:07Z,FALSE
/Users/cjtinant/Documents/Rprojects_not-class/FFA_regional-skew/data/raw/nhdphr_flowlines/Glacial_Outwash.gpkg,file,   2.59M,rw-r--r--,2025-06-05T21:07:21Z,cjtinant,staff,16777231,1,0,216675721,4096,0,1073741920,0,2025-07-08T05:50:05Z,2025-07-13T01:08:29Z,2025-06-05T21:07:21Z,gpkg,Glacial_Outwash.gpkg,Glacial_Outwash,nhdphr_flowlines/Glacial_Outwash.gpkg,nhdphr_flowlines,nhdphr_flowlines/Glacial_Outwash,2.72,2025-06-05T21:07:21Z,FALSE
/Users/cjtinant/Documents/Rprojects_not-class/FFA_regional-skew/data/raw/nhdphr_flowlines/Glaciated_Dark_Brown_Prairie.gpkg,file,  55.21M,rw-r--r--,2025-06-05T19:43:27Z,cjtinant,staff,16777231,1,0,216653637,4096,0,1073741920,0,2025-07-08T05:50:05Z,2025-07-13T01:08:29Z,2025-06-05T19:43:26Z,gpkg,Glaciated_Dark_Brown_Prairie.gpkg,Glaciated_Dark_Brown_Prairie,nhdphr_flowlines/Glaciated_Dark_Brown_Prairie.gpkg,nhdphr_flowlines,nhdphr_flowlines/Glaciated_Dark_Brown_Prairie,57.9,2025-06-05T19:43:27Z,FALSE
/Users/cjtinant/Documents/Rprojects_not-class/FFA_regional-skew/data/raw/nhdphr_flowlines/Glaciated_Northern_Grasslands.gpkg,file, 117.03M,rw-r--r--,2025-06-05T19:47:04Z,cjtinant,staff,16777231,1,0,216653834,4096,0,1073741920,0,2025-07-08T05:50:05Z,2025-07-13T01:08:29Z,2025-06-05T19:47:01Z,gpkg,Glaciated_Northern_Grasslands.gpkg,Glaciated_Northern_Grasslands,nhdphr_flowlines/Glaciated_Northern_Grasslands.gpkg,nhdphr_flowlines,nhdphr_flowlines/Glaciated_Northern_Grasslands,122.72,2025-06-05T19:47:04Z,FALSE
/Users/cjtinant/Documents/Rprojects_not-class/FFA_regional-skew/data/raw/nhdphr_flowlines/Grand_Prairie.gpkg,file,  37.36M,rw-r--r--,2025-06-05T18:29:42Z,cjtinant,staff,16777231,1,0,216642653,4096,0,1073741920,0,2025-07-08T05:50:05Z,2025-07-13T01:08:29Z,2025-06-05T18:29:41Z,gpkg,Grand_Prairie.gpkg,Grand_Prairie,nhdphr_flowlines/Grand_Prairie.gpkg,nhdphr_flowlines,nhdphr_flowlines/Grand_Prairie,39.17,2025-06-05T18:29:42Z,FALSE
/Users/cjtinant/Documents/Rprojects_not-class/FFA_regional-skew/data/raw/nhdphr_flowlines/Great_Bend_Sand_Prairie.gpkg,file,   9.78M,rw-r--r--,2025-06-05T17:32:14Z,cjtinant,staff,16777231,1,0,216633911,4096,0,1073741920,0,2025-07-08T05:50:05Z,2025-07-13T01:08:29Z,2025-06-05T17:32:14Z,gpkg,Great_Bend_Sand_Prairie.gpkg,Great_Bend_Sand_Prairie,nhdphr_flowlines/Great_Bend_Sand_Prairie.gpkg,nhdphr_flowlines,nhdphr_flowlines/Great_Bend_Sand_Prairie,10.26,2025-06-05T17:32:14Z,FALSE
/Users/cjtinant/Documents/Rprojects_not-class/FFA_regional-skew/data/raw/nhdphr_flowlines/Gypsum_Hills.gpkg,file,   6.99M,rw-r--r--,2025-06-05T18:00:45Z,cjtinant,staff,16777231,1,0,216635904,4096,0,1073741920,0,2025-07-08T05:50:05Z,2025-07-13T01:08:29Z,2025-06-05T18:00:45Z,gpkg,Gypsum_Hills.gpkg,Gypsum_Hills,nhdphr_flowlines/Gypsum_Hills.gpkg,nhdphr_flowlines,nhdphr_flowlines/Gypsum_Hills,7.33,2025-06-05T18:00:45Z,FALSE
/Users/cjtinant/Documents/Rprojects_not-class/FFA_regional-skew/data/raw/nhdphr_flowlines/Holt_Tablelands.gpkg,file,   9.44M,rw-r--r--,2025-06-05T19:55:51Z,cjtinant,staff,16777231,1,0,216654600,4096,0,1073741920,0,2025-07-08T05:50:05Z,2025-07-13T01:08:29Z,2025-06-05T19:55:51Z,gpkg,Holt_Tablelands.gpkg,Holt_Tablelands,nhdphr_flowlines/Holt_Tablelands.gpkg,nhdphr_flowlines,nhdphr_flowlines/Holt_Tablelands,9.9,2025-06-05T19:55:51Z,FALSE
/Users/cjtinant/Documents/Rprojects_not-class/FFA_regional-skew/data/raw/nhdphr_flowlines/James_River_Lowland.gpkg,file,  29.93M,rw-r--r--,2025-06-05T21:13:18Z,cjtinant,staff,16777231,1,0,216676092,4096,0,1073741920,0,2025-07-08T05:50:05Z,2025-07-13T01:08:29Z,2025-06-05T21:13:17Z,gpkg,James_River_Lowland.gpkg,James_River_Lowland,nhdphr_flowlines/James_River_Lowland.gpkg,nhdphr_flowlines,nhdphr_flowlines/James_River_Lowland,31.38,2025-06-05T21:13:18Z,FALSE
/Users/cjtinant/Documents/Rprojects_not-class/FFA_regional-skew/data/raw/nhdphr_flowlines/Judith_Basin_Grassland.gpkg,file,  19.57M,rw-r--r--,2025-06-05T20:29:52Z,cjtinant,staff,16777231,1,0,216667703,4096,0,1073741920,0,2025-07-08T05:50:05Z,2025-07-13T01:08:29Z,2025-06-05T20:29:51Z,gpkg,Judith_Basin_Grassland.gpkg,Judith_Basin_Grassland,nhdphr_flowlines/Judith_Basin_Grassland.gpkg,nhdphr_flowlines,nhdphr_flowlines/Judith_Basin_Grassland,20.53,2025-06-05T20:29:52Z,FALSE
/Users/cjtinant/Documents/Rprojects_not-class/FFA_regional-skew/data/raw/nhdphr_flowlines/Keya_Paha_Tablelands.gpkg,file,  34M,rw-r--r--,2025-06-05T20:22:16Z,cjtinant,staff,16777231,1,0,216661462,4096,0,1073741920,0,2025-07-08T05:50:05Z,2025-07-13T01:08:29Z,2025-06-05T20:22:15Z,gpkg,Keya_Paha_Tablelands.gpkg,Keya_Paha_Tablelands,nhdphr_flowlines/Keya_Paha_Tablelands.gpkg,nhdphr_flowlines,nhdphr_flowlines/Keya_Paha_Tablelands,35.65,2025-06-05T20:22:16Z,FALSE
/Users/cjtinant/Documents/Rprojects_not-class/FFA_regional-skew/data/raw/nhdphr_flowlines/Lafayette_Loess_Plains.gpkg,file,  11.3M,rw-r--r--,2025-06-05T19:06:33Z,cjtinant,staff,16777231,1,0,216645819,4096,0,1073741920,0,2025-07-08T05:50:05Z,2025-07-13T01:08:29Z,2025-06-05T19:06:32Z,gpkg,Lafayette_Loess_Plains.gpkg,Lafayette_Loess_Plains,nhdphr_flowlines/Lafayette_Loess_Plains.gpkg,nhdphr_flowlines,nhdphr_flowlines/Lafayette_Loess_Plains,11.85,2025-06-05T19:06:33Z,FALSE
/Users/cjtinant/Documents/Rprojects_not-class/FFA_regional-skew/data/raw/nhdphr_flowlines/Laguna_Madre_Barrier_Islands_and_Coastal_Marshes.gpkg,file,   1.54M,rw-r--r--,2025-06-05T19:05:33Z,cjtinant,staff,16777231,1,0,216645729,4096,0,1073741920,0,2025-07-08T05:50:05Z,2025-07-13T01:08:29Z,2025-06-05T19:05:33Z,gpkg,Laguna_Madre_Barrier_Islands_and_Coastal_Marshes.gpkg,Laguna_Madre_Barrier_Islands_and_Coastal_Marshes,nhdphr_flowlines/Laguna_Madre_Barrier_Islands_and_Coastal_Marshes.gpkg,nhdphr_flowlines,nhdphr_flowlines/Laguna_Madre_Barrier_Islands_and_Coastal_Marshes,1.61,2025-06-05T19:05:33Z,FALSE
/Users/cjtinant/Documents/Rprojects_not-class/FFA_regional-skew/data/raw/nhdphr_flowlines/Lake_Agassiz_Plains.gpkg,file,   8.57M,rw-r--r--,2025-06-05T21:56:02Z,cjtinant,staff,16777231,1,0,216682536,4096,0,1073741920,0,2025-07-08T05:50:05Z,2025-07-13T01:08:29Z,2025-06-05T21:56:02Z,gpkg,Lake_Agassiz_Plains.gpkg,Lake_Agassiz_Plains,nhdphr_flowlines/Lake_Agassiz_Plains.gpkg,nhdphr_flowlines,nhdphr_flowlines/Lake_Agassiz_Plains,8.98,2025-06-05T21:56:02Z,FALSE
/Users/cjtinant/Documents/Rprojects_not-class/FFA_regional-skew/data/raw/nhdphr_flowlines/Lakes_Area.gpkg,file,   5.55M,rw-r--r--,2025-06-05T20:59:21Z,cjtinant,staff,16777231,1,0,216669525,4096,0,1073741920,0,2025-07-08T05:50:05Z,2025-07-13T01:08:29Z,2025-06-05T20:59:21Z,gpkg,Lakes_Area.gpkg,Lakes_Area,nhdphr_flowlines/Lakes_Area.gpkg,nhdphr_flowlines,nhdphr_flowlines/Lakes_Area,5.82,2025-06-05T20:59:21Z,FALSE
/Users/cjtinant/Documents/Rprojects_not-class/FFA_regional-skew/data/raw/nhdphr_flowlines/Limestone_Cut_Plain.gpkg,file,  49.45M,rw-r--r--,2025-06-05T18:32:13Z,cjtinant,staff,16777231,1,0,216642824,4096,0,1073741920,0,2025-07-08T05:50:05Z,2025-07-13T01:08:29Z,2025-06-05T18:32:12Z,gpkg,Limestone_Cut_Plain.gpkg,Limestone_Cut_Plain,nhdphr_flowlines/Limestone_Cut_Plain.gpkg,nhdphr_flowlines,nhdphr_flowlines/Limestone_Cut_Plain,51.85,2025-06-05T18:32:13Z,FALSE
/Users/cjtinant/Documents/Rprojects_not-class/FFA_regional-skew/data/raw/nhdphr_flowlines/Limestone_Hills.gpkg,file,   2.04M,rw-r--r--,2025-06-05T18:06:24Z,cjtinant,staff,16777231,1,0,216641596,4096,0,1073741920,0,2025-07-08T05:50:05Z,2025-07-13T01:08:29Z,2025-06-05T18:06:24Z,gpkg,Limestone_Hills.gpkg,Limestone_Hills,nhdphr_flowlines/Limestone_Hills.gpkg,nhdphr_flowlines,nhdphr_flowlines/Limestone_Hills,2.13,2025-06-05T18:06:24Z,FALSE
/Users/cjtinant/Documents/Rprojects_not-class/FFA_regional-skew/data/raw/nhdphr_flowlines/Limestone_Plains.gpkg,file,  45.49M,rw-r--r--,2025-06-05T17:56:30Z,cjtinant,staff,16777231,1,0,216635436,4096,0,1073741920,0,2025-07-08T05:50:05Z,2025-07-13T01:08:29Z,2025-06-05T17:56:29Z,gpkg,Limestone_Plains.gpkg,Limestone_Plains,nhdphr_flowlines/Limestone_Plains.gpkg,nhdphr_flowlines,nhdphr_flowlines/Limestone_Plains,47.7,2025-06-05T17:56:30Z,FALSE
/Users/cjtinant/Documents/Rprojects_not-class/FFA_regional-skew/data/raw/nhdphr_flowlines/Limy_Foothill_Grassland.gpkg,file,   9.64M,rw-r--r--,2025-06-05T20:43:03Z,cjtinant,staff,16777231,1,0,216668672,4096,0,1073741920,0,2025-07-08T05:50:05Z,2025-07-13T01:08:29Z,2025-06-05T20:43:03Z,gpkg,Limy_Foothill_Grassland.gpkg,Limy_Foothill_Grassland,nhdphr_flowlines/Limy_Foothill_Grassland.gpkg,nhdphr_flowlines,nhdphr_flowlines/Limy_Foothill_Grassland,10.1,2025-06-05T20:43:03Z,FALSE
/Users/cjtinant/Documents/Rprojects_not-class/FFA_regional-skew/data/raw/nhdphr_flowlines/Little_Missouri_Badlands.gpkg,file,  25.06M,rw-r--r--,2025-06-05T20:02:50Z,cjtinant,staff,16777231,1,0,216654994,4096,0,1073741920,0,2025-07-08T05:50:05Z,2025-07-13T01:08:29Z,2025-06-05T20:02:49Z,gpkg,Little_Missouri_Badlands.gpkg,Little_Missouri_Badlands,nhdphr_flowlines/Little_Missouri_Badlands.gpkg,nhdphr_flowlines,nhdphr_flowlines/Little_Missouri_Badlands,26.28,2025-06-05T20:02:50Z,FALSE
/Users/cjtinant/Documents/Rprojects_not-class/FFA_regional-skew/data/raw/nhdphr_flowlines/Llano_Uplift.gpkg,file,  17.82M,rw-r--r--,2025-06-05T18:41:08Z,cjtinant,staff,16777231,1,0,216643634,4096,0,1073741920,0,2025-07-08T05:50:05Z,2025-07-13T01:08:29Z,2025-06-05T18:41:08Z,gpkg,Llano_Uplift.gpkg,Llano_Uplift,nhdphr_flowlines/Llano_Uplift.gpkg,nhdphr_flowlines,nhdphr_flowlines/Llano_Uplift,18.69,2025-06-05T18:41:08Z,FALSE
/Users/cjtinant/Documents/Rprojects_not-class/FFA_regional-skew/data/raw/nhdphr_flowlines/Loess_Flats_and_Till_Plains.gpkg,file,  39.35M,rw-r--r--,2025-06-06T19:08:10Z,cjtinant,staff,16777231,1,0,216910116,4096,0,1073741920,0,2025-07-08T05:50:05Z,2025-07-13T01:08:29Z,2025-06-06T19:08:09Z,gpkg,Loess_Flats_and_Till_Plains.gpkg,Loess_Flats_and_Till_Plains,nhdphr_flowlines/Loess_Flats_and_Till_Plains.gpkg,nhdphr_flowlines,nhdphr_flowlines/Loess_Flats_and_Till_Plains,41.26,2025-06-06T19:08:10Z,FALSE
/Users/cjtinant/Documents/Rprojects_not-class/FFA_regional-skew/data/raw/nhdphr_flowlines/Loess_Prairies.gpkg,file,  52.88M,rw-r--r--,2025-06-05T21:16:04Z,cjtinant,staff,16777231,1,0,216676288,4096,0,1073741920,0,2025-07-08T05:50:05Z,2025-07-13T01:08:29Z,2025-06-05T21:16:03Z,gpkg,Loess_Prairies.gpkg,Loess_Prairies,nhdphr_flowlines/Loess_Prairies.gpkg,nhdphr_flowlines,nhdphr_flowlines/Loess_Prairies,55.45,2025-06-05T21:16:04Z,FALSE
/Users/cjtinant/Documents/Rprojects_not-class/FFA_regional-skew/data/raw/nhdphr_flowlines/Loess_and_Glacial_Drift_Hills.gpkg,file,  86.75M,rw-r--r--,2025-06-05T21:48:32Z,cjtinant,staff,16777231,1,0,216681306,4096,0,1073741920,0,2025-07-08T05:50:05Z,2025-07-13T01:08:29Z,2025-06-05T21:48:31Z,gpkg,Loess_and_Glacial_Drift_Hills.gpkg,Loess_and_Glacial_Drift_Hills,nhdphr_flowlines/Loess_and_Glacial_Drift_Hills.gpkg,nhdphr_flowlines,nhdphr_flowlines/Loess_and_Glacial_Drift_Hills,90.97,2025-06-05T21:48:32Z,FALSE
/Users/cjtinant/Documents/Rprojects_not-class/FFA_regional-skew/data/raw/nhdphr_flowlines/Lower_Platte_Alluvial_Plain.gpkg,file,   5.09M,rw-r--r--,2025-06-05T21:49:03Z,cjtinant,staff,16777231,1,0,216681557,4096,0,1073741920,0,2025-07-08T05:50:05Z,2025-07-13T01:08:29Z,2025-06-05T21:49:03Z,gpkg,Lower_Platte_Alluvial_Plain.gpkg,Lower_Platte_Alluvial_Plain,nhdphr_flowlines/Lower_Platte_Alluvial_Plain.gpkg,nhdphr_flowlines,nhdphr_flowlines/Lower_Platte_Alluvial_Plain,5.33,2025-06-05T21:49:03Z,FALSE
/Users/cjtinant/Documents/Rprojects_not-class/FFA_regional-skew/data/raw/nhdphr_flowlines/Lower_Rio_Grande_Alluvial_Floodplain.gpkg,file,   1.37M,rw-r--r--,2025-06-05T19:02:44Z,cjtinant,staff,16777231,1,0,216645310,4096,0,1073741920,0,2025-07-08T05:50:05Z,2025-07-13T01:08:29Z,2025-06-05T19:02:44Z,gpkg,Lower_Rio_Grande_Alluvial_Floodplain.gpkg,Lower_Rio_Grande_Alluvial_Floodplain,nhdphr_flowlines/Lower_Rio_Grande_Alluvial_Floodplain.gpkg,nhdphr_flowlines,nhdphr_flowlines/Lower_Rio_Grande_Alluvial_Floodplain,1.43,2025-06-05T19:02:44Z,FALSE
/Users/cjtinant/Documents/Rprojects_not-class/FFA_regional-skew/data/raw/nhdphr_flowlines/Lower_Rio_Grande_Valley.gpkg,file, 676K,rw-r--r--,2025-06-05T19:02:29Z,cjtinant,staff,16777231,1,0,216645238,4096,0,1073741920,0,2025-07-08T05:50:05Z,2025-07-13T01:08:29Z,2025-06-05T19:02:29Z,gpkg,Lower_Rio_Grande_Valley.gpkg,Lower_Rio_Grande_Valley,nhdphr_flowlines/Lower_Rio_Grande_Valley.gpkg,nhdphr_flowlines,nhdphr_flowlines/Lower_Rio_Grande_Valley,0.69,2025-06-05T19:02:29Z,FALSE
/Users/cjtinant/Documents/Rprojects_not-class/FFA_regional-skew/data/raw/nhdphr_flowlines/Lower_St_Croix_and_Vermillion_Valleys.gpkg,file,   4.36M,rw-r--r--,2025-06-05T21:38:38Z,cjtinant,staff,16777231,1,0,216677667,4096,0,1073741920,0,2025-07-08T05:50:05Z,2025-07-13T01:08:29Z,2025-06-05T21:38:38Z,gpkg,Lower_St_Croix_and_Vermillion_Valleys.gpkg,Lower_St_Croix_and_Vermillion_Valleys,nhdphr_flowlines/Lower_St_Croix_and_Vermillion_Valleys.gpkg,nhdphr_flowlines,nhdphr_flowlines/Lower_St_Croix_and_Vermillion_Valleys,4.57,2025-06-05T21:38:38Z,FALSE
/Users/cjtinant/Documents/Rprojects_not-class/FFA_regional-skew/data/raw/nhdphr_flowlines/Mesa_de_Maya_Black_Mesa.gpkg,file,   1.59M,rw-r--r--,2025-06-06T20:32:41Z,cjtinant,staff,16777231,1,0,217014079,4096,0,1073741920,0,2025-07-08T05:50:05Z,2025-07-13T01:08:29Z,2025-06-06T20:32:41Z,gpkg,Mesa_de_Maya_Black_Mesa.gpkg,Mesa_de_Maya_Black_Mesa,nhdphr_flowlines/Mesa_de_Maya_Black_Mesa.gpkg,nhdphr_flowlines,nhdphr_flowlines/Mesa_de_Maya_Black_Mesa,1.66,2025-06-06T20:32:41Z,FALSE
/Users/cjtinant/Documents/Rprojects_not-class/FFA_regional-skew/data/raw/nhdphr_flowlines/Mesic_Dissected_Plains.gpkg,file,  17.34M,rw-r--r--,2025-06-05T20:39:53Z,cjtinant,staff,16777231,1,0,216668287,4096,0,1073741920,0,2025-07-08T05:50:05Z,2025-07-13T01:08:29Z,2025-06-05T20:39:53Z,gpkg,Mesic_Dissected_Plains.gpkg,Mesic_Dissected_Plains,nhdphr_flowlines/Mesic_Dissected_Plains.gpkg,nhdphr_flowlines,nhdphr_flowlines/Mesic_Dissected_Plains,18.19,2025-06-05T20:39:53Z,FALSE
/Users/cjtinant/Documents/Rprojects_not-class/FFA_regional-skew/data/raw/nhdphr_flowlines/Mid_Coast_Barrier_Islands_and_Coastal_Marshes.gpkg,file,   2.99M,rw-r--r--,2025-06-05T19:05:18Z,cjtinant,staff,16777231,1,0,216645616,4096,0,1073741920,0,2025-07-08T05:50:05Z,2025-07-13T01:08:29Z,2025-06-05T19:05:17Z,gpkg,Mid_Coast_Barrier_Islands_and_Coastal_Marshes.gpkg,Mid_Coast_Barrier_Islands_and_Coastal_Marshes,nhdphr_flowlines/Mid_Coast_Barrier_Islands_and_Coastal_Marshes.gpkg,nhdphr_flowlines,nhdphr_flowlines/Mid_Coast_Barrier_Islands_and_Coastal_Marshes,3.13,2025-06-05T19:05:18Z,FALSE
/Users/cjtinant/Documents/Rprojects_not-class/FFA_regional-skew/data/raw/nhdphr_flowlines/Miissouri_Coteau_Slope.gpkg,file,  14.59M,rw-r--r--,2025-06-05T19:33:24Z,cjtinant,staff,16777231,1,0,216652773,4096,0,1073741920,0,2025-07-08T05:50:05Z,2025-07-13T01:08:29Z,2025-06-05T19:33:24Z,gpkg,Miissouri_Coteau_Slope.gpkg,Miissouri_Coteau_Slope,nhdphr_flowlines/Miissouri_Coteau_Slope.gpkg,nhdphr_flowlines,nhdphr_flowlines/Miissouri_Coteau_Slope,15.3,2025-06-05T19:33:24Z,FALSE
/Users/cjtinant/Documents/Rprojects_not-class/FFA_regional-skew/data/raw/nhdphr_flowlines/Milk_River_Pothole_Upland.gpkg,file,   1.16M,rw-r--r--,2025-06-05T19:48:38Z,cjtinant,staff,16777231,1,0,216654205,4096,0,1073741920,0,2025-07-08T05:50:05Z,2025-07-13T01:08:29Z,2025-06-05T19:48:38Z,gpkg,Milk_River_Pothole_Upland.gpkg,Milk_River_Pothole_Upland,nhdphr_flowlines/Milk_River_Pothole_Upland.gpkg,nhdphr_flowlines,nhdphr_flowlines/Milk_River_Pothole_Upland,1.22,2025-06-05T19:48:38Z,FALSE
/Users/cjtinant/Documents/Rprojects_not-class/FFA_regional-skew/data/raw/nhdphr_flowlines/Minnesota_River_Prairie.gpkg,file,   5.44M,rw-r--r--,2025-06-05T21:13:50Z,cjtinant,staff,16777231,1,0,216676190,4096,0,1073741920,0,2025-07-08T05:50:05Z,2025-07-13T01:08:29Z,2025-06-05T21:13:50Z,gpkg,Minnesota_River_Prairie.gpkg,Minnesota_River_Prairie,nhdphr_flowlines/Minnesota_River_Prairie.gpkg,nhdphr_flowlines,nhdphr_flowlines/Minnesota_River_Prairie,5.7,2025-06-05T21:13:50Z,FALSE
/Users/cjtinant/Documents/Rprojects_not-class/FFA_regional-skew/data/raw/nhdphr_flowlines/Missouri_Alluvial_Plain.gpkg,file,   6.21M,rw-r--r--,2025-06-06T19:10:08Z,cjtinant,staff,16777231,1,0,216910989,4096,0,1073741920,0,2025-07-08T05:50:05Z,2025-07-13T01:08:29Z,2025-06-06T19:10:08Z,gpkg,Missouri_Alluvial_Plain.gpkg,Missouri_Alluvial_Plain,nhdphr_flowlines/Missouri_Alluvial_Plain.gpkg,nhdphr_flowlines,nhdphr_flowlines/Missouri_Alluvial_Plain,6.52,2025-06-06T19:10:08Z,FALSE
/Users/cjtinant/Documents/Rprojects_not-class/FFA_regional-skew/data/raw/nhdphr_flowlines/Missouri_Breaks_Woodland_Scrubland.gpkg,file,  29.47M,rw-r--r--,2025-06-05T20:28:14Z,cjtinant,staff,16777231,1,0,216667570,4096,0,1073741920,0,2025-07-08T05:50:05Z,2025-07-13T01:08:29Z,2025-06-05T20:28:13Z,gpkg,Missouri_Breaks_Woodland_Scrubland.gpkg,Missouri_Breaks_Woodland_Scrubland,nhdphr_flowlines/Missouri_Breaks_Woodland_Scrubland.gpkg,nhdphr_flowlines,nhdphr_flowlines/Missouri_Breaks_Woodland_Scrubland,30.9,2025-06-05T20:28:14Z,FALSE
/Users/cjtinant/Documents/Rprojects_not-class/FFA_regional-skew/data/raw/nhdphr_flowlines/Missouri_Coteau.gpkg,file,  18.17M,rw-r--r--,2025-06-05T19:30:40Z,cjtinant,staff,16777231,1,0,216652565,4096,0,1073741920,0,2025-07-08T05:50:05Z,2025-07-13T01:08:29Z,2025-06-05T19:30:40Z,gpkg,Missouri_Coteau.gpkg,Missouri_Coteau,nhdphr_flowlines/Missouri_Coteau.gpkg,nhdphr_flowlines,nhdphr_flowlines/Missouri_Coteau,19.05,2025-06-05T19:30:40Z,FALSE
/Users/cjtinant/Documents/Rprojects_not-class/FFA_regional-skew/data/raw/nhdphr_flowlines/Missouri_Coteau_Slope.gpkg,file,  14.68M,rw-r--r--,2025-06-05T19:34:14Z,cjtinant,staff,16777231,1,0,216652863,4096,0,1073741920,0,2025-07-08T05:50:05Z,2025-07-13T01:08:29Z,2025-06-05T19:34:14Z,gpkg,Missouri_Coteau_Slope.gpkg,Missouri_Coteau_Slope,nhdphr_flowlines/Missouri_Coteau_Slope.gpkg,nhdphr_flowlines,nhdphr_flowlines/Missouri_Coteau_Slope,15.39,2025-06-05T19:34:14Z,FALSE
/Users/cjtinant/Documents/Rprojects_not-class/FFA_regional-skew/data/raw/nhdphr_flowlines/Missouri_Plateau.gpkg,file, 135.91M,rw-r--r--,2025-06-05T20:00:43Z,cjtinant,staff,16777231,1,0,216654859,4096,0,1073741920,0,2025-07-08T05:50:05Z,2025-07-13T01:08:29Z,2025-06-05T20:00:41Z,gpkg,Missouri_Plateau.gpkg,Missouri_Plateau,nhdphr_flowlines/Missouri_Plateau.gpkg,nhdphr_flowlines,nhdphr_flowlines/Missouri_Plateau,142.51,2025-06-05T20:00:43Z,FALSE
/Users/cjtinant/Documents/Rprojects_not-class/FFA_regional-skew/data/raw/nhdphr_flowlines/Moderate_Relief_Plains.gpkg,file,  38.63M,rw-r--r--,2025-06-05T16:23:08Z,cjtinant,staff,16777231,1,0,216621611,4096,0,1073741920,0,2025-07-08T05:50:05Z,2025-07-13T01:08:29Z,2025-06-05T16:23:07Z,gpkg,Moderate_Relief_Plains.gpkg,Moderate_Relief_Plains,nhdphr_flowlines/Moderate_Relief_Plains.gpkg,nhdphr_flowlines,nhdphr_flowlines/Moderate_Relief_Plains,40.51,2025-06-05T16:23:08Z,FALSE
/Users/cjtinant/Documents/Rprojects_not-class/FFA_regional-skew/data/raw/nhdphr_flowlines/Montana_Central_Grasslands.gpkg,file, 110.64M,rw-r--r--,2025-06-05T20:34:47Z,cjtinant,staff,16777231,1,0,216667865,4096,0,1073741920,0,2025-07-08T05:50:05Z,2025-07-13T01:08:29Z,2025-06-05T20:34:44Z,gpkg,Montana_Central_Grasslands.gpkg,Montana_Central_Grasslands,nhdphr_flowlines/Montana_Central_Grasslands.gpkg,nhdphr_flowlines,nhdphr_flowlines/Montana_Central_Grasslands,116.02,2025-06-05T20:34:47Z,FALSE
/Users/cjtinant/Documents/Rprojects_not-class/FFA_regional-skew/data/raw/nhdphr_flowlines/Moreau_Prairie.gpkg,file,  53.32M,rw-r--r--,2025-06-05T20:24:52Z,cjtinant,staff,16777231,1,0,216661681,4096,0,1073741920,0,2025-07-08T05:50:05Z,2025-07-13T01:08:29Z,2025-06-05T20:24:51Z,gpkg,Moreau_Prairie.gpkg,Moreau_Prairie,nhdphr_flowlines/Moreau_Prairie.gpkg,nhdphr_flowlines,nhdphr_flowlines/Moreau_Prairie,55.91,2025-06-05T20:24:52Z,FALSE
/Users/cjtinant/Documents/Rprojects_not-class/FFA_regional-skew/data/raw/nhdphr_flowlines/Nebraska_Kansas_Loess_Hills.gpkg,file,   4.13M,rw-r--r--,2025-06-06T20:32:41Z,cjtinant,staff,16777231,1,0,217014096,4096,0,1073741920,0,2025-07-08T05:50:05Z,2025-07-13T01:08:29Z,2025-06-06T20:32:41Z,gpkg,Nebraska_Kansas_Loess_Hills.gpkg,Nebraska_Kansas_Loess_Hills,nhdphr_flowlines/Nebraska_Kansas_Loess_Hills.gpkg,nhdphr_flowlines,nhdphr_flowlines/Nebraska_Kansas_Loess_Hills,4.33,2025-06-06T20:32:41Z,FALSE
/Users/cjtinant/Documents/Rprojects_not-class/FFA_regional-skew/data/raw/nhdphr_flowlines/Niobrara_River_Breaks.gpkg,file,   4.75M,rw-r--r--,2025-06-05T20:40:37Z,cjtinant,staff,16777231,1,0,216668366,4096,0,1073741920,0,2025-07-08T05:50:05Z,2025-07-13T01:08:29Z,2025-06-05T20:40:37Z,gpkg,Niobrara_River_Breaks.gpkg,Niobrara_River_Breaks,nhdphr_flowlines/Niobrara_River_Breaks.gpkg,nhdphr_flowlines,nhdphr_flowlines/Niobrara_River_Breaks,4.98,2025-06-05T20:40:37Z,FALSE
/Users/cjtinant/Documents/Rprojects_not-class/FFA_regional-skew/data/raw/nhdphr_flowlines/Non_calcareous_Foothill_Grassland.gpkg,file,   6.84M,rw-r--r--,2025-06-05T20:41:16Z,cjtinant,staff,16777231,1,0,216668436,4096,0,1073741920,0,2025-07-08T05:50:05Z,2025-07-13T01:08:29Z,2025-06-05T20:41:16Z,gpkg,Non_calcareous_Foothill_Grassland.gpkg,Non_calcareous_Foothill_Grassland,nhdphr_flowlines/Non_calcareous_Foothill_Grassland.gpkg,nhdphr_flowlines,nhdphr_flowlines/Non_calcareous_Foothill_Grassland,7.17,2025-06-05T20:41:16Z,FALSE
/Users/cjtinant/Documents/Rprojects_not-class/FFA_regional-skew/data/raw/nhdphr_flowlines/North_Central_Brown_Glaciated_Plains.gpkg,file,  49.39M,rw-r--r--,2025-06-05T19:54:51Z,cjtinant,staff,16777231,1,0,216654347,4096,0,1073741920,0,2025-07-08T05:50:05Z,2025-07-13T01:08:29Z,2025-06-05T19:54:50Z,gpkg,North_Central_Brown_Glaciated_Plains.gpkg,North_Central_Brown_Glaciated_Plains,nhdphr_flowlines/North_Central_Brown_Glaciated_Plains.gpkg,nhdphr_flowlines,nhdphr_flowlines/North_Central_Brown_Glaciated_Plains,51.79,2025-06-05T19:54:51Z,FALSE
/Users/cjtinant/Documents/Rprojects_not-class/FFA_regional-skew/data/raw/nhdphr_flowlines/Northeastern_Nebraska_Loess_Hills.gpkg,file,  51.92M,rw-r--r--,2025-06-05T21:50:34Z,cjtinant,staff,16777231,1,0,216681711,4096,0,1073741920,0,2025-07-08T05:50:05Z,2025-07-13T01:08:29Z,2025-06-05T21:50:34Z,gpkg,Northeastern_Nebraska_Loess_Hills.gpkg,Northeastern_Nebraska_Loess_Hills,nhdphr_flowlines/Northeastern_Nebraska_Loess_Hills.gpkg,nhdphr_flowlines,nhdphr_flowlines/Northeastern_Nebraska_Loess_Hills,54.44,2025-06-05T21:50:34Z,FALSE
/Users/cjtinant/Documents/Rprojects_not-class/FFA_regional-skew/data/raw/nhdphr_flowlines/Northern_Black_Prairie.gpkg,file,   6.25M,rw-r--r--,2025-06-05T21:02:46Z,cjtinant,staff,16777231,1,0,216670001,4096,0,1073741920,0,2025-07-08T05:50:05Z,2025-07-13T01:08:29Z,2025-06-05T21:02:46Z,gpkg,Northern_Black_Prairie.gpkg,Northern_Black_Prairie,nhdphr_flowlines/Northern_Black_Prairie.gpkg,nhdphr_flowlines,nhdphr_flowlines/Northern_Black_Prairie,6.56,2025-06-05T21:02:46Z,FALSE
/Users/cjtinant/Documents/Rprojects_not-class/FFA_regional-skew/data/raw/nhdphr_flowlines/Northern_Blackland_Prairie.gpkg,file,  13.92M,rw-r--r--,2025-06-06T19:12:25Z,cjtinant,staff,16777231,1,0,216911549,4096,0,1073741920,0,2025-07-08T05:50:05Z,2025-07-13T01:08:29Z,2025-06-06T19:12:24Z,gpkg,Northern_Blackland_Prairie.gpkg,Northern_Blackland_Prairie,nhdphr_flowlines/Northern_Blackland_Prairie.gpkg,nhdphr_flowlines,nhdphr_flowlines/Northern_Blackland_Prairie,14.6,2025-06-06T19:12:25Z,FALSE
/Users/cjtinant/Documents/Rprojects_not-class/FFA_regional-skew/data/raw/nhdphr_flowlines/Northern_Cross_Timbers.gpkg,file,  95.54M,rw-r--r--,2025-06-05T18:13:48Z,cjtinant,staff,16777231,1,0,216642020,4096,0,1073741920,0,2025-07-08T05:50:05Z,2025-07-13T01:08:29Z,2025-06-05T18:13:46Z,gpkg,Northern_Cross_Timbers.gpkg,Northern_Cross_Timbers,nhdphr_flowlines/Northern_Cross_Timbers.gpkg,nhdphr_flowlines,nhdphr_flowlines/Northern_Cross_Timbers,100.18,2025-06-05T18:13:48Z,FALSE
/Users/cjtinant/Documents/Rprojects_not-class/FFA_regional-skew/data/raw/nhdphr_flowlines/Northern_Dark_Brown_Prairie.gpkg,file,   3.87M,rw-r--r--,2025-06-05T21:03:09Z,cjtinant,staff,16777231,1,0,216670096,4096,0,1073741920,0,2025-07-08T05:50:05Z,2025-07-13T01:08:29Z,2025-06-05T21:03:09Z,gpkg,Northern_Dark_Brown_Prairie.gpkg,Northern_Dark_Brown_Prairie,nhdphr_flowlines/Northern_Dark_Brown_Prairie.gpkg,nhdphr_flowlines,nhdphr_flowlines/Northern_Dark_Brown_Prairie,4.06,2025-06-05T21:03:09Z,FALSE
/Users/cjtinant/Documents/Rprojects_not-class/FFA_regional-skew/data/raw/nhdphr_flowlines/Northern_Humid_Gulf_Coastal_Prairies.gpkg,file,   8.09M,rw-r--r--,2025-06-05T19:01:07Z,cjtinant,staff,16777231,1,0,216645012,4096,0,1073741920,0,2025-07-08T05:50:05Z,2025-07-13T01:08:29Z,2025-06-05T19:01:07Z,gpkg,Northern_Humid_Gulf_Coastal_Prairies.gpkg,Northern_Humid_Gulf_Coastal_Prairies,nhdphr_flowlines/Northern_Humid_Gulf_Coastal_Prairies.gpkg,nhdphr_flowlines,nhdphr_flowlines/Northern_Humid_Gulf_Coastal_Prairies,8.48,2025-06-05T19:01:07Z,FALSE
/Users/cjtinant/Documents/Rprojects_not-class/FFA_regional-skew/data/raw/nhdphr_flowlines/Northern_Missouri_Coteau.gpkg,file,   1.25M,rw-r--r--,2025-06-05T19:35:03Z,cjtinant,staff,16777231,1,0,216652957,4096,0,1073741920,0,2025-07-08T05:50:05Z,2025-07-13T01:08:29Z,2025-06-05T19:35:03Z,gpkg,Northern_Missouri_Coteau.gpkg,Northern_Missouri_Coteau,nhdphr_flowlines/Northern_Missouri_Coteau.gpkg,nhdphr_flowlines,nhdphr_flowlines/Northern_Missouri_Coteau,1.31,2025-06-05T19:35:03Z,FALSE
/Users/cjtinant/Documents/Rprojects_not-class/FFA_regional-skew/data/raw/nhdphr_flowlines/Northern_Nueces_Alluvial_Plains.gpkg,file,  12.56M,rw-r--r--,2025-06-05T18:48:14Z,cjtinant,staff,16777231,1,0,216644126,4096,0,1073741920,0,2025-07-08T05:50:05Z,2025-07-13T01:08:29Z,2025-06-05T18:48:13Z,gpkg,Northern_Nueces_Alluvial_Plains.gpkg,Northern_Nueces_Alluvial_Plains,nhdphr_flowlines/Northern_Nueces_Alluvial_Plains.gpkg,nhdphr_flowlines,nhdphr_flowlines/Northern_Nueces_Alluvial_Plains,13.17,2025-06-05T18:48:14Z,FALSE
/Users/cjtinant/Documents/Rprojects_not-class/FFA_regional-skew/data/raw/nhdphr_flowlines/Northwestern_Cross_Timbers.gpkg,file,  19.8M,rw-r--r--,2025-06-05T18:36:44Z,cjtinant,staff,16777231,1,0,216643271,4096,0,1073741920,0,2025-07-08T05:50:05Z,2025-07-13T01:08:29Z,2025-06-05T18:36:43Z,gpkg,Northwestern_Cross_Timbers.gpkg,Northwestern_Cross_Timbers,nhdphr_flowlines/Northwestern_Cross_Timbers.gpkg,nhdphr_flowlines,nhdphr_flowlines/Northwestern_Cross_Timbers,20.77,2025-06-05T18:36:44Z,FALSE
/Users/cjtinant/Documents/Rprojects_not-class/FFA_regional-skew/data/raw/nhdphr_flowlines/Osage_Cuestas.gpkg,file,  35.79M,rw-r--r--,2025-06-06T19:13:40Z,cjtinant,staff,16777231,1,0,216912230,4096,0,1073741920,0,2025-07-08T05:50:05Z,2025-07-13T01:08:29Z,2025-06-06T19:13:39Z,gpkg,Osage_Cuestas.gpkg,Osage_Cuestas,nhdphr_flowlines/Osage_Cuestas.gpkg,nhdphr_flowlines,nhdphr_flowlines/Osage_Cuestas,37.53,2025-06-06T19:13:40Z,FALSE
/Users/cjtinant/Documents/Rprojects_not-class/FFA_regional-skew/data/raw/nhdphr_flowlines/Pembina_Escarpment.gpkg,file,   3.86M,rw-r--r--,2025-06-05T20:59:39Z,cjtinant,staff,16777231,1,0,216669593,4096,0,1073741920,0,2025-07-08T05:50:05Z,2025-07-13T01:08:29Z,2025-06-05T20:59:39Z,gpkg,Pembina_Escarpment.gpkg,Pembina_Escarpment,nhdphr_flowlines/Pembina_Escarpment.gpkg,nhdphr_flowlines,nhdphr_flowlines/Pembina_Escarpment,4.05,2025-06-05T20:59:39Z,FALSE
/Users/cjtinant/Documents/Rprojects_not-class/FFA_regional-skew/data/raw/nhdphr_flowlines/Piedmont_Plains_and_Tablelands.gpkg,file,   8.4M,rw-r--r--,2025-06-06T20:23:49Z,cjtinant,staff,16777231,1,0,217009708,4096,0,1073741920,0,2025-07-08T05:50:05Z,2025-07-13T01:08:29Z,2025-06-06T20:23:49Z,gpkg,Piedmont_Plains_and_Tablelands.gpkg,Piedmont_Plains_and_Tablelands,nhdphr_flowlines/Piedmont_Plains_and_Tablelands.gpkg,nhdphr_flowlines,nhdphr_flowlines/Piedmont_Plains_and_Tablelands,8.81,2025-06-06T20:23:49Z,FALSE
/Users/cjtinant/Documents/Rprojects_not-class/FFA_regional-skew/data/raw/nhdphr_flowlines/Pine_Bluffs_and_Hills.gpkg,file,  11.98M,rw-r--r--,2025-06-05T16:31:54Z,cjtinant,staff,16777231,1,0,216622914,4096,0,1073741920,0,2025-07-08T05:50:05Z,2025-07-13T01:08:29Z,2025-06-05T16:31:54Z,gpkg,Pine_Bluffs_and_Hills.gpkg,Pine_Bluffs_and_Hills,nhdphr_flowlines/Pine_Bluffs_and_Hills.gpkg,nhdphr_flowlines,nhdphr_flowlines/Pine_Bluffs_and_Hills,12.57,2025-06-05T16:31:54Z,FALSE
/Users/cjtinant/Documents/Rprojects_not-class/FFA_regional-skew/data/raw/nhdphr_flowlines/Pine_Oak_Woodlands.gpkg,file,   6.62M,rw-r--r--,2025-06-05T17:06:11Z,cjtinant,staff,16777231,1,0,216630542,4096,0,1073741920,0,2025-07-08T05:50:05Z,2025-07-13T01:08:29Z,2025-06-05T17:06:11Z,gpkg,Pine_Oak_Woodlands.gpkg,Pine_Oak_Woodlands,nhdphr_flowlines/Pine_Oak_Woodlands.gpkg,nhdphr_flowlines,nhdphr_flowlines/Pine_Oak_Woodlands,6.95,2025-06-05T17:06:11Z,FALSE
/Users/cjtinant/Documents/Rprojects_not-class/FFA_regional-skew/data/raw/nhdphr_flowlines/Pine_Ridge_Escarpment.gpkg,file,  20.85M,rw-r--r--,2025-06-06T15:56:09Z,cjtinant,staff,16777231,1,0,216835180,4096,0,1073741920,0,2025-07-08T05:50:05Z,2025-07-13T01:08:29Z,2025-06-06T15:56:08Z,gpkg,Pine_Ridge_Escarpment.gpkg,Pine_Ridge_Escarpment,nhdphr_flowlines/Pine_Ridge_Escarpment.gpkg,nhdphr_flowlines,nhdphr_flowlines/Pine_Ridge_Escarpment,21.86,2025-06-06T15:56:09Z,FALSE
/Users/cjtinant/Documents/Rprojects_not-class/FFA_regional-skew/data/raw/nhdphr_flowlines/Pine_Scoria_Hills.gpkg,file,  39.79M,rw-r--r--,2025-06-05T20:38:47Z,cjtinant,staff,16777231,1,0,216668174,4096,0,1073741920,0,2025-07-08T05:50:05Z,2025-07-13T01:08:29Z,2025-06-05T20:38:46Z,gpkg,Pine_Scoria_Hills.gpkg,Pine_Scoria_Hills,nhdphr_flowlines/Pine_Scoria_Hills.gpkg,nhdphr_flowlines,nhdphr_flowlines/Pine_Scoria_Hills,41.73,2025-06-05T20:38:47Z,FALSE
/Users/cjtinant/Documents/Rprojects_not-class/FFA_regional-skew/data/raw/nhdphr_flowlines/Pinyon_Juniper_Woodlands_and_Savannas.gpkg,file,  15.59M,rw-r--r--,2025-06-05T17:04:23Z,cjtinant,staff,16777231,1,0,216625109,4096,0,1073741920,0,2025-07-08T05:50:05Z,2025-07-13T01:08:29Z,2025-06-05T17:04:23Z,gpkg,Pinyon_Juniper_Woodlands_and_Savannas.gpkg,Pinyon_Juniper_Woodlands_and_Savannas,nhdphr_flowlines/Pinyon_Juniper_Woodlands_and_Savannas.gpkg,nhdphr_flowlines,nhdphr_flowlines/Pinyon_Juniper_Woodlands_and_Savannas,16.34,2025-06-05T17:04:23Z,FALSE
/Users/cjtinant/Documents/Rprojects_not-class/FFA_regional-skew/data/raw/nhdphr_flowlines/Platte_River_Valley.gpkg,file,  26.25M,rw-r--r--,2025-06-05T17:47:46Z,cjtinant,staff,16777231,1,0,216635051,4096,0,1073741920,0,2025-07-08T05:50:05Z,2025-07-13T01:08:29Z,2025-06-05T17:47:46Z,gpkg,Platte_River_Valley.gpkg,Platte_River_Valley,nhdphr_flowlines/Platte_River_Valley.gpkg,nhdphr_flowlines,nhdphr_flowlines/Platte_River_Valley,27.53,2025-06-05T17:47:46Z,FALSE
/Users/cjtinant/Documents/Rprojects_not-class/FFA_regional-skew/data/raw/nhdphr_flowlines/Platte_River_Valley_and_Terraces.gpkg,file,   8.61M,rw-r--r--,2025-06-06T20:14:08Z,cjtinant,staff,16777231,1,0,216995107,4096,0,1073741920,0,2025-07-08T05:50:05Z,2025-07-13T01:08:29Z,2025-06-06T20:14:08Z,gpkg,Platte_River_Valley_and_Terraces.gpkg,Platte_River_Valley_and_Terraces,nhdphr_flowlines/Platte_River_Valley_and_Terraces.gpkg,nhdphr_flowlines,nhdphr_flowlines/Platte_River_Valley_and_Terraces,9.02,2025-06-06T20:14:08Z,FALSE
/Users/cjtinant/Documents/Rprojects_not-class/FFA_regional-skew/data/raw/nhdphr_flowlines/Pleistocene_Sand_Dunes.gpkg,file,   5.02M,rw-r--r--,2025-06-05T17:58:53Z,cjtinant,staff,16777231,1,0,216635688,4096,0,1073741920,0,2025-07-08T05:50:05Z,2025-07-13T01:08:29Z,2025-06-05T17:58:53Z,gpkg,Pleistocene_Sand_Dunes.gpkg,Pleistocene_Sand_Dunes,nhdphr_flowlines/Pleistocene_Sand_Dunes.gpkg,nhdphr_flowlines,nhdphr_flowlines/Pleistocene_Sand_Dunes,5.27,2025-06-05T17:58:53Z,FALSE
/Users/cjtinant/Documents/Rprojects_not-class/FFA_regional-skew/data/raw/nhdphr_flowlines/Pluvial_Lake_Basins.gpkg,file, 432K,rw-r--r--,2025-06-05T17:18:35Z,cjtinant,staff,16777231,1,0,216632924,4096,0,1073741920,0,2025-07-08T05:50:05Z,2025-07-13T01:08:29Z,2025-06-05T17:18:35Z,gpkg,Pluvial_Lake_Basins.gpkg,Pluvial_Lake_Basins,nhdphr_flowlines/Pluvial_Lake_Basins.gpkg,nhdphr_flowlines,nhdphr_flowlines/Pluvial_Lake_Basins,0.44,2025-06-05T17:18:35Z,FALSE
/Users/cjtinant/Documents/Rprojects_not-class/FFA_regional-skew/data/raw/nhdphr_flowlines/Ponca_Plains.gpkg,file,  11.08M,rw-r--r--,2025-06-05T19:39:36Z,cjtinant,staff,16777231,1,0,216653311,4096,0,1073741920,0,2025-07-08T05:50:05Z,2025-07-13T01:08:29Z,2025-06-05T19:39:36Z,gpkg,Ponca_Plains.gpkg,Ponca_Plains,nhdphr_flowlines/Ponca_Plains.gpkg,nhdphr_flowlines,nhdphr_flowlines/Ponca_Plains,11.62,2025-06-05T19:39:36Z,FALSE
/Users/cjtinant/Documents/Rprojects_not-class/FFA_regional-skew/data/raw/nhdphr_flowlines/Powder_River_Basin.gpkg,file, 216.39M,rw-r--r--,2025-06-05T20:53:29Z,cjtinant,staff,16777231,1,0,216669057,4096,0,1073741920,0,2025-07-08T05:50:05Z,2025-07-13T01:08:29Z,2025-06-05T20:53:23Z,gpkg,Powder_River_Basin.gpkg,Powder_River_Basin,nhdphr_flowlines/Powder_River_Basin.gpkg,nhdphr_flowlines,nhdphr_flowlines/Powder_River_Basin,226.9,2025-06-05T20:53:29Z,FALSE
/Users/cjtinant/Documents/Rprojects_not-class/FFA_regional-skew/data/raw/nhdphr_flowlines/Prairie_Coteau.gpkg,file,  20.31M,rw-r--r--,2025-06-05T21:09:14Z,cjtinant,staff,16777231,1,0,216675810,4096,0,1073741920,0,2025-07-08T05:50:05Z,2025-07-13T01:08:29Z,2025-06-05T21:09:13Z,gpkg,Prairie_Coteau.gpkg,Prairie_Coteau,nhdphr_flowlines/Prairie_Coteau.gpkg,nhdphr_flowlines,nhdphr_flowlines/Prairie_Coteau,21.3,2025-06-05T21:09:14Z,FALSE
/Users/cjtinant/Documents/Rprojects_not-class/FFA_regional-skew/data/raw/nhdphr_flowlines/Prairie_Coteau_Escarpment.gpkg,file,   8.64M,rw-r--r--,2025-06-05T21:10:19Z,cjtinant,staff,16777231,1,0,216675922,4096,0,1073741920,0,2025-07-08T05:50:05Z,2025-07-13T01:08:29Z,2025-06-05T21:10:19Z,gpkg,Prairie_Coteau_Escarpment.gpkg,Prairie_Coteau_Escarpment,nhdphr_flowlines/Prairie_Coteau_Escarpment.gpkg,nhdphr_flowlines,nhdphr_flowlines/Prairie_Coteau_Escarpment,9.06,2025-06-05T21:10:19Z,FALSE
/Users/cjtinant/Documents/Rprojects_not-class/FFA_regional-skew/data/raw/nhdphr_flowlines/Prairie_Tableland.gpkg,file,  92.79M,rw-r--r--,2025-06-05T17:35:30Z,cjtinant,staff,16777231,1,0,216634075,4096,0,1073741920,0,2025-07-08T05:50:05Z,2025-07-13T01:08:29Z,2025-06-05T17:35:29Z,gpkg,Prairie_Tableland.gpkg,Prairie_Tableland,nhdphr_flowlines/Prairie_Tableland.gpkg,nhdphr_flowlines,nhdphr_flowlines/Prairie_Tableland,97.29,2025-06-05T17:35:30Z,FALSE
/Users/cjtinant/Documents/Rprojects_not-class/FFA_regional-skew/data/raw/nhdphr_flowlines/Pryor_Bighorn_Foothills.gpkg,file,  15.88M,rw-r--r--,2025-06-05T20:44:40Z,cjtinant,staff,16777231,1,0,216668767,4096,0,1073741920,0,2025-07-08T05:50:05Z,2025-07-13T01:08:29Z,2025-06-05T20:44:39Z,gpkg,Pryor_Bighorn_Foothills.gpkg,Pryor_Bighorn_Foothills,nhdphr_flowlines/Pryor_Bighorn_Foothills.gpkg,nhdphr_flowlines,nhdphr_flowlines/Pryor_Bighorn_Foothills,16.65,2025-06-05T20:44:40Z,FALSE
/Users/cjtinant/Documents/Rprojects_not-class/FFA_regional-skew/data/raw/nhdphr_flowlines/Purgatoire_Hills_and_Canyons.gpkg,file,  13.55M,rw-r--r--,2025-06-05T17:03:04Z,cjtinant,staff,16777231,1,0,216624981,4096,0,1073741920,0,2025-07-08T05:50:05Z,2025-07-13T01:08:29Z,2025-06-05T17:03:03Z,gpkg,Purgatoire_Hills_and_Canyons.gpkg,Purgatoire_Hills_and_Canyons,nhdphr_flowlines/Purgatoire_Hills_and_Canyons.gpkg,nhdphr_flowlines,nhdphr_flowlines/Purgatoire_Hills_and_Canyons,14.21,2025-06-05T17:03:04Z,FALSE
/Users/cjtinant/Documents/Rprojects_not-class/FFA_regional-skew/data/raw/nhdphr_flowlines/Rainwater_Basin_Plains.gpkg,file,  75.38M,rw-r--r--,2025-06-05T17:44:19Z,cjtinant,staff,16777231,1,0,216634892,4096,0,1073741920,0,2025-07-08T05:50:05Z,2025-07-13T01:08:29Z,2025-06-05T17:44:18Z,gpkg,Rainwater_Basin_Plains.gpkg,Rainwater_Basin_Plains,nhdphr_flowlines/Rainwater_Basin_Plains.gpkg,nhdphr_flowlines,nhdphr_flowlines/Rainwater_Basin_Plains,79.04,2025-06-05T17:44:19Z,FALSE
/Users/cjtinant/Documents/Rprojects_not-class/FFA_regional-skew/data/raw/nhdphr_flowlines/Red_Prairie.gpkg,file,  37.77M,rw-r--r--,2025-06-05T17:51:10Z,cjtinant,staff,16777231,1,0,216635184,4096,0,1073741920,0,2025-07-08T05:50:05Z,2025-07-13T01:08:29Z,2025-06-05T17:51:09Z,gpkg,Red_Prairie.gpkg,Red_Prairie,nhdphr_flowlines/Red_Prairie.gpkg,nhdphr_flowlines,nhdphr_flowlines/Red_Prairie,39.6,2025-06-05T17:51:10Z,FALSE
/Users/cjtinant/Documents/Rprojects_not-class/FFA_regional-skew/data/raw/nhdphr_flowlines/Red_River_Tablelands.gpkg,file,   6.49M,rw-r--r--,2025-06-05T17:59:39Z,cjtinant,staff,16777231,1,0,216635768,4096,0,1073741920,0,2025-07-08T05:50:05Z,2025-07-13T01:08:29Z,2025-06-05T17:59:39Z,gpkg,Red_River_Tablelands.gpkg,Red_River_Tablelands,nhdphr_flowlines/Red_River_Tablelands.gpkg,nhdphr_flowlines,nhdphr_flowlines/Red_River_Tablelands,6.81,2025-06-05T17:59:39Z,FALSE
/Users/cjtinant/Documents/Rprojects_not-class/FFA_regional-skew/data/raw/nhdphr_flowlines/Rio_Grande_Floodplain_and_Terraces.gpkg,file,   3.46M,rw-r--r--,2025-06-05T18:54:58Z,cjtinant,staff,16777231,1,0,216644586,4096,0,1073741920,0,2025-07-08T05:50:05Z,2025-07-13T01:08:29Z,2025-06-05T18:54:58Z,gpkg,Rio_Grande_Floodplain_and_Terraces.gpkg,Rio_Grande_Floodplain_and_Terraces,nhdphr_flowlines/Rio_Grande_Floodplain_and_Terraces.gpkg,nhdphr_flowlines,nhdphr_flowlines/Rio_Grande_Floodplain_and_Terraces,3.63,2025-06-05T18:54:58Z,FALSE
/Users/cjtinant/Documents/Rprojects_not-class/FFA_regional-skew/data/raw/nhdphr_flowlines/River_Breaks.gpkg,file,  59.36M,rw-r--r--,2025-06-05T20:07:04Z,cjtinant,staff,16777231,1,0,216660672,4096,0,1073741920,0,2025-07-08T05:50:05Z,2025-07-13T01:08:29Z,2025-06-05T20:07:02Z,gpkg,River_Breaks.gpkg,River_Breaks,nhdphr_flowlines/River_Breaks.gpkg,nhdphr_flowlines,nhdphr_flowlines/River_Breaks,62.25,2025-06-05T20:07:04Z,FALSE
/Users/cjtinant/Documents/Rprojects_not-class/FFA_regional-skew/data/raw/nhdphr_flowlines/Rocky_Mountain_Front_Foothill_Potholes.gpkg,file,   3.59M,rw-r--r--,2025-06-05T19:56:15Z,cjtinant,staff,16777231,1,0,216654666,4096,0,1073741920,0,2025-07-08T05:50:05Z,2025-07-13T01:08:29Z,2025-06-05T19:56:15Z,gpkg,Rocky_Mountain_Front_Foothill_Potholes.gpkg,Rocky_Mountain_Front_Foothill_Potholes,nhdphr_flowlines/Rocky_Mountain_Front_Foothill_Potholes.gpkg,nhdphr_flowlines,nhdphr_flowlines/Rocky_Mountain_Front_Foothill_Potholes,3.76,2025-06-05T19:56:15Z,FALSE
/Users/cjtinant/Documents/Rprojects_not-class/FFA_regional-skew/data/raw/nhdphr_flowlines/Rolling_Loess_Prairies.gpkg,file, 194.68M,rw-r--r--,2025-06-05T21:38:00Z,cjtinant,staff,16777231,1,0,216677417,4096,0,1073741920,0,2025-07-08T05:50:05Z,2025-07-13T01:08:29Z,2025-06-05T21:37:57Z,gpkg,Rolling_Loess_Prairies.gpkg,Rolling_Loess_Prairies,nhdphr_flowlines/Rolling_Loess_Prairies.gpkg,nhdphr_flowlines,nhdphr_flowlines/Rolling_Loess_Prairies,204.14,2025-06-05T21:38:00Z,FALSE
/Users/cjtinant/Documents/Rprojects_not-class/FFA_regional-skew/data/raw/nhdphr_flowlines/Rolling_Plains_and_Breaks.gpkg,file, 184.16M,rw-r--r--,2025-06-05T17:30:17Z,cjtinant,staff,16777231,1,0,216633745,4096,0,1073741920,0,2025-07-08T05:50:05Z,2025-07-13T01:08:29Z,2025-06-05T17:30:13Z,gpkg,Rolling_Plains_and_Breaks.gpkg,Rolling_Plains_and_Breaks,nhdphr_flowlines/Rolling_Plains_and_Breaks.gpkg,nhdphr_flowlines,nhdphr_flowlines/Rolling_Plains_and_Breaks,193.1,2025-06-05T17:30:17Z,FALSE
/Users/cjtinant/Documents/Rprojects_not-class/FFA_regional-skew/data/raw/nhdphr_flowlines/Rolling_Red_Hills.gpkg,file,  33.46M,rw-r--r--,2025-06-05T18:06:07Z,cjtinant,staff,16777231,1,0,216641505,4096,0,1073741920,0,2025-07-08T05:50:05Z,2025-07-13T01:08:29Z,2025-06-05T18:06:06Z,gpkg,Rolling_Red_Hills.gpkg,Rolling_Red_Hills,nhdphr_flowlines/Rolling_Red_Hills.gpkg,nhdphr_flowlines,nhdphr_flowlines/Rolling_Red_Hills,35.09,2025-06-05T18:06:07Z,FALSE
/Users/cjtinant/Documents/Rprojects_not-class/FFA_regional-skew/data/raw/nhdphr_flowlines/Rolling_Sand_Plains.gpkg,file,   3.29M,rw-r--r--,2025-06-06T16:06:26Z,cjtinant,staff,16777231,1,0,216836690,4096,0,1073741920,0,2025-07-08T05:50:05Z,2025-07-13T01:08:29Z,2025-06-06T16:06:26Z,gpkg,Rolling_Sand_Plains.gpkg,Rolling_Sand_Plains,nhdphr_flowlines/Rolling_Sand_Plains.gpkg,nhdphr_flowlines,nhdphr_flowlines/Rolling_Sand_Plains,3.44,2025-06-06T16:06:26Z,FALSE
/Users/cjtinant/Documents/Rprojects_not-class/FFA_regional-skew/data/raw/nhdphr_flowlines/Sagebrush_Steppe.gpkg,file,  37.28M,rw-r--r--,2025-06-05T20:10:04Z,cjtinant,staff,16777231,1,0,216660912,4096,0,1073741920,0,2025-07-08T05:50:05Z,2025-07-13T01:08:29Z,2025-06-05T20:10:03Z,gpkg,Sagebrush_Steppe.gpkg,Sagebrush_Steppe,nhdphr_flowlines/Sagebrush_Steppe.gpkg,nhdphr_flowlines,nhdphr_flowlines/Sagebrush_Steppe,39.09,2025-06-05T20:10:04Z,FALSE
/Users/cjtinant/Documents/Rprojects_not-class/FFA_regional-skew/data/raw/nhdphr_flowlines/Saline_Area.gpkg,file,   1.86M,rw-r--r--,2025-06-05T21:55:37Z,cjtinant,staff,16777231,1,0,216682444,4096,0,1073741920,0,2025-07-08T05:50:05Z,2025-07-13T01:08:29Z,2025-06-05T21:55:37Z,gpkg,Saline_Area.gpkg,Saline_Area,nhdphr_flowlines/Saline_Area.gpkg,nhdphr_flowlines,nhdphr_flowlines/Saline_Area,1.95,2025-06-05T21:55:37Z,FALSE
/Users/cjtinant/Documents/Rprojects_not-class/FFA_regional-skew/data/raw/nhdphr_flowlines/Salt_Plains.gpkg,file, 928K,rw-r--r--,2025-06-05T18:04:24Z,cjtinant,staff,16777231,1,0,216636135,4096,0,1073741920,0,2025-07-08T05:50:05Z,2025-07-13T01:08:29Z,2025-06-05T18:04:24Z,gpkg,Salt_Plains.gpkg,Salt_Plains,nhdphr_flowlines/Salt_Plains.gpkg,nhdphr_flowlines,nhdphr_flowlines/Salt_Plains,0.95,2025-06-05T18:04:24Z,FALSE
/Users/cjtinant/Documents/Rprojects_not-class/FFA_regional-skew/data/raw/nhdphr_flowlines/Sand_Hills.gpkg,file,   7.82M,rw-r--r--,2025-06-06T20:15:35Z,cjtinant,staff,16777231,1,0,217002997,4096,0,1073741920,0,2025-07-08T05:50:05Z,2025-07-13T01:08:29Z,2025-06-06T20:15:35Z,gpkg,Sand_Hills.gpkg,Sand_Hills,nhdphr_flowlines/Sand_Hills.gpkg,nhdphr_flowlines,nhdphr_flowlines/Sand_Hills,8.2,2025-06-06T20:15:35Z,FALSE
/Users/cjtinant/Documents/Rprojects_not-class/FFA_regional-skew/data/raw/nhdphr_flowlines/Sandsheets.gpkg,file, 472K,rw-r--r--,2025-06-05T17:07:52Z,cjtinant,staff,16777231,1,0,216630804,4096,0,1073741920,0,2025-07-08T05:50:05Z,2025-07-13T01:08:29Z,2025-06-05T17:07:52Z,gpkg,Sandsheets.gpkg,Sandsheets,nhdphr_flowlines/Sandsheets.gpkg,nhdphr_flowlines,nhdphr_flowlines/Sandsheets,0.48,2025-06-05T17:07:52Z,FALSE
/Users/cjtinant/Documents/Rprojects_not-class/FFA_regional-skew/data/raw/nhdphr_flowlines/Sandy_and_Silty_Tablelands.gpkg,file,  19.68M,rw-r--r--,2025-06-05T16:33:57Z,cjtinant,staff,16777231,1,0,216623023,4096,0,1073741920,0,2025-07-08T05:50:05Z,2025-07-13T01:08:29Z,2025-06-05T16:33:57Z,gpkg,Sandy_and_Silty_Tablelands.gpkg,Sandy_and_Silty_Tablelands,nhdphr_flowlines/Sandy_and_Silty_Tablelands.gpkg,nhdphr_flowlines,nhdphr_flowlines/Sandy_and_Silty_Tablelands,20.64,2025-06-05T16:33:57Z,FALSE
/Users/cjtinant/Documents/Rprojects_not-class/FFA_regional-skew/data/raw/nhdphr_flowlines/Semiarid_Canadian_Breaks.gpkg,file,  30.96M,rw-r--r--,2025-06-05T16:56:16Z,cjtinant,staff,16777231,1,0,216624479,4096,0,1073741920,0,2025-07-08T05:50:05Z,2025-07-13T01:08:29Z,2025-06-05T16:56:15Z,gpkg,Semiarid_Canadian_Breaks.gpkg,Semiarid_Canadian_Breaks,nhdphr_flowlines/Semiarid_Canadian_Breaks.gpkg,nhdphr_flowlines,nhdphr_flowlines/Semiarid_Canadian_Breaks,32.47,2025-06-05T16:56:16Z,FALSE
/Users/cjtinant/Documents/Rprojects_not-class/FFA_regional-skew/data/raw/nhdphr_flowlines/Semiarid_Edwards_Bajada.gpkg,file,   3.63M,rw-r--r--,2025-06-05T18:48:48Z,cjtinant,staff,16777231,1,0,216644265,4096,0,1073741920,0,2025-07-08T05:50:05Z,2025-07-13T01:08:29Z,2025-06-05T18:48:48Z,gpkg,Semiarid_Edwards_Bajada.gpkg,Semiarid_Edwards_Bajada,nhdphr_flowlines/Semiarid_Edwards_Bajada.gpkg,nhdphr_flowlines,nhdphr_flowlines/Semiarid_Edwards_Bajada,3.81,2025-06-05T18:48:48Z,FALSE
/Users/cjtinant/Documents/Rprojects_not-class/FFA_regional-skew/data/raw/nhdphr_flowlines/Semiarid_Edwards_Plateau.gpkg,file,  42.84M,rw-r--r--,2025-06-05T18:47:22Z,cjtinant,staff,16777231,1,0,216644001,4096,0,1073741920,0,2025-07-08T05:50:05Z,2025-07-13T01:08:29Z,2025-06-05T18:47:21Z,gpkg,Semiarid_Edwards_Plateau.gpkg,Semiarid_Edwards_Plateau,nhdphr_flowlines/Semiarid_Edwards_Plateau.gpkg,nhdphr_flowlines,nhdphr_flowlines/Semiarid_Edwards_Plateau,44.92,2025-06-05T18:47:22Z,FALSE
/Users/cjtinant/Documents/Rprojects_not-class/FFA_regional-skew/data/raw/nhdphr_flowlines/Semiarid_Pierre_Shale_Plains.gpkg,file, 108.47M,rw-r--r--,2025-06-05T20:18:35Z,cjtinant,staff,16777231,1,0,216661238,4096,0,1073741920,0,2025-07-08T05:50:05Z,2025-07-13T01:08:29Z,2025-06-05T20:18:33Z,gpkg,Semiarid_Pierre_Shale_Plains.gpkg,Semiarid_Pierre_Shale_Plains,nhdphr_flowlines/Semiarid_Pierre_Shale_Plains.gpkg,nhdphr_flowlines,nhdphr_flowlines/Semiarid_Pierre_Shale_Plains,113.74,2025-06-05T20:18:35Z,FALSE
/Users/cjtinant/Documents/Rprojects_not-class/FFA_regional-skew/data/raw/nhdphr_flowlines/Shield_Smith_Valleys.gpkg,file,  11.08M,rw-r--r--,2025-06-05T20:42:19Z,cjtinant,staff,16777231,1,0,216668602,4096,0,1073741920,0,2025-07-08T05:50:05Z,2025-07-13T01:08:29Z,2025-06-05T20:42:18Z,gpkg,Shield_Smith_Valleys.gpkg,Shield_Smith_Valleys,nhdphr_flowlines/Shield_Smith_Valleys.gpkg,nhdphr_flowlines,nhdphr_flowlines/Shield_Smith_Valleys,11.62,2025-06-05T20:42:19Z,FALSE
/Users/cjtinant/Documents/Rprojects_not-class/FFA_regional-skew/data/raw/nhdphr_flowlines/Shinnery_Sands.gpkg,file,   1.41M,rw-r--r--,2025-06-05T16:37:50Z,cjtinant,staff,16777231,1,0,216623198,4096,0,1073741920,0,2025-07-08T05:50:05Z,2025-07-13T01:08:29Z,2025-06-05T16:37:50Z,gpkg,Shinnery_Sands.gpkg,Shinnery_Sands,nhdphr_flowlines/Shinnery_Sands.gpkg,nhdphr_flowlines,nhdphr_flowlines/Shinnery_Sands,1.48,2025-06-05T16:37:50Z,FALSE
/Users/cjtinant/Documents/Rprojects_not-class/FFA_regional-skew/data/raw/nhdphr_flowlines/Smoky_Hills.gpkg,file,  26.21M,rw-r--r--,2025-06-06T19:14:24Z,cjtinant,staff,16777231,1,0,216912537,4096,0,1073741920,0,2025-07-08T05:50:05Z,2025-07-13T01:08:29Z,2025-06-06T19:14:23Z,gpkg,Smoky_Hills.gpkg,Smoky_Hills,nhdphr_flowlines/Smoky_Hills.gpkg,nhdphr_flowlines,nhdphr_flowlines/Smoky_Hills,27.49,2025-06-06T19:14:24Z,FALSE
/Users/cjtinant/Documents/Rprojects_not-class/FFA_regional-skew/data/raw/nhdphr_flowlines/Southern_Blackland_Fayette_Prairie.gpkg,file,   2.04M,rw-r--r--,2025-06-06T20:32:42Z,cjtinant,staff,16777231,1,0,217014112,4096,0,1073741920,0,2025-07-08T05:50:05Z,2025-07-13T01:08:29Z,2025-06-06T20:32:42Z,gpkg,Southern_Blackland_Fayette_Prairie.gpkg,Southern_Blackland_Fayette_Prairie,nhdphr_flowlines/Southern_Blackland_Fayette_Prairie.gpkg,nhdphr_flowlines,nhdphr_flowlines/Southern_Blackland_Fayette_Prairie,2.14,2025-06-06T20:32:42Z,FALSE
/Users/cjtinant/Documents/Rprojects_not-class/FFA_regional-skew/data/raw/nhdphr_flowlines/Southern_Missouri_Coteau.gpkg,file,   9.7M,rw-r--r--,2025-06-05T19:36:46Z,cjtinant,staff,16777231,1,0,216653098,4096,0,1073741920,0,2025-07-08T05:50:05Z,2025-07-13T01:08:29Z,2025-06-05T19:36:46Z,gpkg,Southern_Missouri_Coteau.gpkg,Southern_Missouri_Coteau,nhdphr_flowlines/Southern_Missouri_Coteau.gpkg,nhdphr_flowlines,nhdphr_flowlines/Southern_Missouri_Coteau,10.17,2025-06-05T19:36:46Z,FALSE
/Users/cjtinant/Documents/Rprojects_not-class/FFA_regional-skew/data/raw/nhdphr_flowlines/Southern_Missouri_Coteau_Slope.gpkg,file,  13.76M,rw-r--r--,2025-06-05T19:38:07Z,cjtinant,staff,16777231,1,0,216653187,4096,0,1073741920,0,2025-07-08T05:50:05Z,2025-07-13T01:08:29Z,2025-06-05T19:38:07Z,gpkg,Southern_Missouri_Coteau_Slope.gpkg,Southern_Missouri_Coteau_Slope,nhdphr_flowlines/Southern_Missouri_Coteau_Slope.gpkg,nhdphr_flowlines,nhdphr_flowlines/Southern_Missouri_Coteau_Slope,14.43,2025-06-05T19:38:07Z,FALSE
/Users/cjtinant/Documents/Rprojects_not-class/FFA_regional-skew/data/raw/nhdphr_flowlines/Southern_New_Mexico_Dissected_Plains.gpkg,file,  11.17M,rw-r--r--,2025-06-05T17:19:29Z,cjtinant,staff,16777231,1,0,216633024,4096,0,1073741920,0,2025-07-08T05:50:05Z,2025-07-13T01:08:29Z,2025-06-05T17:19:29Z,gpkg,Southern_New_Mexico_Dissected_Plains.gpkg,Southern_New_Mexico_Dissected_Plains,nhdphr_flowlines/Southern_New_Mexico_Dissected_Plains.gpkg,nhdphr_flowlines,nhdphr_flowlines/Southern_New_Mexico_Dissected_Plains,11.71,2025-06-05T17:19:29Z,FALSE
/Users/cjtinant/Documents/Rprojects_not-class/FFA_regional-skew/data/raw/nhdphr_flowlines/Southern_River_Breaks.gpkg,file,  15.05M,rw-r--r--,2025-06-05T19:40:46Z,cjtinant,staff,16777231,1,0,216653488,4096,0,1073741920,0,2025-07-08T05:50:05Z,2025-07-13T01:08:29Z,2025-06-05T19:40:46Z,gpkg,Southern_River_Breaks.gpkg,Southern_River_Breaks,nhdphr_flowlines/Southern_River_Breaks.gpkg,nhdphr_flowlines,nhdphr_flowlines/Southern_River_Breaks,15.79,2025-06-05T19:40:46Z,FALSE
/Users/cjtinant/Documents/Rprojects_not-class/FFA_regional-skew/data/raw/nhdphr_flowlines/Southern_Subhumid_Gulf_Coastal_Prairies.gpkg,file,   7.95M,rw-r--r--,2025-06-05T19:01:58Z,cjtinant,staff,16777231,1,0,216645090,4096,0,1073741920,0,2025-07-08T05:50:05Z,2025-07-13T01:08:29Z,2025-06-05T19:01:58Z,gpkg,Southern_Subhumid_Gulf_Coastal_Prairies.gpkg,Southern_Subhumid_Gulf_Coastal_Prairies,nhdphr_flowlines/Southern_Subhumid_Gulf_Coastal_Prairies.gpkg,nhdphr_flowlines,nhdphr_flowlines/Southern_Subhumid_Gulf_Coastal_Prairies,8.33,2025-06-05T19:01:58Z,FALSE
/Users/cjtinant/Documents/Rprojects_not-class/FFA_regional-skew/data/raw/nhdphr_flowlines/Steeply_Rolling_Loess_Prairies.gpkg,file,  50.62M,rw-r--r--,2025-06-05T21:27:49Z,cjtinant,staff,16777231,1,0,216676778,4096,0,1073741920,0,2025-07-08T05:50:05Z,2025-07-13T01:08:29Z,2025-06-05T21:27:48Z,gpkg,Steeply_Rolling_Loess_Prairies.gpkg,Steeply_Rolling_Loess_Prairies,nhdphr_flowlines/Steeply_Rolling_Loess_Prairies.gpkg,nhdphr_flowlines,nhdphr_flowlines/Steeply_Rolling_Loess_Prairies,53.08,2025-06-05T21:27:49Z,FALSE
/Users/cjtinant/Documents/Rprojects_not-class/FFA_regional-skew/data/raw/nhdphr_flowlines/Subhumid_Pierre_Shale_Plains.gpkg,file,  52.93M,rw-r--r--,2025-06-05T20:12:43Z,cjtinant,staff,16777231,1,0,216661044,4096,0,1073741920,0,2025-07-08T05:50:05Z,2025-07-13T01:08:29Z,2025-06-05T20:12:42Z,gpkg,Subhumid_Pierre_Shale_Plains.gpkg,Subhumid_Pierre_Shale_Plains,nhdphr_flowlines/Subhumid_Pierre_Shale_Plains.gpkg,nhdphr_flowlines,nhdphr_flowlines/Subhumid_Pierre_Shale_Plains,55.5,2025-06-05T20:12:43Z,FALSE
/Users/cjtinant/Documents/Rprojects_not-class/FFA_regional-skew/data/raw/nhdphr_flowlines/Sweetgrass_Uplands.gpkg,file,   2.14M,rw-r--r--,2025-06-05T19:47:46Z,cjtinant,staff,16777231,1,0,216654018,4096,0,1073741920,0,2025-07-08T05:50:05Z,2025-07-13T01:08:29Z,2025-06-05T19:47:46Z,gpkg,Sweetgrass_Uplands.gpkg,Sweetgrass_Uplands,nhdphr_flowlines/Sweetgrass_Uplands.gpkg,nhdphr_flowlines,nhdphr_flowlines/Sweetgrass_Uplands,2.24,2025-06-05T19:47:46Z,FALSE
/Users/cjtinant/Documents/Rprojects_not-class/FFA_regional-skew/data/raw/nhdphr_flowlines/Tewaukon_Big_Stone_Stagnation_Moraine.gpkg,file,   2.62M,rw-r--r--,2025-06-06T20:32:42Z,cjtinant,staff,16777231,1,0,217014125,4096,0,1073741920,0,2025-07-08T05:50:05Z,2025-07-13T01:08:29Z,2025-06-06T20:32:42Z,gpkg,Tewaukon_Big_Stone_Stagnation_Moraine.gpkg,Tewaukon_Big_Stone_Stagnation_Moraine,nhdphr_flowlines/Tewaukon_Big_Stone_Stagnation_Moraine.gpkg,nhdphr_flowlines,nhdphr_flowlines/Tewaukon_Big_Stone_Stagnation_Moraine,2.75,2025-06-06T20:32:42Z,FALSE
/Users/cjtinant/Documents/Rprojects_not-class/FFA_regional-skew/data/raw/nhdphr_flowlines/Texas_Louisiana_Coastal_Marshes.gpkg,file,  11.98M,rw-r--r--,2025-06-05T19:04:48Z,cjtinant,staff,16777231,1,0,216645437,4096,0,1073741920,0,2025-07-08T05:50:05Z,2025-07-13T01:08:29Z,2025-06-05T19:04:47Z,gpkg,Texas_Louisiana_Coastal_Marshes.gpkg,Texas_Louisiana_Coastal_Marshes,nhdphr_flowlines/Texas_Louisiana_Coastal_Marshes.gpkg,nhdphr_flowlines,nhdphr_flowlines/Texas_Louisiana_Coastal_Marshes,12.56,2025-06-05T19:04:48Z,FALSE
/Users/cjtinant/Documents/Rprojects_not-class/FFA_regional-skew/data/raw/nhdphr_flowlines/Texas_Tamaulipan_Thornscrub.gpkg,file,  92.01M,rw-r--r--,2025-06-05T18:52:21Z,cjtinant,staff,16777231,1,0,216644396,4096,0,1073741920,0,2025-07-08T05:50:05Z,2025-07-13T01:08:29Z,2025-06-05T18:52:19Z,gpkg,Texas_Tamaulipan_Thornscrub.gpkg,Texas_Tamaulipan_Thornscrub,nhdphr_flowlines/Texas_Tamaulipan_Thornscrub.gpkg,nhdphr_flowlines,nhdphr_flowlines/Texas_Tamaulipan_Thornscrub,96.48,2025-06-05T18:52:21Z,FALSE
/Users/cjtinant/Documents/Rprojects_not-class/FFA_regional-skew/data/raw/nhdphr_flowlines/Transitional_Sandy_Plain.gpkg,file,   9.03M,rw-r--r--,2025-06-05T21:51:12Z,cjtinant,staff,16777231,1,0,216681813,4096,0,1073741920,0,2025-07-08T05:50:05Z,2025-07-13T01:08:29Z,2025-06-05T21:51:12Z,gpkg,Transitional_Sandy_Plain.gpkg,Transitional_Sandy_Plain,nhdphr_flowlines/Transitional_Sandy_Plain.gpkg,nhdphr_flowlines,nhdphr_flowlines/Transitional_Sandy_Plain,9.47,2025-06-05T21:51:12Z,FALSE
/Users/cjtinant/Documents/Rprojects_not-class/FFA_regional-skew/data/raw/nhdphr_flowlines/Turtle_Mountains.gpkg,file,   2.11M,rw-r--r--,2025-06-05T20:59:54Z,cjtinant,staff,16777231,1,0,216669654,4096,0,1073741920,0,2025-07-08T05:50:05Z,2025-07-13T01:08:29Z,2025-06-05T20:59:54Z,gpkg,Turtle_Mountains.gpkg,Turtle_Mountains,nhdphr_flowlines/Turtle_Mountains.gpkg,nhdphr_flowlines,nhdphr_flowlines/Turtle_Mountains,2.22,2025-06-05T20:59:54Z,FALSE
/Users/cjtinant/Documents/Rprojects_not-class/FFA_regional-skew/data/raw/nhdphr_flowlines/Unglaciated_Montana_High_Plains.gpkg,file,  17.88M,rw-r--r--,2025-06-05T20:35:55Z,cjtinant,staff,16777231,1,0,216668045,4096,0,1073741920,0,2025-07-08T05:50:05Z,2025-07-13T01:08:29Z,2025-06-05T20:35:54Z,gpkg,Unglaciated_Montana_High_Plains.gpkg,Unglaciated_Montana_High_Plains,nhdphr_flowlines/Unglaciated_Montana_High_Plains.gpkg,nhdphr_flowlines,nhdphr_flowlines/Unglaciated_Montana_High_Plains,18.75,2025-06-05T20:35:55Z,FALSE
/Users/cjtinant/Documents/Rprojects_not-class/FFA_regional-skew/data/raw/nhdphr_flowlines/Upper_Canadian_Plateau.gpkg,file,  24.01M,rw-r--r--,2025-06-05T17:09:28Z,cjtinant,staff,16777231,1,0,216630923,4096,0,1073741920,0,2025-07-08T05:50:05Z,2025-07-13T01:08:29Z,2025-06-05T17:09:27Z,gpkg,Upper_Canadian_Plateau.gpkg,Upper_Canadian_Plateau,nhdphr_flowlines/Upper_Canadian_Plateau.gpkg,nhdphr_flowlines,nhdphr_flowlines/Upper_Canadian_Plateau,25.18,2025-06-05T17:09:28Z,FALSE
/Users/cjtinant/Documents/Rprojects_not-class/FFA_regional-skew/data/raw/nhdphr_flowlines/Western_Cross_Timbers.gpkg,file, 106.98M,rw-r--r--,2025-06-05T18:25:28Z,cjtinant,staff,16777231,1,0,216642392,4096,0,1073741920,0,2025-07-08T05:50:05Z,2025-07-13T01:08:29Z,2025-06-05T18:25:26Z,gpkg,Western_Cross_Timbers.gpkg,Western_Cross_Timbers,nhdphr_flowlines/Western_Cross_Timbers.gpkg,nhdphr_flowlines,nhdphr_flowlines/Western_Cross_Timbers,112.17,2025-06-05T18:25:28Z,FALSE
/Users/cjtinant/Documents/Rprojects_not-class/FFA_regional-skew/data/raw/nhdphr_flowlines/Western_Loess_Hills.gpkg,file,  12.88M,rw-r--r--,2025-06-05T21:53:27Z,cjtinant,staff,16777231,1,0,216681984,4096,0,1073741920,0,2025-07-08T05:50:05Z,2025-07-13T01:08:29Z,2025-06-05T21:53:27Z,gpkg,Western_Loess_Hills.gpkg,Western_Loess_Hills,nhdphr_flowlines/Western_Loess_Hills.gpkg,nhdphr_flowlines,nhdphr_flowlines/Western_Loess_Hills,13.5,2025-06-05T21:53:27Z,FALSE
/Users/cjtinant/Documents/Rprojects_not-class/FFA_regional-skew/data/raw/nhdphr_flowlines/Wet_Meadow_and_Marsh_Plain.gpkg,file,   9.57M,rw-r--r--,2025-06-05T20:58:40Z,cjtinant,staff,16777231,1,0,216669451,4096,0,1073741920,0,2025-07-08T05:50:05Z,2025-07-13T01:08:29Z,2025-06-05T20:58:40Z,gpkg,Wet_Meadow_and_Marsh_Plain.gpkg,Wet_Meadow_and_Marsh_Plain,nhdphr_flowlines/Wet_Meadow_and_Marsh_Plain.gpkg,nhdphr_flowlines,nhdphr_flowlines/Wet_Meadow_and_Marsh_Plain,10.04,2025-06-05T20:58:40Z,FALSE
/Users/cjtinant/Documents/Rprojects_not-class/FFA_regional-skew/data/raw/nhdphr_flowlines/White_River_Badlands.gpkg,file,  19.16M,rw-r--r--,2025-06-05T20:20:13Z,cjtinant,staff,16777231,1,0,216661374,4096,0,1073741920,0,2025-07-08T05:50:05Z,2025-07-13T01:08:29Z,2025-06-05T20:20:12Z,gpkg,White_River_Badlands.gpkg,White_River_Badlands,nhdphr_flowlines/White_River_Badlands.gpkg,nhdphr_flowlines,nhdphr_flowlines/White_River_Badlands,20.09,2025-06-05T20:20:13Z,FALSE
/Users/cjtinant/Documents/Rprojects_not-class/FFA_regional-skew/data/raw/nhdphr_flowlines/Wichita_Mountains.gpkg,file,   3.46M,rw-r--r--,2025-06-05T17:57:15Z,cjtinant,staff,16777231,1,0,216635594,4096,0,1073741920,0,2025-07-08T05:50:05Z,2025-07-13T01:08:29Z,2025-06-05T17:57:15Z,gpkg,Wichita_Mountains.gpkg,Wichita_Mountains,nhdphr_flowlines/Wichita_Mountains.gpkg,nhdphr_flowlines,nhdphr_flowlines/Wichita_Mountains,3.62,2025-06-05T17:57:15Z,FALSE
/Users/cjtinant/Documents/Rprojects_not-class/FFA_regional-skew/data/raw/nhdphr_flowlines/Wooded_Osage_Plains.gpkg,file,  45.44M,rw-r--r--,2025-06-05T19:17:11Z,cjtinant,staff,16777231,1,0,216651817,4096,0,1073741920,0,2025-07-08T05:50:05Z,2025-07-13T01:08:29Z,2025-06-05T19:17:10Z,gpkg,Wooded_Osage_Plains.gpkg,Wooded_Osage_Plains,nhdphr_flowlines/Wooded_Osage_Plains.gpkg,nhdphr_flowlines,nhdphr_flowlines/Wooded_Osage_Plains,47.64,2025-06-05T19:17:11Z,FALSE
/Users/cjtinant/Documents/Rprojects_not-class/FFA_regional-skew/data/raw/nhdplus_v21/nhdv21_catchments.gpkg,file, 682.7M,rw-r--r--,2025-06-04T20:35:01Z,cjtinant,staff,16777231,1,0,216384845,4096,0,1073741920,0,2025-06-30T02:55:56Z,2025-07-13T01:10:36Z,2025-06-04T20:34:53Z,gpkg,nhdv21_catchments.gpkg,nhdv21_catchments,nhdplus_v21/nhdv21_catchments.gpkg,nhdplus_v21,nhdplus_v21/nhdv21_catchments,715.86,2025-06-04T20:35:01Z,FALSE
/Users/cjtinant/Documents/Rprojects_not-class/FFA_regional-skew/data/raw/nhdplus_v21/nhd_flowline_v21.gpkg,file, 332.08M,rw-r--r--,2025-06-04T20:34:43Z,cjtinant,staff,16777231,1,0,216384640,4096,0,1073741920,0,2025-06-30T02:55:56Z,2025-07-13T01:10:36Z,2025-06-04T20:34:32Z,gpkg,nhd_flowline_v21.gpkg,nhd_flowline_v21,nhdplus_v21/nhd_flowline_v21.gpkg,nhdplus_v21,nhdplus_v21/nhd_flowline_v21,348.21,2025-06-04T20:34:43Z,FALSE
/Users/cjtinant/Documents/Rprojects_not-class/FFA_regional-skew/data/raw/peakflow_gages/data_pk_filtered.csv,file,   2.06M,rw-r--r--,2025-07-06T21:42:08Z,cjtinant,staff,16777231,1,0,227333748,4096,0,1073741920,0,2025-07-06T21:42:17Z,2025-07-13T01:10:36Z,2025-07-06T21:42:08Z,csv,data_pk_filtered.csv,data_pk_filtered,peakflow_gages/data_pk_filtered.csv,peakflow_gages,peakflow_gages/data_pk_filtered,2.16,2025-07-06T21:42:08Z,FALSE
/Users/cjtinant/Documents/Rprojects_not-class/FFA_regional-skew/data/raw/peakflow_gages/sites_all_in_bb.csv,file,   1.13M,rw-r--r--,2025-07-05T18:47:05Z,cjtinant,staff,16777231,1,0,197504573,4096,0,1073741920,0,2025-07-05T22:34:14Z,2025-07-13T01:10:36Z,2025-04-12T18:17:49Z,csv,sites_all_in_bb.csv,sites_all_in_bb,peakflow_gages/sites_all_in_bb.csv,peakflow_gages,peakflow_gages/sites_all_in_bb,1.19,2025-07-05T18:47:05Z,FALSE
/Users/cjtinant/Documents/Rprojects_not-class/FFA_regional-skew/data/raw/peakflow_gages/sites_all_peak_in_bb.csv,file,   1.11M,rw-r--r--,2025-04-12T18:17:49Z,cjtinant,staff,16777231,1,0,197504574,4096,0,1073741920,0,2025-06-30T00:48:45Z,2025-07-13T01:10:36Z,2025-04-12T18:17:49Z,csv,sites_all_peak_in_bb.csv,sites_all_peak_in_bb,peakflow_gages/sites_all_peak_in_bb.csv,peakflow_gages,peakflow_gages/sites_all_peak_in_bb,1.17,2025-04-12T18:17:49Z,FALSE
/Users/cjtinant/Documents/Rprojects_not-class/FFA_regional-skew/data/raw/peakflow_gages/sites_pk_eco_only.csv,file, 375.8K,rw-r--r--,2025-07-05T19:06:21Z,cjtinant,staff,16777231,1,0,222565694,4096,0,1073741920,0,2025-07-10T00:33:25Z,2025-07-13T01:10:36Z,2025-06-23T18:38:33Z,csv,sites_pk_eco_only.csv,sites_pk_eco_only,peakflow_gages/sites_pk_eco_only.csv,peakflow_gages,peakflow_gages/sites_pk_eco_only,0.38,2025-07-05T19:06:21Z,TRUE
/Users/cjtinant/Documents/Rprojects_not-class/FFA_regional-skew/data/raw/peakflow_gages/sites_pk_eco_only.gpkg,file,   1.17M,rw-r--r--,2025-07-05T19:06:15Z,cjtinant,staff,16777231,1,0,222565761,4096,0,1073741920,0,2025-07-05T19:06:15Z,2025-07-13T01:10:36Z,2025-06-23T18:38:37Z,gpkg,sites_pk_eco_only.gpkg,sites_pk_eco_only,peakflow_gages/sites_pk_eco_only.gpkg,peakflow_gages,peakflow_gages/sites_pk_eco_only,1.22,2025-07-05T19:06:15Z,TRUE
/Users/cjtinant/Documents/Rprojects_not-class/FFA_regional-skew/data/raw/peakflow_gages/usgs_data_pk_all.csv,file,   9.04M,rw-r--r--,2025-07-06T19:32:37Z,cjtinant,staff,16777231,1,0,227288860,4096,0,1073741920,0,2025-07-10T04:41:23Z,2025-07-13T01:10:36Z,2025-07-06T19:32:37Z,csv,usgs_data_pk_all.csv,usgs_data_pk_all,peakflow_gages/usgs_data_pk_all.csv,peakflow_gages,peakflow_gages/usgs_data_pk_all,9.48,2025-07-06T19:32:37Z,FALSE
/Users/cjtinant/Documents/Rprojects_not-class/FFA_regional-skew/data/raw/peakflow_gages/usgs_site_metadata_vars.csv,file, 500,rw-r--r--,2025-07-09T22:51:14Z,cjtinant,staff,16777231,1,0,227033173,4096,0,1073741920,0,2025-07-10T00:33:25Z,2025-07-13T01:10:36Z,2025-07-05T23:22:11Z,csv,usgs_site_metadata_vars.csv,usgs_site_metadata_vars,peakflow_gages/usgs_site_metadata_vars.csv,peakflow_gages,peakflow_gages/usgs_site_metadata_vars,0,2025-07-09T22:51:14Z,FALSE
/Users/cjtinant/Documents/Rprojects_not-class/FFA_regional-skew/data/raw/peakflow_gages/usgs_sites_pk_ST_only.csv,file,   1.17M,rw-r--r--,2025-07-05T23:18:20Z,cjtinant,staff,16777231,1,0,226992906,4096,0,1073741920,0,2025-07-10T00:33:25Z,2025-07-13T01:10:36Z,2025-07-05T20:55:25Z,csv,usgs_sites_pk_ST_only.csv,usgs_sites_pk_ST_only,peakflow_gages/usgs_sites_pk_ST_only.csv,peakflow_gages,peakflow_gages/usgs_sites_pk_ST_only,1.22,2025-07-05T23:18:20Z,FALSE
/Users/cjtinant/Documents/Rprojects_not-class/FFA_regional-skew/data/raw/prism/PRISM_ppt_30yr_normal_800mM4_01_bil/PRISM_ppt_30yr_normal_800mM4_01_bil.stn.csv,file,   1.19M,rw-r--r--,2025-05-13T21:29:20Z,cjtinant,staff,16777231,1,0,208823111,4096,0,1073741920,0,2025-06-30T02:55:58Z,2025-07-13T01:10:35Z,2025-05-13T21:29:20Z,csv,PRISM_ppt_30yr_normal_800mM4_01_bil.stn.csv,PRISM_ppt_30yr_normal_800mM4_01_bil.stn,prism/PRISM_ppt_30yr_normal_800mM4_01_bil/PRISM_ppt_30yr_normal_800mM4_01_bil.stn.csv,prism,prism/PRISM_ppt_30yr_normal_800mM4_01_bil.stn,1.25,2025-05-13T21:29:20Z,FALSE
/Users/cjtinant/Documents/Rprojects_not-class/FFA_regional-skew/data/raw/prism/PRISM_ppt_30yr_normal_800mM4_02_bil/PRISM_ppt_30yr_normal_800mM4_02_bil.stn.csv,file,   1.19M,rw-r--r--,2025-05-13T21:29:33Z,cjtinant,staff,16777231,1,0,208823236,4096,0,1073741920,0,2025-06-30T02:55:58Z,2025-07-13T01:10:35Z,2025-05-13T21:29:33Z,csv,PRISM_ppt_30yr_normal_800mM4_02_bil.stn.csv,PRISM_ppt_30yr_normal_800mM4_02_bil.stn,prism/PRISM_ppt_30yr_normal_800mM4_02_bil/PRISM_ppt_30yr_normal_800mM4_02_bil.stn.csv,prism,prism/PRISM_ppt_30yr_normal_800mM4_02_bil.stn,1.25,2025-05-13T21:29:33Z,FALSE
/Users/cjtinant/Documents/Rprojects_not-class/FFA_regional-skew/data/raw/prism/PRISM_ppt_30yr_normal_800mM4_03_bil/PRISM_ppt_30yr_normal_800mM4_03_bil.stn.csv,file,   1.18M,rw-r--r--,2025-05-13T21:29:36Z,cjtinant,staff,16777231,1,0,208823306,4096,0,1073741920,0,2025-06-30T02:55:56Z,2025-07-13T01:10:35Z,2025-05-13T21:29:36Z,csv,PRISM_ppt_30yr_normal_800mM4_03_bil.stn.csv,PRISM_ppt_30yr_normal_800mM4_03_bil.stn,prism/PRISM_ppt_30yr_normal_800mM4_03_bil/PRISM_ppt_30yr_normal_800mM4_03_bil.stn.csv,prism,prism/PRISM_ppt_30yr_normal_800mM4_03_bil.stn,1.23,2025-05-13T21:29:36Z,FALSE
/Users/cjtinant/Documents/Rprojects_not-class/FFA_regional-skew/data/raw/prism/PRISM_ppt_30yr_normal_800mM4_04_bil/PRISM_ppt_30yr_normal_800mM4_04_bil.stn.csv,file,   1.26M,rw-r--r--,2025-05-13T21:29:39Z,cjtinant,staff,16777231,1,0,208823377,4096,0,1073741920,0,2025-06-30T02:55:58Z,2025-07-13T01:10:35Z,2025-05-13T21:29:39Z,csv,PRISM_ppt_30yr_normal_800mM4_04_bil.stn.csv,PRISM_ppt_30yr_normal_800mM4_04_bil.stn,prism/PRISM_ppt_30yr_normal_800mM4_04_bil/PRISM_ppt_30yr_normal_800mM4_04_bil.stn.csv,prism,prism/PRISM_ppt_30yr_normal_800mM4_04_bil.stn,1.32,2025-05-13T21:29:39Z,FALSE
/Users/cjtinant/Documents/Rprojects_not-class/FFA_regional-skew/data/raw/prism/PRISM_ppt_30yr_normal_800mM4_05_bil/PRISM_ppt_30yr_normal_800mM4_05_bil.stn.csv,file,   1.34M,rw-r--r--,2025-05-13T21:29:42Z,cjtinant,staff,16777231,1,0,208823445,4096,0,1073741920,0,2025-06-30T02:56:00Z,2025-07-13T01:10:35Z,2025-05-13T21:29:42Z,csv,PRISM_ppt_30yr_normal_800mM4_05_bil.stn.csv,PRISM_ppt_30yr_normal_800mM4_05_bil.stn,prism/PRISM_ppt_30yr_normal_800mM4_05_bil/PRISM_ppt_30yr_normal_800mM4_05_bil.stn.csv,prism,prism/PRISM_ppt_30yr_normal_800mM4_05_bil.stn,1.4,2025-05-13T21:29:42Z,FALSE
/Users/cjtinant/Documents/Rprojects_not-class/FFA_regional-skew/data/raw/prism/PRISM_ppt_30yr_normal_800mM4_06_bil/PRISM_ppt_30yr_normal_800mM4_06_bil.stn.csv,file,   1.34M,rw-r--r--,2025-05-13T21:29:56Z,cjtinant,staff,16777231,1,0,208823615,4096,0,1073741920,0,2025-06-30T02:56:00Z,2025-07-13T01:10:35Z,2025-05-13T21:29:56Z,csv,PRISM_ppt_30yr_normal_800mM4_06_bil.stn.csv,PRISM_ppt_30yr_normal_800mM4_06_bil.stn,prism/PRISM_ppt_30yr_normal_800mM4_06_bil/PRISM_ppt_30yr_normal_800mM4_06_bil.stn.csv,prism,prism/PRISM_ppt_30yr_normal_800mM4_06_bil.stn,1.4,2025-05-13T21:29:56Z,FALSE
/Users/cjtinant/Documents/Rprojects_not-class/FFA_regional-skew/data/raw/prism/PRISM_ppt_30yr_normal_800mM4_07_bil/PRISM_ppt_30yr_normal_800mM4_07_bil.stn.csv,file,   1.33M,rw-r--r--,2025-05-13T21:30:00Z,cjtinant,staff,16777231,1,0,208823695,4096,0,1073741920,0,2025-06-30T02:56:00Z,2025-07-13T01:10:35Z,2025-05-13T21:30:00Z,csv,PRISM_ppt_30yr_normal_800mM4_07_bil.stn.csv,PRISM_ppt_30yr_normal_800mM4_07_bil.stn,prism/PRISM_ppt_30yr_normal_800mM4_07_bil/PRISM_ppt_30yr_normal_800mM4_07_bil.stn.csv,prism,prism/PRISM_ppt_30yr_normal_800mM4_07_bil.stn,1.4,2025-05-13T21:30:00Z,FALSE
/Users/cjtinant/Documents/Rprojects_not-class/FFA_regional-skew/data/raw/prism/PRISM_ppt_30yr_normal_800mM4_08_bil/PRISM_ppt_30yr_normal_800mM4_08_bil.stn.csv,file,   1.34M,rw-r--r--,2025-05-13T21:30:03Z,cjtinant,staff,16777231,1,0,208823760,4096,0,1073741920,0,2025-06-30T02:56:00Z,2025-07-13T01:10:35Z,2025-05-13T21:30:03Z,csv,PRISM_ppt_30yr_normal_800mM4_08_bil.stn.csv,PRISM_ppt_30yr_normal_800mM4_08_bil.stn,prism/PRISM_ppt_30yr_normal_800mM4_08_bil/PRISM_ppt_30yr_normal_800mM4_08_bil.stn.csv,prism,prism/PRISM_ppt_30yr_normal_800mM4_08_bil.stn,1.41,2025-05-13T21:30:03Z,FALSE
/Users/cjtinant/Documents/Rprojects_not-class/FFA_regional-skew/data/raw/prism/PRISM_ppt_30yr_normal_800mM4_09_bil/PRISM_ppt_30yr_normal_800mM4_09_bil.stn.csv,file,   1.35M,rw-r--r--,2025-05-13T21:30:17Z,cjtinant,staff,16777231,1,0,208823870,4096,0,1073741920,0,2025-06-30T02:56:00Z,2025-07-13T01:10:35Z,2025-05-13T21:30:17Z,csv,PRISM_ppt_30yr_normal_800mM4_09_bil.stn.csv,PRISM_ppt_30yr_normal_800mM4_09_bil.stn,prism/PRISM_ppt_30yr_normal_800mM4_09_bil/PRISM_ppt_30yr_normal_800mM4_09_bil.stn.csv,prism,prism/PRISM_ppt_30yr_normal_800mM4_09_bil.stn,1.42,2025-05-13T21:30:17Z,FALSE
/Users/cjtinant/Documents/Rprojects_not-class/FFA_regional-skew/data/raw/prism/PRISM_ppt_30yr_normal_800mM4_10_bil/PRISM_ppt_30yr_normal_800mM4_10_bil.stn.csv,file,   1.24M,rw-r--r--,2025-05-13T21:30:20Z,cjtinant,staff,16777231,1,0,208823936,4096,0,1073741920,0,2025-06-30T02:55:58Z,2025-07-13T01:10:35Z,2025-05-13T21:30:20Z,csv,PRISM_ppt_30yr_normal_800mM4_10_bil.stn.csv,PRISM_ppt_30yr_normal_800mM4_10_bil.stn,prism/PRISM_ppt_30yr_normal_800mM4_10_bil/PRISM_ppt_30yr_normal_800mM4_10_bil.stn.csv,prism,prism/PRISM_ppt_30yr_normal_800mM4_10_bil.stn,1.3,2025-05-13T21:30:20Z,FALSE
/Users/cjtinant/Documents/Rprojects_not-class/FFA_regional-skew/data/raw/prism/PRISM_ppt_30yr_normal_800mM4_11_bil/PRISM_ppt_30yr_normal_800mM4_11_bil.stn.csv,file,   1.23M,rw-r--r--,2025-05-13T21:30:22Z,cjtinant,staff,16777231,1,0,208823997,4096,0,1073741920,0,2025-06-30T02:55:58Z,2025-07-13T01:10:35Z,2025-05-13T21:30:22Z,csv,PRISM_ppt_30yr_normal_800mM4_11_bil.stn.csv,PRISM_ppt_30yr_normal_800mM4_11_bil.stn,prism/PRISM_ppt_30yr_normal_800mM4_11_bil/PRISM_ppt_30yr_normal_800mM4_11_bil.stn.csv,prism,prism/PRISM_ppt_30yr_normal_800mM4_11_bil.stn,1.29,2025-05-13T21:30:22Z,FALSE
/Users/cjtinant/Documents/Rprojects_not-class/FFA_regional-skew/data/raw/prism/PRISM_ppt_30yr_normal_800mM4_12_bil/PRISM_ppt_30yr_normal_800mM4_12_bil.stn.csv,file,   1.2M,rw-r--r--,2025-05-13T21:30:26Z,cjtinant,staff,16777231,1,0,208824061,4096,0,1073741920,0,2025-06-30T02:55:58Z,2025-07-13T01:10:35Z,2025-05-13T21:30:26Z,csv,PRISM_ppt_30yr_normal_800mM4_12_bil.stn.csv,PRISM_ppt_30yr_normal_800mM4_12_bil.stn,prism/PRISM_ppt_30yr_normal_800mM4_12_bil/PRISM_ppt_30yr_normal_800mM4_12_bil.stn.csv,prism,prism/PRISM_ppt_30yr_normal_800mM4_12_bil.stn,1.26,2025-05-13T21:30:26Z,FALSE
/Users/cjtinant/Documents/Rprojects_not-class/FFA_regional-skew/data/raw/statsgo2/mapunit_statsgo2_gp.csv,file,  82,rw-r--r--,2025-06-28T20:20:51Z,cjtinant,staff,16777231,1,0,224861425,4096,0,1073741920,0,2025-06-30T01:25:37Z,2025-07-13T01:10:35Z,2025-06-28T20:20:51Z,csv,mapunit_statsgo2_gp.csv,mapunit_statsgo2_gp,statsgo2/mapunit_statsgo2_gp.csv,statsgo2,statsgo2/mapunit_statsgo2_gp,0,2025-06-28T20:20:51Z,FALSE
