variable,vif
tmean_ann_c,739.218620623189
tmean_m01_c,447.274497345254
tmean_m06_c,177.9542542778479
dec_lat_va,86.16488254152573
ppt_m11_mm,52.66310908894279
ppt_m12_mm,36.399124563251775
dec_long_va,24.523157516452198
ppt_m10_mm,18.67469591642931
ppt_m04_mm,12.817979331286816
ppt_m05_mm,9.3953348245669
slope_deg,1.0501206757740515
